
/* Generated on Wed Nov 26 17:00:32 2025 from -i */
/* Re-sized : False */
/* Rotated : 0.0 deg */



#include "arm_2d.h"

#if defined(__clang__)
#   pragma clang diagnostic push
#   pragma clang diagnostic ignored "-Wunknown-warning-option"
#   pragma clang diagnostic ignored "-Wreserved-identifier"
#   pragma clang diagnostic ignored "-Wmissing-variable-declarations"
#   pragma clang diagnostic ignored "-Wcast-qual"
#elif defined(__IS_COMPILER_ARM_COMPILER_5__)
#   pragma diag_suppress=1296
#endif


ARM_ALIGN(4) ARM_SECTION("arm2d.asset.c_bmp_arc_quarter_mask_png_Alpha")
static const uint8_t c_bmp_arc_quarter_mask_png_Alpha[53*53] = {
/* -0- */
0x00, 0x00, 0x00, 0x00, 0x00, 0x00, 0x00, 0x00, 0x00, 0x00, 0x00, 0x00, 0x00, 0x00, 0x00, 0x00,
0x00, 0x00, 0x00, 0x00, 0x00, 0x00, 0x00, 0x00, 0x00, 0x00, 0x00, 0x00, 0x00, 0x00, 0x00, 0x00,
0x00, 0x00, 0x00, 0x00, 0x00, 0x00, 0x00, 0x00, 0x00, 0x00, 0xff, 0xff, 0xff, 0xff, 0xff, 0xff,
0xff, 0xff, 0xff, 0xff, 0xff, 
/* -1- */
0x00, 0x00, 0x00, 0x00, 0x00, 0x00, 0x00, 0x00, 0x00, 0x00, 0x00, 0x00, 0x00, 0x00, 0x00, 0x00,
0x00, 0x00, 0x00, 0x00, 0x00, 0x00, 0x00, 0x00, 0x00, 0x00, 0x00, 0x00, 0x00, 0x00, 0x00, 0x00,
0x00, 0x00, 0x00, 0x00, 0x00, 0x00, 0xff, 0xff, 0xff, 0xff, 0xff, 0xff, 0xff, 0xff, 0xff, 0xff,
0xff, 0xff, 0xff, 0xff, 0xff, 
/* -2- */
0x00, 0x00, 0x00, 0x00, 0x00, 0x00, 0x00, 0x00, 0x00, 0x00, 0x00, 0x00, 0x00, 0x00, 0x00, 0x00,
0x00, 0x00, 0x00, 0x00, 0x00, 0x00, 0x00, 0x00, 0x00, 0x00, 0x00, 0x00, 0x00, 0x00, 0x00, 0x00,
0x00, 0x00, 0x00, 0xff, 0xff, 0xff, 0xff, 0xff, 0xff, 0xff, 0xff, 0xff, 0xff, 0xff, 0xff, 0xff,
0xff, 0xff, 0xff, 0xff, 0xff, 
/* -3- */
0x00, 0x00, 0x00, 0x00, 0x00, 0x00, 0x00, 0x00, 0x00, 0x00, 0x00, 0x00, 0x00, 0x00, 0x00, 0x00,
0x00, 0x00, 0x00, 0x00, 0x00, 0x00, 0x00, 0x00, 0x00, 0x00, 0x00, 0x00, 0x00, 0x00, 0x00, 0x00,
0xff, 0xff, 0xff, 0xff, 0xff, 0xff, 0xff, 0xff, 0xff, 0xff, 0xff, 0xff, 0xff, 0xff, 0xff, 0xff,
0xff, 0xff, 0xff, 0xff, 0xff, 
/* -4- */
0x00, 0x00, 0x00, 0x00, 0x00, 0x00, 0x00, 0x00, 0x00, 0x00, 0x00, 0x00, 0x00, 0x00, 0x00, 0x00,
0x00, 0x00, 0x00, 0x00, 0x00, 0x00, 0x00, 0x00, 0x00, 0x00, 0x00, 0x00, 0x00, 0x00, 0xff, 0xff,
0xff, 0xff, 0xff, 0xff, 0xff, 0xff, 0xff, 0xff, 0xff, 0xff, 0xff, 0xff, 0xff, 0xff, 0xff, 0xff,
0xff, 0xff, 0xff, 0xff, 0xff, 
/* -5- */
0x00, 0x00, 0x00, 0x00, 0x00, 0x00, 0x00, 0x00, 0x00, 0x00, 0x00, 0x00, 0x00, 0x00, 0x00, 0x00,
0x00, 0x00, 0x00, 0x00, 0x00, 0x00, 0x00, 0x00, 0x00, 0x00, 0x00, 0x00, 0xff, 0xff, 0xff, 0xff,
0xff, 0xff, 0xff, 0xff, 0xff, 0xff, 0xff, 0xff, 0xff, 0xff, 0xff, 0xff, 0xff, 0xff, 0xff, 0xff,
0xff, 0xff, 0xff, 0xff, 0xff, 
/* -6- */
0x00, 0x00, 0x00, 0x00, 0x00, 0x00, 0x00, 0x00, 0x00, 0x00, 0x00, 0x00, 0x00, 0x00, 0x00, 0x00,
0x00, 0x00, 0x00, 0x00, 0x00, 0x00, 0x00, 0x00, 0x00, 0x00, 0xff, 0xff, 0xff, 0xff, 0xff, 0xff,
0xff, 0xff, 0xff, 0xff, 0xff, 0xff, 0xff, 0xff, 0xff, 0xff, 0xff, 0xff, 0xff, 0xff, 0xff, 0xff,
0xff, 0xff, 0xff, 0xff, 0xff, 
/* -7- */
0x00, 0x00, 0x00, 0x00, 0x00, 0x00, 0x00, 0x00, 0x00, 0x00, 0x00, 0x00, 0x00, 0x00, 0x00, 0x00,
0x00, 0x00, 0x00, 0x00, 0x00, 0x00, 0x00, 0x00, 0xff, 0xff, 0xff, 0xff, 0xff, 0xff, 0xff, 0xff,
0xff, 0xff, 0xff, 0xff, 0xff, 0xff, 0xff, 0xff, 0xff, 0xff, 0xff, 0xff, 0xff, 0xff, 0xff, 0xff,
0xff, 0xff, 0xff, 0xff, 0xff, 
/* -8- */
0x00, 0x00, 0x00, 0x00, 0x00, 0x00, 0x00, 0x00, 0x00, 0x00, 0x00, 0x00, 0x00, 0x00, 0x00, 0x00,
0x00, 0x00, 0x00, 0x00, 0x00, 0x00, 0x00, 0xff, 0xff, 0xff, 0xff, 0xff, 0xff, 0xff, 0xff, 0xff,
0xff, 0xff, 0xff, 0xff, 0xff, 0xff, 0xff, 0xff, 0xff, 0xff, 0xff, 0xff, 0xff, 0xff, 0xff, 0xff,
0xff, 0xff, 0xff, 0xff, 0xff, 
/* -9- */
0x00, 0x00, 0x00, 0x00, 0x00, 0x00, 0x00, 0x00, 0x00, 0x00, 0x00, 0x00, 0x00, 0x00, 0x00, 0x00,
0x00, 0x00, 0x00, 0x00, 0x00, 0xff, 0xff, 0xff, 0xff, 0xff, 0xff, 0xff, 0xff, 0xff, 0xff, 0xff,
0xff, 0xff, 0xff, 0xff, 0xff, 0xff, 0xff, 0xff, 0xff, 0xff, 0xff, 0xff, 0xff, 0xff, 0xff, 0xff,
0xff, 0xff, 0xff, 0xff, 0xff, 
/* -10- */
0x00, 0x00, 0x00, 0x00, 0x00, 0x00, 0x00, 0x00, 0x00, 0x00, 0x00, 0x00, 0x00, 0x00, 0x00, 0x00,
0x00, 0x00, 0x00, 0x00, 0xff, 0xff, 0xff, 0xff, 0xff, 0xff, 0xff, 0xff, 0xff, 0xff, 0xff, 0xff,
0xff, 0xff, 0xff, 0xff, 0xff, 0xff, 0xff, 0xff, 0xff, 0xff, 0xff, 0xff, 0xff, 0xff, 0xff, 0xff,
0xff, 0xff, 0xff, 0xff, 0xff, 
/* -11- */
0x00, 0x00, 0x00, 0x00, 0x00, 0x00, 0x00, 0x00, 0x00, 0x00, 0x00, 0x00, 0x00, 0x00, 0x00, 0x00,
0x00, 0x00, 0x00, 0xff, 0xff, 0xff, 0xff, 0xff, 0xff, 0xff, 0xff, 0xff, 0xff, 0xff, 0xff, 0xff,
0xff, 0xff, 0xff, 0xff, 0xff, 0xff, 0xff, 0xff, 0xff, 0xff, 0xff, 0xff, 0xff, 0xff, 0xff, 0xff,
0xff, 0xff, 0xff, 0xff, 0xff, 
/* -12- */
0x00, 0x00, 0x00, 0x00, 0x00, 0x00, 0x00, 0x00, 0x00, 0x00, 0x00, 0x00, 0x00, 0x00, 0x00, 0x00,
0x00, 0xff, 0xff, 0xff, 0xff, 0xff, 0xff, 0xff, 0xff, 0xff, 0xff, 0xff, 0xff, 0xff, 0xff, 0xff,
0xff, 0xff, 0xff, 0xff, 0xff, 0xff, 0xff, 0xff, 0xff, 0xff, 0xff, 0xff, 0xff, 0xff, 0xff, 0xff,
0xff, 0xff, 0xff, 0xff, 0xff, 
/* -13- */
0x00, 0x00, 0x00, 0x00, 0x00, 0x00, 0x00, 0x00, 0x00, 0x00, 0x00, 0x00, 0x00, 0x00, 0x00, 0x00,
0xff, 0xff, 0xff, 0xff, 0xff, 0xff, 0xff, 0xff, 0xff, 0xff, 0xff, 0xff, 0xff, 0xff, 0xff, 0xff,
0xff, 0xff, 0xff, 0xff, 0xff, 0xff, 0xff, 0xff, 0xff, 0xff, 0xff, 0xff, 0xff, 0xff, 0xff, 0xff,
0xff, 0xff, 0xff, 0xff, 0xff, 
/* -14- */
0x00, 0x00, 0x00, 0x00, 0x00, 0x00, 0x00, 0x00, 0x00, 0x00, 0x00, 0x00, 0x00, 0x00, 0x00, 0xff,
0xff, 0xff, 0xff, 0xff, 0xff, 0xff, 0xff, 0xff, 0xff, 0xff, 0xff, 0xff, 0xff, 0xff, 0xff, 0xff,
0xff, 0xff, 0xff, 0xff, 0xff, 0xff, 0xff, 0xff, 0xff, 0xff, 0xff, 0xff, 0xff, 0xff, 0xff, 0xff,
0xff, 0xff, 0xff, 0xff, 0xff, 
/* -15- */
0x00, 0x00, 0x00, 0x00, 0x00, 0x00, 0x00, 0x00, 0x00, 0x00, 0x00, 0x00, 0x00, 0x00, 0xff, 0xff,
0xff, 0xff, 0xff, 0xff, 0xff, 0xff, 0xff, 0xff, 0xff, 0xff, 0xff, 0xff, 0xff, 0xff, 0xff, 0xff,
0xff, 0xff, 0xff, 0xff, 0xff, 0xff, 0xff, 0xff, 0xff, 0xff, 0xff, 0xff, 0xff, 0xff, 0xff, 0xff,
0xff, 0xff, 0xff, 0xff, 0xff, 
/* -16- */
0x00, 0x00, 0x00, 0x00, 0x00, 0x00, 0x00, 0x00, 0x00, 0x00, 0x00, 0x00, 0x00, 0xff, 0xff, 0xff,
0xff, 0xff, 0xff, 0xff, 0xff, 0xff, 0xff, 0xff, 0xff, 0xff, 0xff, 0xff, 0xff, 0xff, 0xff, 0xff,
0xff, 0xff, 0xff, 0xff, 0xff, 0xff, 0xff, 0xff, 0xff, 0xff, 0xff, 0xff, 0xff, 0xff, 0xff, 0xff,
0xff, 0xff, 0xff, 0xff, 0xff, 
/* -17- */
0x00, 0x00, 0x00, 0x00, 0x00, 0x00, 0x00, 0x00, 0x00, 0x00, 0x00, 0x00, 0xff, 0xff, 0xff, 0xff,
0xff, 0xff, 0xff, 0xff, 0xff, 0xff, 0xff, 0xff, 0xff, 0xff, 0xff, 0xff, 0xff, 0xff, 0xff, 0xff,
0xff, 0xff, 0xff, 0xff, 0xff, 0xff, 0xff, 0xff, 0xff, 0xff, 0xff, 0xff, 0xff, 0xff, 0xff, 0xff,
0xff, 0xff, 0xff, 0xff, 0xff, 
/* -18- */
0x00, 0x00, 0x00, 0x00, 0x00, 0x00, 0x00, 0x00, 0x00, 0x00, 0x00, 0xff, 0xff, 0xff, 0xff, 0xff,
0xff, 0xff, 0xff, 0xff, 0xff, 0xff, 0xff, 0xff, 0xff, 0xff, 0xff, 0xff, 0xff, 0xff, 0xff, 0xff,
0xff, 0xff, 0xff, 0xff, 0xff, 0xff, 0xff, 0xff, 0xff, 0xff, 0xff, 0xff, 0xff, 0xff, 0xff, 0xff,
0xff, 0xff, 0xff, 0xff, 0xff, 
/* -19- */
0x00, 0x00, 0x00, 0x00, 0x00, 0x00, 0x00, 0x00, 0x00, 0x00, 0x00, 0xff, 0xff, 0xff, 0xff, 0xff,
0xff, 0xff, 0xff, 0xff, 0xff, 0xff, 0xff, 0xff, 0xff, 0xff, 0xff, 0xff, 0xff, 0xff, 0xff, 0xff,
0xff, 0xff, 0xff, 0xff, 0xff, 0xff, 0xff, 0xff, 0xff, 0xff, 0xff, 0xff, 0xff, 0xff, 0xff, 0xff,
0xff, 0xff, 0xff, 0xff, 0xff, 
/* -20- */
0x00, 0x00, 0x00, 0x00, 0x00, 0x00, 0x00, 0x00, 0x00, 0x00, 0xff, 0xff, 0xff, 0xff, 0xff, 0xff,
0xff, 0xff, 0xff, 0xff, 0xff, 0xff, 0xff, 0xff, 0xff, 0xff, 0xff, 0xff, 0xff, 0xff, 0xff, 0xff,
0xff, 0xff, 0xff, 0xff, 0xff, 0xff, 0xff, 0xff, 0xff, 0xff, 0xff, 0xff, 0xff, 0xff, 0xff, 0xff,
0xff, 0xff, 0xff, 0xff, 0xff, 
/* -21- */
0x00, 0x00, 0x00, 0x00, 0x00, 0x00, 0x00, 0x00, 0x00, 0xff, 0xff, 0xff, 0xff, 0xff, 0xff, 0xff,
0xff, 0xff, 0xff, 0xff, 0xff, 0xff, 0xff, 0xff, 0xff, 0xff, 0xff, 0xff, 0xff, 0xff, 0xff, 0xff,
0xff, 0xff, 0xff, 0xff, 0xff, 0xff, 0xff, 0xff, 0xff, 0xff, 0xff, 0xff, 0xff, 0xff, 0xff, 0xff,
0xff, 0xff, 0xff, 0xff, 0xff, 
/* -22- */
0x00, 0x00, 0x00, 0x00, 0x00, 0x00, 0x00, 0x00, 0x00, 0xff, 0xff, 0xff, 0xff, 0xff, 0xff, 0xff,
0xff, 0xff, 0xff, 0xff, 0xff, 0xff, 0xff, 0xff, 0xff, 0xff, 0xff, 0xff, 0xff, 0xff, 0xff, 0xff,
0xff, 0xff, 0xff, 0xff, 0xff, 0xff, 0xff, 0xff, 0xff, 0xff, 0xff, 0xff, 0xff, 0xff, 0xff, 0xff,
0x00, 0x00, 0x00, 0x00, 0x00, 
/* -23- */
0x00, 0x00, 0x00, 0x00, 0x00, 0x00, 0x00, 0x00, 0xff, 0xff, 0xff, 0xff, 0xff, 0xff, 0xff, 0xff,
0xff, 0xff, 0xff, 0xff, 0xff, 0xff, 0xff, 0xff, 0xff, 0xff, 0xff, 0xff, 0xff, 0xff, 0xff, 0xff,
0xff, 0xff, 0xff, 0xff, 0xff, 0xff, 0xff, 0xff, 0xff, 0xff, 0xff, 0x00, 0x00, 0x00, 0x00, 0x00,
0x00, 0x00, 0x00, 0x00, 0x00, 
/* -24- */
0x00, 0x00, 0x00, 0x00, 0x00, 0x00, 0x00, 0xff, 0xff, 0xff, 0xff, 0xff, 0xff, 0xff, 0xff, 0xff,
0xff, 0xff, 0xff, 0xff, 0xff, 0xff, 0xff, 0xff, 0xff, 0xff, 0xff, 0xff, 0xff, 0xff, 0xff, 0xff,
0xff, 0xff, 0xff, 0xff, 0xff, 0xff, 0xff, 0xff, 0x00, 0x00, 0x00, 0x00, 0x00, 0x00, 0x00, 0x00,
0x00, 0x00, 0x00, 0x00, 0x00, 
/* -25- */
0x00, 0x00, 0x00, 0x00, 0x00, 0x00, 0x00, 0xff, 0xff, 0xff, 0xff, 0xff, 0xff, 0xff, 0xff, 0xff,
0xff, 0xff, 0xff, 0xff, 0xff, 0xff, 0xff, 0xff, 0xff, 0xff, 0xff, 0xff, 0xff, 0xff, 0xff, 0xff,
0xff, 0xff, 0xff, 0xff, 0xff, 0xff, 0x00, 0x00, 0x00, 0x00, 0x00, 0x00, 0x00, 0x00, 0x00, 0x00,
0x00, 0x00, 0x00, 0x00, 0x00, 
/* -26- */
0x00, 0x00, 0x00, 0x00, 0x00, 0x00, 0xff, 0xff, 0xff, 0xff, 0xff, 0xff, 0xff, 0xff, 0xff, 0xff,
0xff, 0xff, 0xff, 0xff, 0xff, 0xff, 0xff, 0xff, 0xff, 0xff, 0xff, 0xff, 0xff, 0xff, 0xff, 0xff,
0xff, 0xff, 0xff, 0xff, 0x00, 0x00, 0x00, 0x00, 0x00, 0x00, 0x00, 0x00, 0x00, 0x00, 0x00, 0x00,
0x00, 0x00, 0x00, 0x00, 0x00, 
/* -27- */
0x00, 0x00, 0x00, 0x00, 0x00, 0x00, 0xff, 0xff, 0xff, 0xff, 0xff, 0xff, 0xff, 0xff, 0xff, 0xff,
0xff, 0xff, 0xff, 0xff, 0xff, 0xff, 0xff, 0xff, 0xff, 0xff, 0xff, 0xff, 0xff, 0xff, 0xff, 0xff,
0xff, 0xff, 0xff, 0x00, 0x00, 0x00, 0x00, 0x00, 0x00, 0x00, 0x00, 0x00, 0x00, 0x00, 0x00, 0x00,
0x00, 0x00, 0x00, 0x00, 0x00, 
/* -28- */
0x00, 0x00, 0x00, 0x00, 0x00, 0xff, 0xff, 0xff, 0xff, 0xff, 0xff, 0xff, 0xff, 0xff, 0xff, 0xff,
0xff, 0xff, 0xff, 0xff, 0xff, 0xff, 0xff, 0xff, 0xff, 0xff, 0xff, 0xff, 0xff, 0xff, 0xff, 0xff,
0xff, 0xff, 0x00, 0x00, 0x00, 0x00, 0x00, 0x00, 0x00, 0x00, 0x00, 0x00, 0x00, 0x00, 0x00, 0x00,
0x00, 0x00, 0x00, 0x00, 0x00, 
/* -29- */
0x00, 0x00, 0x00, 0x00, 0x00, 0xff, 0xff, 0xff, 0xff, 0xff, 0xff, 0xff, 0xff, 0xff, 0xff, 0xff,
0xff, 0xff, 0xff, 0xff, 0xff, 0xff, 0xff, 0xff, 0xff, 0xff, 0xff, 0xff, 0xff, 0xff, 0xff, 0xff,
0x00, 0x00, 0x00, 0x00, 0x00, 0x00, 0x00, 0x00, 0x00, 0x00, 0x00, 0x00, 0x00, 0x00, 0x00, 0x00,
0x00, 0x00, 0x00, 0x00, 0x00, 
/* -30- */
0x00, 0x00, 0x00, 0x00, 0xff, 0xff, 0xff, 0xff, 0xff, 0xff, 0xff, 0xff, 0xff, 0xff, 0xff, 0xff,
0xff, 0xff, 0xff, 0xff, 0xff, 0xff, 0xff, 0xff, 0xff, 0xff, 0xff, 0xff, 0xff, 0xff, 0xff, 0x00,
0x00, 0x00, 0x00, 0x00, 0x00, 0x00, 0x00, 0x00, 0x00, 0x00, 0x00, 0x00, 0x00, 0x00, 0x00, 0x00,
0x00, 0x00, 0x00, 0x00, 0x00, 
/* -31- */
0x00, 0x00, 0x00, 0x00, 0xff, 0xff, 0xff, 0xff, 0xff, 0xff, 0xff, 0xff, 0xff, 0xff, 0xff, 0xff,
0xff, 0xff, 0xff, 0xff, 0xff, 0xff, 0xff, 0xff, 0xff, 0xff, 0xff, 0xff, 0xff, 0xff, 0x00, 0x00,
0x00, 0x00, 0x00, 0x00, 0x00, 0x00, 0x00, 0x00, 0x00, 0x00, 0x00, 0x00, 0x00, 0x00, 0x00, 0x00,
0x00, 0x00, 0x00, 0x00, 0x00, 
/* -32- */
0x00, 0x00, 0x00, 0xff, 0xff, 0xff, 0xff, 0xff, 0xff, 0xff, 0xff, 0xff, 0xff, 0xff, 0xff, 0xff,
0xff, 0xff, 0xff, 0xff, 0xff, 0xff, 0xff, 0xff, 0xff, 0xff, 0xff, 0xff, 0xff, 0x00, 0x00, 0x00,
0x00, 0x00, 0x00, 0x00, 0x00, 0x00, 0x00, 0x00, 0x00, 0x00, 0x00, 0x00, 0x00, 0x00, 0x00, 0x00,
0x00, 0x00, 0x00, 0x00, 0x00, 
/* -33- */
0x00, 0x00, 0x00, 0xff, 0xff, 0xff, 0xff, 0xff, 0xff, 0xff, 0xff, 0xff, 0xff, 0xff, 0xff, 0xff,
0xff, 0xff, 0xff, 0xff, 0xff, 0xff, 0xff, 0xff, 0xff, 0xff, 0xff, 0xff, 0xff, 0x00, 0x00, 0x00,
0x00, 0x00, 0x00, 0x00, 0x00, 0x00, 0x00, 0x00, 0x00, 0x00, 0x00, 0x00, 0x00, 0x00, 0x00, 0x00,
0x00, 0x00, 0x00, 0x00, 0x00, 
/* -34- */
0x00, 0x00, 0x00, 0xff, 0xff, 0xff, 0xff, 0xff, 0xff, 0xff, 0xff, 0xff, 0xff, 0xff, 0xff, 0xff,
0xff, 0xff, 0xff, 0xff, 0xff, 0xff, 0xff, 0xff, 0xff, 0xff, 0xff, 0xff, 0x00, 0x00, 0x00, 0x00,
0x00, 0x00, 0x00, 0x00, 0x00, 0x00, 0x00, 0x00, 0x00, 0x00, 0x00, 0x00, 0x00, 0x00, 0x00, 0x00,
0x00, 0x00, 0x00, 0x00, 0x00, 
/* -35- */
0x00, 0x00, 0xff, 0xff, 0xff, 0xff, 0xff, 0xff, 0xff, 0xff, 0xff, 0xff, 0xff, 0xff, 0xff, 0xff,
0xff, 0xff, 0xff, 0xff, 0xff, 0xff, 0xff, 0xff, 0xff, 0xff, 0xff, 0x00, 0x00, 0x00, 0x00, 0x00,
0x00, 0x00, 0x00, 0x00, 0x00, 0x00, 0x00, 0x00, 0x00, 0x00, 0x00, 0x00, 0x00, 0x00, 0x00, 0x00,
0x00, 0x00, 0x00, 0x00, 0x00, 
/* -36- */
0x00, 0x00, 0xff, 0xff, 0xff, 0xff, 0xff, 0xff, 0xff, 0xff, 0xff, 0xff, 0xff, 0xff, 0xff, 0xff,
0xff, 0xff, 0xff, 0xff, 0xff, 0xff, 0xff, 0xff, 0xff, 0xff, 0x00, 0x00, 0x00, 0x00, 0x00, 0x00,
0x00, 0x00, 0x00, 0x00, 0x00, 0x00, 0x00, 0x00, 0x00, 0x00, 0x00, 0x00, 0x00, 0x00, 0x00, 0x00,
0x00, 0x00, 0x00, 0x00, 0x00, 
/* -37- */
0x00, 0x00, 0xff, 0xff, 0xff, 0xff, 0xff, 0xff, 0xff, 0xff, 0xff, 0xff, 0xff, 0xff, 0xff, 0xff,
0xff, 0xff, 0xff, 0xff, 0xff, 0xff, 0xff, 0xff, 0xff, 0xff, 0x00, 0x00, 0x00, 0x00, 0x00, 0x00,
0x00, 0x00, 0x00, 0x00, 0x00, 0x00, 0x00, 0x00, 0x00, 0x00, 0x00, 0x00, 0x00, 0x00, 0x00, 0x00,
0x00, 0x00, 0x00, 0x00, 0x00, 
/* -38- */
0x00, 0xff, 0xff, 0xff, 0xff, 0xff, 0xff, 0xff, 0xff, 0xff, 0xff, 0xff, 0xff, 0xff, 0xff, 0xff,
0xff, 0xff, 0xff, 0xff, 0xff, 0xff, 0xff, 0xff, 0xff, 0x00, 0x00, 0x00, 0x00, 0x00, 0x00, 0x00,
0x00, 0x00, 0x00, 0x00, 0x00, 0x00, 0x00, 0x00, 0x00, 0x00, 0x00, 0x00, 0x00, 0x00, 0x00, 0x00,
0x00, 0x00, 0x00, 0x00, 0x00, 
/* -39- */
0x00, 0xff, 0xff, 0xff, 0xff, 0xff, 0xff, 0xff, 0xff, 0xff, 0xff, 0xff, 0xff, 0xff, 0xff, 0xff,
0xff, 0xff, 0xff, 0xff, 0xff, 0xff, 0xff, 0xff, 0xff, 0x00, 0x00, 0x00, 0x00, 0x00, 0x00, 0x00,
0x00, 0x00, 0x00, 0x00, 0x00, 0x00, 0x00, 0x00, 0x00, 0x00, 0x00, 0x00, 0x00, 0x00, 0x00, 0x00,
0x00, 0x00, 0x00, 0x00, 0x00, 
/* -40- */
0x00, 0xff, 0xff, 0xff, 0xff, 0xff, 0xff, 0xff, 0xff, 0xff, 0xff, 0xff, 0xff, 0xff, 0xff, 0xff,
0xff, 0xff, 0xff, 0xff, 0xff, 0xff, 0xff, 0xff, 0x00, 0x00, 0x00, 0x00, 0x00, 0x00, 0x00, 0x00,
0x00, 0x00, 0x00, 0x00, 0x00, 0x00, 0x00, 0x00, 0x00, 0x00, 0x00, 0x00, 0x00, 0x00, 0x00, 0x00,
0x00, 0x00, 0x00, 0x00, 0x00, 
/* -41- */
0x00, 0xff, 0xff, 0xff, 0xff, 0xff, 0xff, 0xff, 0xff, 0xff, 0xff, 0xff, 0xff, 0xff, 0xff, 0xff,
0xff, 0xff, 0xff, 0xff, 0xff, 0xff, 0xff, 0xff, 0x00, 0x00, 0x00, 0x00, 0x00, 0x00, 0x00, 0x00,
0x00, 0x00, 0x00, 0x00, 0x00, 0x00, 0x00, 0x00, 0x00, 0x00, 0x00, 0x00, 0x00, 0x00, 0x00, 0x00,
0x00, 0x00, 0x00, 0x00, 0x00, 
/* -42- */
0xff, 0xff, 0xff, 0xff, 0xff, 0xff, 0xff, 0xff, 0xff, 0xff, 0xff, 0xff, 0xff, 0xff, 0xff, 0xff,
0xff, 0xff, 0xff, 0xff, 0xff, 0xff, 0xff, 0xff, 0x00, 0x00, 0x00, 0x00, 0x00, 0x00, 0x00, 0x00,
0x00, 0x00, 0x00, 0x00, 0x00, 0x00, 0x00, 0x00, 0x00, 0x00, 0x00, 0x00, 0x00, 0x00, 0x00, 0x00,
0x00, 0x00, 0x00, 0x00, 0x00, 
/* -43- */
0xff, 0xff, 0xff, 0xff, 0xff, 0xff, 0xff, 0xff, 0xff, 0xff, 0xff, 0xff, 0xff, 0xff, 0xff, 0xff,
0xff, 0xff, 0xff, 0xff, 0xff, 0xff, 0xff, 0x00, 0x00, 0x00, 0x00, 0x00, 0x00, 0x00, 0x00, 0x00,
0x00, 0x00, 0x00, 0x00, 0x00, 0x00, 0x00, 0x00, 0x00, 0x00, 0x00, 0x00, 0x00, 0x00, 0x00, 0x00,
0x00, 0x00, 0x00, 0x00, 0x00, 
/* -44- */
0xff, 0xff, 0xff, 0xff, 0xff, 0xff, 0xff, 0xff, 0xff, 0xff, 0xff, 0xff, 0xff, 0xff, 0xff, 0xff,
0xff, 0xff, 0xff, 0xff, 0xff, 0xff, 0xff, 0x00, 0x00, 0x00, 0x00, 0x00, 0x00, 0x00, 0x00, 0x00,
0x00, 0x00, 0x00, 0x00, 0x00, 0x00, 0x00, 0x00, 0x00, 0x00, 0x00, 0x00, 0x00, 0x00, 0x00, 0x00,
0x00, 0x00, 0x00, 0x00, 0x00, 
/* -45- */
0xff, 0xff, 0xff, 0xff, 0xff, 0xff, 0xff, 0xff, 0xff, 0xff, 0xff, 0xff, 0xff, 0xff, 0xff, 0xff,
0xff, 0xff, 0xff, 0xff, 0xff, 0xff, 0xff, 0x00, 0x00, 0x00, 0x00, 0x00, 0x00, 0x00, 0x00, 0x00,
0x00, 0x00, 0x00, 0x00, 0x00, 0x00, 0x00, 0x00, 0x00, 0x00, 0x00, 0x00, 0x00, 0x00, 0x00, 0x00,
0x00, 0x00, 0x00, 0x00, 0x00, 
/* -46- */
0xff, 0xff, 0xff, 0xff, 0xff, 0xff, 0xff, 0xff, 0xff, 0xff, 0xff, 0xff, 0xff, 0xff, 0xff, 0xff,
0xff, 0xff, 0xff, 0xff, 0xff, 0xff, 0xff, 0x00, 0x00, 0x00, 0x00, 0x00, 0x00, 0x00, 0x00, 0x00,
0x00, 0x00, 0x00, 0x00, 0x00, 0x00, 0x00, 0x00, 0x00, 0x00, 0x00, 0x00, 0x00, 0x00, 0x00, 0x00,
0x00, 0x00, 0x00, 0x00, 0x00, 
/* -47- */
0xff, 0xff, 0xff, 0xff, 0xff, 0xff, 0xff, 0xff, 0xff, 0xff, 0xff, 0xff, 0xff, 0xff, 0xff, 0xff,
0xff, 0xff, 0xff, 0xff, 0xff, 0xff, 0xff, 0x00, 0x00, 0x00, 0x00, 0x00, 0x00, 0x00, 0x00, 0x00,
0x00, 0x00, 0x00, 0x00, 0x00, 0x00, 0x00, 0x00, 0x00, 0x00, 0x00, 0x00, 0x00, 0x00, 0x00, 0x00,
0x00, 0x00, 0x00, 0x00, 0x00, 
/* -48- */
0xff, 0xff, 0xff, 0xff, 0xff, 0xff, 0xff, 0xff, 0xff, 0xff, 0xff, 0xff, 0xff, 0xff, 0xff, 0xff,
0xff, 0xff, 0xff, 0xff, 0xff, 0xff, 0x00, 0x00, 0x00, 0x00, 0x00, 0x00, 0x00, 0x00, 0x00, 0x00,
0x00, 0x00, 0x00, 0x00, 0x00, 0x00, 0x00, 0x00, 0x00, 0x00, 0x00, 0x00, 0x00, 0x00, 0x00, 0x00,
0x00, 0x00, 0x00, 0x00, 0x00, 
/* -49- */
0xff, 0xff, 0xff, 0xff, 0xff, 0xff, 0xff, 0xff, 0xff, 0xff, 0xff, 0xff, 0xff, 0xff, 0xff, 0xff,
0xff, 0xff, 0xff, 0xff, 0xff, 0xff, 0x00, 0x00, 0x00, 0x00, 0x00, 0x00, 0x00, 0x00, 0x00, 0x00,
0x00, 0x00, 0x00, 0x00, 0x00, 0x00, 0x00, 0x00, 0x00, 0x00, 0x00, 0x00, 0x00, 0x00, 0x00, 0x00,
0x00, 0x00, 0x00, 0x00, 0x00, 
/* -50- */
0xff, 0xff, 0xff, 0xff, 0xff, 0xff, 0xff, 0xff, 0xff, 0xff, 0xff, 0xff, 0xff, 0xff, 0xff, 0xff,
0xff, 0xff, 0xff, 0xff, 0xff, 0xff, 0x00, 0x00, 0x00, 0x00, 0x00, 0x00, 0x00, 0x00, 0x00, 0x00,
0x00, 0x00, 0x00, 0x00, 0x00, 0x00, 0x00, 0x00, 0x00, 0x00, 0x00, 0x00, 0x00, 0x00, 0x00, 0x00,
0x00, 0x00, 0x00, 0x00, 0x00, 
/* -51- */
0xff, 0xff, 0xff, 0xff, 0xff, 0xff, 0xff, 0xff, 0xff, 0xff, 0xff, 0xff, 0xff, 0xff, 0xff, 0xff,
0xff, 0xff, 0xff, 0xff, 0xff, 0xff, 0x00, 0x00, 0x00, 0x00, 0x00, 0x00, 0x00, 0x00, 0x00, 0x00,
0x00, 0x00, 0x00, 0x00, 0x00, 0x00, 0x00, 0x00, 0x00, 0x00, 0x00, 0x00, 0x00, 0x00, 0x00, 0x00,
0x00, 0x00, 0x00, 0x00, 0x00, 
/* -52- */
0xff, 0xff, 0xff, 0xff, 0xff, 0xff, 0xff, 0xff, 0xff, 0xff, 0xff, 0xff, 0xff, 0xff, 0xff, 0xff,
0xff, 0xff, 0xff, 0xff, 0xff, 0xff, 0x00, 0x00, 0x00, 0x00, 0x00, 0x00, 0x00, 0x00, 0x00, 0x00,
0x00, 0x00, 0x00, 0x00, 0x00, 0x00, 0x00, 0x00, 0x00, 0x00, 0x00, 0x00, 0x00, 0x00, 0x00, 0x00,
0x00, 0x00, 0x00, 0x00, 0x00, 
};

ARM_ALIGN(4) ARM_SECTION("arm2d.asset.c_bmp_arc_quarter_mask_png_A1Alpha")
static const uint8_t c_bmp_arc_quarter_mask_png_A1Alpha[7*53] = {
/* -0- */
0x00, 0x00, 0x00, 0x00, 0x00, 0xfc, 0x1f, 
/* -1- */
0x00, 0x00, 0x00, 0x00, 0xc0, 0xff, 0x1f, 
/* -2- */
0x00, 0x00, 0x00, 0x00, 0xf8, 0xff, 0x1f, 
/* -3- */
0x00, 0x00, 0x00, 0x00, 0xff, 0xff, 0x1f, 
/* -4- */
0x00, 0x00, 0x00, 0xc0, 0xff, 0xff, 0x1f, 
/* -5- */
0x00, 0x00, 0x00, 0xf0, 0xff, 0xff, 0x1f, 
/* -6- */
0x00, 0x00, 0x00, 0xfc, 0xff, 0xff, 0x1f, 
/* -7- */
0x00, 0x00, 0x00, 0xff, 0xff, 0xff, 0x1f, 
/* -8- */
0x00, 0x00, 0x80, 0xff, 0xff, 0xff, 0x1f, 
/* -9- */
0x00, 0x00, 0xe0, 0xff, 0xff, 0xff, 0x1f, 
/* -10- */
0x00, 0x00, 0xf0, 0xff, 0xff, 0xff, 0x1f, 
/* -11- */
0x00, 0x00, 0xf8, 0xff, 0xff, 0xff, 0x1f, 
/* -12- */
0x00, 0x00, 0xfe, 0xff, 0xff, 0xff, 0x1f, 
/* -13- */
0x00, 0x00, 0xff, 0xff, 0xff, 0xff, 0x1f, 
/* -14- */
0x00, 0x80, 0xff, 0xff, 0xff, 0xff, 0x1f, 
/* -15- */
0x00, 0xc0, 0xff, 0xff, 0xff, 0xff, 0x1f, 
/* -16- */
0x00, 0xe0, 0xff, 0xff, 0xff, 0xff, 0x1f, 
/* -17- */
0x00, 0xf0, 0xff, 0xff, 0xff, 0xff, 0x1f, 
/* -18- */
0x00, 0xf8, 0xff, 0xff, 0xff, 0xff, 0x1f, 
/* -19- */
0x00, 0xf8, 0xff, 0xff, 0xff, 0xff, 0x1f, 
/* -20- */
0x00, 0xfc, 0xff, 0xff, 0xff, 0xff, 0x1f, 
/* -21- */
0x00, 0xfe, 0xff, 0xff, 0xff, 0xff, 0x1f, 
/* -22- */
0x00, 0xfe, 0xff, 0xff, 0xff, 0xff, 0x00, 
/* -23- */
0x00, 0xff, 0xff, 0xff, 0xff, 0x07, 0x00, 
/* -24- */
0x80, 0xff, 0xff, 0xff, 0xff, 0x00, 0x00, 
/* -25- */
0x80, 0xff, 0xff, 0xff, 0x3f, 0x00, 0x00, 
/* -26- */
0xc0, 0xff, 0xff, 0xff, 0x0f, 0x00, 0x00, 
/* -27- */
0xc0, 0xff, 0xff, 0xff, 0x07, 0x00, 0x00, 
/* -28- */
0xe0, 0xff, 0xff, 0xff, 0x03, 0x00, 0x00, 
/* -29- */
0xe0, 0xff, 0xff, 0xff, 0x00, 0x00, 0x00, 
/* -30- */
0xf0, 0xff, 0xff, 0x7f, 0x00, 0x00, 0x00, 
/* -31- */
0xf0, 0xff, 0xff, 0x3f, 0x00, 0x00, 0x00, 
/* -32- */
0xf8, 0xff, 0xff, 0x1f, 0x00, 0x00, 0x00, 
/* -33- */
0xf8, 0xff, 0xff, 0x1f, 0x00, 0x00, 0x00, 
/* -34- */
0xf8, 0xff, 0xff, 0x0f, 0x00, 0x00, 0x00, 
/* -35- */
0xfc, 0xff, 0xff, 0x07, 0x00, 0x00, 0x00, 
/* -36- */
0xfc, 0xff, 0xff, 0x03, 0x00, 0x00, 0x00, 
/* -37- */
0xfc, 0xff, 0xff, 0x03, 0x00, 0x00, 0x00, 
/* -38- */
0xfe, 0xff, 0xff, 0x01, 0x00, 0x00, 0x00, 
/* -39- */
0xfe, 0xff, 0xff, 0x01, 0x00, 0x00, 0x00, 
/* -40- */
0xfe, 0xff, 0xff, 0x00, 0x00, 0x00, 0x00, 
/* -41- */
0xfe, 0xff, 0xff, 0x00, 0x00, 0x00, 0x00, 
/* -42- */
0xff, 0xff, 0xff, 0x00, 0x00, 0x00, 0x00, 
/* -43- */
0xff, 0xff, 0x7f, 0x00, 0x00, 0x00, 0x00, 
/* -44- */
0xff, 0xff, 0x7f, 0x00, 0x00, 0x00, 0x00, 
/* -45- */
0xff, 0xff, 0x7f, 0x00, 0x00, 0x00, 0x00, 
/* -46- */
0xff, 0xff, 0x7f, 0x00, 0x00, 0x00, 0x00, 
/* -47- */
0xff, 0xff, 0x7f, 0x00, 0x00, 0x00, 0x00, 
/* -48- */
0xff, 0xff, 0x3f, 0x00, 0x00, 0x00, 0x00, 
/* -49- */
0xff, 0xff, 0x3f, 0x00, 0x00, 0x00, 0x00, 
/* -50- */
0xff, 0xff, 0x3f, 0x00, 0x00, 0x00, 0x00, 
/* -51- */
0xff, 0xff, 0x3f, 0x00, 0x00, 0x00, 0x00, 
/* -52- */
0xff, 0xff, 0x3f, 0x00, 0x00, 0x00, 0x00, 
};

ARM_ALIGN(4) ARM_SECTION("arm2d.asset.c_bmp_arc_quarter_mask_png_A2Alpha")
static const uint8_t c_bmp_arc_quarter_mask_png_A2Alpha[14*53] = {
/* -0- */
0x00, 0x00, 0x00, 0x00, 0x00, 0x00, 0x00, 0x00, 0x00, 0x00, 0xf0, 0xff, 0xff, 0x03, 
/* -1- */
0x00, 0x00, 0x00, 0x00, 0x00, 0x00, 0x00, 0x00, 0x00, 0xf0, 0xff, 0xff, 0xff, 0x03, 
/* -2- */
0x00, 0x00, 0x00, 0x00, 0x00, 0x00, 0x00, 0x00, 0xc0, 0xff, 0xff, 0xff, 0xff, 0x03, 
/* -3- */
0x00, 0x00, 0x00, 0x00, 0x00, 0x00, 0x00, 0x00, 0xff, 0xff, 0xff, 0xff, 0xff, 0x03, 
/* -4- */
0x00, 0x00, 0x00, 0x00, 0x00, 0x00, 0x00, 0xf0, 0xff, 0xff, 0xff, 0xff, 0xff, 0x03, 
/* -5- */
0x00, 0x00, 0x00, 0x00, 0x00, 0x00, 0x00, 0xff, 0xff, 0xff, 0xff, 0xff, 0xff, 0x03, 
/* -6- */
0x00, 0x00, 0x00, 0x00, 0x00, 0x00, 0xf0, 0xff, 0xff, 0xff, 0xff, 0xff, 0xff, 0x03, 
/* -7- */
0x00, 0x00, 0x00, 0x00, 0x00, 0x00, 0xff, 0xff, 0xff, 0xff, 0xff, 0xff, 0xff, 0x03, 
/* -8- */
0x00, 0x00, 0x00, 0x00, 0x00, 0xc0, 0xff, 0xff, 0xff, 0xff, 0xff, 0xff, 0xff, 0x03, 
/* -9- */
0x00, 0x00, 0x00, 0x00, 0x00, 0xfc, 0xff, 0xff, 0xff, 0xff, 0xff, 0xff, 0xff, 0x03, 
/* -10- */
0x00, 0x00, 0x00, 0x00, 0x00, 0xff, 0xff, 0xff, 0xff, 0xff, 0xff, 0xff, 0xff, 0x03, 
/* -11- */
0x00, 0x00, 0x00, 0x00, 0xc0, 0xff, 0xff, 0xff, 0xff, 0xff, 0xff, 0xff, 0xff, 0x03, 
/* -12- */
0x00, 0x00, 0x00, 0x00, 0xfc, 0xff, 0xff, 0xff, 0xff, 0xff, 0xff, 0xff, 0xff, 0x03, 
/* -13- */
0x00, 0x00, 0x00, 0x00, 0xff, 0xff, 0xff, 0xff, 0xff, 0xff, 0xff, 0xff, 0xff, 0x03, 
/* -14- */
0x00, 0x00, 0x00, 0xc0, 0xff, 0xff, 0xff, 0xff, 0xff, 0xff, 0xff, 0xff, 0xff, 0x03, 
/* -15- */
0x00, 0x00, 0x00, 0xf0, 0xff, 0xff, 0xff, 0xff, 0xff, 0xff, 0xff, 0xff, 0xff, 0x03, 
/* -16- */
0x00, 0x00, 0x00, 0xfc, 0xff, 0xff, 0xff, 0xff, 0xff, 0xff, 0xff, 0xff, 0xff, 0x03, 
/* -17- */
0x00, 0x00, 0x00, 0xff, 0xff, 0xff, 0xff, 0xff, 0xff, 0xff, 0xff, 0xff, 0xff, 0x03, 
/* -18- */
0x00, 0x00, 0xc0, 0xff, 0xff, 0xff, 0xff, 0xff, 0xff, 0xff, 0xff, 0xff, 0xff, 0x03, 
/* -19- */
0x00, 0x00, 0xc0, 0xff, 0xff, 0xff, 0xff, 0xff, 0xff, 0xff, 0xff, 0xff, 0xff, 0x03, 
/* -20- */
0x00, 0x00, 0xf0, 0xff, 0xff, 0xff, 0xff, 0xff, 0xff, 0xff, 0xff, 0xff, 0xff, 0x03, 
/* -21- */
0x00, 0x00, 0xfc, 0xff, 0xff, 0xff, 0xff, 0xff, 0xff, 0xff, 0xff, 0xff, 0xff, 0x03, 
/* -22- */
0x00, 0x00, 0xfc, 0xff, 0xff, 0xff, 0xff, 0xff, 0xff, 0xff, 0xff, 0xff, 0x00, 0x00, 
/* -23- */
0x00, 0x00, 0xff, 0xff, 0xff, 0xff, 0xff, 0xff, 0xff, 0xff, 0x3f, 0x00, 0x00, 0x00, 
/* -24- */
0x00, 0xc0, 0xff, 0xff, 0xff, 0xff, 0xff, 0xff, 0xff, 0xff, 0x00, 0x00, 0x00, 0x00, 
/* -25- */
0x00, 0xc0, 0xff, 0xff, 0xff, 0xff, 0xff, 0xff, 0xff, 0x0f, 0x00, 0x00, 0x00, 0x00, 
/* -26- */
0x00, 0xf0, 0xff, 0xff, 0xff, 0xff, 0xff, 0xff, 0xff, 0x00, 0x00, 0x00, 0x00, 0x00, 
/* -27- */
0x00, 0xf0, 0xff, 0xff, 0xff, 0xff, 0xff, 0xff, 0x3f, 0x00, 0x00, 0x00, 0x00, 0x00, 
/* -28- */
0x00, 0xfc, 0xff, 0xff, 0xff, 0xff, 0xff, 0xff, 0x0f, 0x00, 0x00, 0x00, 0x00, 0x00, 
/* -29- */
0x00, 0xfc, 0xff, 0xff, 0xff, 0xff, 0xff, 0xff, 0x00, 0x00, 0x00, 0x00, 0x00, 0x00, 
/* -30- */
0x00, 0xff, 0xff, 0xff, 0xff, 0xff, 0xff, 0x3f, 0x00, 0x00, 0x00, 0x00, 0x00, 0x00, 
/* -31- */
0x00, 0xff, 0xff, 0xff, 0xff, 0xff, 0xff, 0x0f, 0x00, 0x00, 0x00, 0x00, 0x00, 0x00, 
/* -32- */
0xc0, 0xff, 0xff, 0xff, 0xff, 0xff, 0xff, 0x03, 0x00, 0x00, 0x00, 0x00, 0x00, 0x00, 
/* -33- */
0xc0, 0xff, 0xff, 0xff, 0xff, 0xff, 0xff, 0x03, 0x00, 0x00, 0x00, 0x00, 0x00, 0x00, 
/* -34- */
0xc0, 0xff, 0xff, 0xff, 0xff, 0xff, 0xff, 0x00, 0x00, 0x00, 0x00, 0x00, 0x00, 0x00, 
/* -35- */
0xf0, 0xff, 0xff, 0xff, 0xff, 0xff, 0x3f, 0x00, 0x00, 0x00, 0x00, 0x00, 0x00, 0x00, 
/* -36- */
0xf0, 0xff, 0xff, 0xff, 0xff, 0xff, 0x0f, 0x00, 0x00, 0x00, 0x00, 0x00, 0x00, 0x00, 
/* -37- */
0xf0, 0xff, 0xff, 0xff, 0xff, 0xff, 0x0f, 0x00, 0x00, 0x00, 0x00, 0x00, 0x00, 0x00, 
/* -38- */
0xfc, 0xff, 0xff, 0xff, 0xff, 0xff, 0x03, 0x00, 0x00, 0x00, 0x00, 0x00, 0x00, 0x00, 
/* -39- */
0xfc, 0xff, 0xff, 0xff, 0xff, 0xff, 0x03, 0x00, 0x00, 0x00, 0x00, 0x00, 0x00, 0x00, 
/* -40- */
0xfc, 0xff, 0xff, 0xff, 0xff, 0xff, 0x00, 0x00, 0x00, 0x00, 0x00, 0x00, 0x00, 0x00, 
/* -41- */
0xfc, 0xff, 0xff, 0xff, 0xff, 0xff, 0x00, 0x00, 0x00, 0x00, 0x00, 0x00, 0x00, 0x00, 
/* -42- */
0xff, 0xff, 0xff, 0xff, 0xff, 0xff, 0x00, 0x00, 0x00, 0x00, 0x00, 0x00, 0x00, 0x00, 
/* -43- */
0xff, 0xff, 0xff, 0xff, 0xff, 0x3f, 0x00, 0x00, 0x00, 0x00, 0x00, 0x00, 0x00, 0x00, 
/* -44- */
0xff, 0xff, 0xff, 0xff, 0xff, 0x3f, 0x00, 0x00, 0x00, 0x00, 0x00, 0x00, 0x00, 0x00, 
/* -45- */
0xff, 0xff, 0xff, 0xff, 0xff, 0x3f, 0x00, 0x00, 0x00, 0x00, 0x00, 0x00, 0x00, 0x00, 
/* -46- */
0xff, 0xff, 0xff, 0xff, 0xff, 0x3f, 0x00, 0x00, 0x00, 0x00, 0x00, 0x00, 0x00, 0x00, 
/* -47- */
0xff, 0xff, 0xff, 0xff, 0xff, 0x3f, 0x00, 0x00, 0x00, 0x00, 0x00, 0x00, 0x00, 0x00, 
/* -48- */
0xff, 0xff, 0xff, 0xff, 0xff, 0x0f, 0x00, 0x00, 0x00, 0x00, 0x00, 0x00, 0x00, 0x00, 
/* -49- */
0xff, 0xff, 0xff, 0xff, 0xff, 0x0f, 0x00, 0x00, 0x00, 0x00, 0x00, 0x00, 0x00, 0x00, 
/* -50- */
0xff, 0xff, 0xff, 0xff, 0xff, 0x0f, 0x00, 0x00, 0x00, 0x00, 0x00, 0x00, 0x00, 0x00, 
/* -51- */
0xff, 0xff, 0xff, 0xff, 0xff, 0x0f, 0x00, 0x00, 0x00, 0x00, 0x00, 0x00, 0x00, 0x00, 
/* -52- */
0xff, 0xff, 0xff, 0xff, 0xff, 0x0f, 0x00, 0x00, 0x00, 0x00, 0x00, 0x00, 0x00, 0x00, 
};

ARM_ALIGN(4) ARM_SECTION("arm2d.asset.c_bmp_arc_quarter_mask_png_A4Alpha")
static const uint8_t c_bmp_arc_quarter_mask_png_A4Alpha[27*53] = {
/* -0- */
0x00, 0x00, 0x00, 0x00, 0x00, 0x00, 0x00, 0x00, 0x00, 0x00, 0x00, 0x00, 0x00, 0x00, 0x00, 0x00,
0x00, 0x00, 0x00, 0x00, 0x00, 0xff, 0xff, 0xff, 0xff, 0xff, 0x0f, 
/* -1- */
0x00, 0x00, 0x00, 0x00, 0x00, 0x00, 0x00, 0x00, 0x00, 0x00, 0x00, 0x00, 0x00, 0x00, 0x00, 0x00,
0x00, 0x00, 0x00, 0xff, 0xff, 0xff, 0xff, 0xff, 0xff, 0xff, 0x0f, 
/* -2- */
0x00, 0x00, 0x00, 0x00, 0x00, 0x00, 0x00, 0x00, 0x00, 0x00, 0x00, 0x00, 0x00, 0x00, 0x00, 0x00,
0x00, 0xf0, 0xff, 0xff, 0xff, 0xff, 0xff, 0xff, 0xff, 0xff, 0x0f, 
/* -3- */
0x00, 0x00, 0x00, 0x00, 0x00, 0x00, 0x00, 0x00, 0x00, 0x00, 0x00, 0x00, 0x00, 0x00, 0x00, 0x00,
0xff, 0xff, 0xff, 0xff, 0xff, 0xff, 0xff, 0xff, 0xff, 0xff, 0x0f, 
/* -4- */
0x00, 0x00, 0x00, 0x00, 0x00, 0x00, 0x00, 0x00, 0x00, 0x00, 0x00, 0x00, 0x00, 0x00, 0x00, 0xff,
0xff, 0xff, 0xff, 0xff, 0xff, 0xff, 0xff, 0xff, 0xff, 0xff, 0x0f, 
/* -5- */
0x00, 0x00, 0x00, 0x00, 0x00, 0x00, 0x00, 0x00, 0x00, 0x00, 0x00, 0x00, 0x00, 0x00, 0xff, 0xff,
0xff, 0xff, 0xff, 0xff, 0xff, 0xff, 0xff, 0xff, 0xff, 0xff, 0x0f, 
/* -6- */
0x00, 0x00, 0x00, 0x00, 0x00, 0x00, 0x00, 0x00, 0x00, 0x00, 0x00, 0x00, 0x00, 0xff, 0xff, 0xff,
0xff, 0xff, 0xff, 0xff, 0xff, 0xff, 0xff, 0xff, 0xff, 0xff, 0x0f, 
/* -7- */
0x00, 0x00, 0x00, 0x00, 0x00, 0x00, 0x00, 0x00, 0x00, 0x00, 0x00, 0x00, 0xff, 0xff, 0xff, 0xff,
0xff, 0xff, 0xff, 0xff, 0xff, 0xff, 0xff, 0xff, 0xff, 0xff, 0x0f, 
/* -8- */
0x00, 0x00, 0x00, 0x00, 0x00, 0x00, 0x00, 0x00, 0x00, 0x00, 0x00, 0xf0, 0xff, 0xff, 0xff, 0xff,
0xff, 0xff, 0xff, 0xff, 0xff, 0xff, 0xff, 0xff, 0xff, 0xff, 0x0f, 
/* -9- */
0x00, 0x00, 0x00, 0x00, 0x00, 0x00, 0x00, 0x00, 0x00, 0x00, 0xf0, 0xff, 0xff, 0xff, 0xff, 0xff,
0xff, 0xff, 0xff, 0xff, 0xff, 0xff, 0xff, 0xff, 0xff, 0xff, 0x0f, 
/* -10- */
0x00, 0x00, 0x00, 0x00, 0x00, 0x00, 0x00, 0x00, 0x00, 0x00, 0xff, 0xff, 0xff, 0xff, 0xff, 0xff,
0xff, 0xff, 0xff, 0xff, 0xff, 0xff, 0xff, 0xff, 0xff, 0xff, 0x0f, 
/* -11- */
0x00, 0x00, 0x00, 0x00, 0x00, 0x00, 0x00, 0x00, 0x00, 0xf0, 0xff, 0xff, 0xff, 0xff, 0xff, 0xff,
0xff, 0xff, 0xff, 0xff, 0xff, 0xff, 0xff, 0xff, 0xff, 0xff, 0x0f, 
/* -12- */
0x00, 0x00, 0x00, 0x00, 0x00, 0x00, 0x00, 0x00, 0xf0, 0xff, 0xff, 0xff, 0xff, 0xff, 0xff, 0xff,
0xff, 0xff, 0xff, 0xff, 0xff, 0xff, 0xff, 0xff, 0xff, 0xff, 0x0f, 
/* -13- */
0x00, 0x00, 0x00, 0x00, 0x00, 0x00, 0x00, 0x00, 0xff, 0xff, 0xff, 0xff, 0xff, 0xff, 0xff, 0xff,
0xff, 0xff, 0xff, 0xff, 0xff, 0xff, 0xff, 0xff, 0xff, 0xff, 0x0f, 
/* -14- */
0x00, 0x00, 0x00, 0x00, 0x00, 0x00, 0x00, 0xf0, 0xff, 0xff, 0xff, 0xff, 0xff, 0xff, 0xff, 0xff,
0xff, 0xff, 0xff, 0xff, 0xff, 0xff, 0xff, 0xff, 0xff, 0xff, 0x0f, 
/* -15- */
0x00, 0x00, 0x00, 0x00, 0x00, 0x00, 0x00, 0xff, 0xff, 0xff, 0xff, 0xff, 0xff, 0xff, 0xff, 0xff,
0xff, 0xff, 0xff, 0xff, 0xff, 0xff, 0xff, 0xff, 0xff, 0xff, 0x0f, 
/* -16- */
0x00, 0x00, 0x00, 0x00, 0x00, 0x00, 0xf0, 0xff, 0xff, 0xff, 0xff, 0xff, 0xff, 0xff, 0xff, 0xff,
0xff, 0xff, 0xff, 0xff, 0xff, 0xff, 0xff, 0xff, 0xff, 0xff, 0x0f, 
/* -17- */
0x00, 0x00, 0x00, 0x00, 0x00, 0x00, 0xff, 0xff, 0xff, 0xff, 0xff, 0xff, 0xff, 0xff, 0xff, 0xff,
0xff, 0xff, 0xff, 0xff, 0xff, 0xff, 0xff, 0xff, 0xff, 0xff, 0x0f, 
/* -18- */
0x00, 0x00, 0x00, 0x00, 0x00, 0xf0, 0xff, 0xff, 0xff, 0xff, 0xff, 0xff, 0xff, 0xff, 0xff, 0xff,
0xff, 0xff, 0xff, 0xff, 0xff, 0xff, 0xff, 0xff, 0xff, 0xff, 0x0f, 
/* -19- */
0x00, 0x00, 0x00, 0x00, 0x00, 0xf0, 0xff, 0xff, 0xff, 0xff, 0xff, 0xff, 0xff, 0xff, 0xff, 0xff,
0xff, 0xff, 0xff, 0xff, 0xff, 0xff, 0xff, 0xff, 0xff, 0xff, 0x0f, 
/* -20- */
0x00, 0x00, 0x00, 0x00, 0x00, 0xff, 0xff, 0xff, 0xff, 0xff, 0xff, 0xff, 0xff, 0xff, 0xff, 0xff,
0xff, 0xff, 0xff, 0xff, 0xff, 0xff, 0xff, 0xff, 0xff, 0xff, 0x0f, 
/* -21- */
0x00, 0x00, 0x00, 0x00, 0xf0, 0xff, 0xff, 0xff, 0xff, 0xff, 0xff, 0xff, 0xff, 0xff, 0xff, 0xff,
0xff, 0xff, 0xff, 0xff, 0xff, 0xff, 0xff, 0xff, 0xff, 0xff, 0x0f, 
/* -22- */
0x00, 0x00, 0x00, 0x00, 0xf0, 0xff, 0xff, 0xff, 0xff, 0xff, 0xff, 0xff, 0xff, 0xff, 0xff, 0xff,
0xff, 0xff, 0xff, 0xff, 0xff, 0xff, 0xff, 0xff, 0x00, 0x00, 0x00, 
/* -23- */
0x00, 0x00, 0x00, 0x00, 0xff, 0xff, 0xff, 0xff, 0xff, 0xff, 0xff, 0xff, 0xff, 0xff, 0xff, 0xff,
0xff, 0xff, 0xff, 0xff, 0xff, 0x0f, 0x00, 0x00, 0x00, 0x00, 0x00, 
/* -24- */
0x00, 0x00, 0x00, 0xf0, 0xff, 0xff, 0xff, 0xff, 0xff, 0xff, 0xff, 0xff, 0xff, 0xff, 0xff, 0xff,
0xff, 0xff, 0xff, 0xff, 0x00, 0x00, 0x00, 0x00, 0x00, 0x00, 0x00, 
/* -25- */
0x00, 0x00, 0x00, 0xf0, 0xff, 0xff, 0xff, 0xff, 0xff, 0xff, 0xff, 0xff, 0xff, 0xff, 0xff, 0xff,
0xff, 0xff, 0xff, 0x00, 0x00, 0x00, 0x00, 0x00, 0x00, 0x00, 0x00, 
/* -26- */
0x00, 0x00, 0x00, 0xff, 0xff, 0xff, 0xff, 0xff, 0xff, 0xff, 0xff, 0xff, 0xff, 0xff, 0xff, 0xff,
0xff, 0xff, 0x00, 0x00, 0x00, 0x00, 0x00, 0x00, 0x00, 0x00, 0x00, 
/* -27- */
0x00, 0x00, 0x00, 0xff, 0xff, 0xff, 0xff, 0xff, 0xff, 0xff, 0xff, 0xff, 0xff, 0xff, 0xff, 0xff,
0xff, 0x0f, 0x00, 0x00, 0x00, 0x00, 0x00, 0x00, 0x00, 0x00, 0x00, 
/* -28- */
0x00, 0x00, 0xf0, 0xff, 0xff, 0xff, 0xff, 0xff, 0xff, 0xff, 0xff, 0xff, 0xff, 0xff, 0xff, 0xff,
0xff, 0x00, 0x00, 0x00, 0x00, 0x00, 0x00, 0x00, 0x00, 0x00, 0x00, 
/* -29- */
0x00, 0x00, 0xf0, 0xff, 0xff, 0xff, 0xff, 0xff, 0xff, 0xff, 0xff, 0xff, 0xff, 0xff, 0xff, 0xff,
0x00, 0x00, 0x00, 0x00, 0x00, 0x00, 0x00, 0x00, 0x00, 0x00, 0x00, 
/* -30- */
0x00, 0x00, 0xff, 0xff, 0xff, 0xff, 0xff, 0xff, 0xff, 0xff, 0xff, 0xff, 0xff, 0xff, 0xff, 0x0f,
0x00, 0x00, 0x00, 0x00, 0x00, 0x00, 0x00, 0x00, 0x00, 0x00, 0x00, 
/* -31- */
0x00, 0x00, 0xff, 0xff, 0xff, 0xff, 0xff, 0xff, 0xff, 0xff, 0xff, 0xff, 0xff, 0xff, 0xff, 0x00,
0x00, 0x00, 0x00, 0x00, 0x00, 0x00, 0x00, 0x00, 0x00, 0x00, 0x00, 
/* -32- */
0x00, 0xf0, 0xff, 0xff, 0xff, 0xff, 0xff, 0xff, 0xff, 0xff, 0xff, 0xff, 0xff, 0xff, 0x0f, 0x00,
0x00, 0x00, 0x00, 0x00, 0x00, 0x00, 0x00, 0x00, 0x00, 0x00, 0x00, 
/* -33- */
0x00, 0xf0, 0xff, 0xff, 0xff, 0xff, 0xff, 0xff, 0xff, 0xff, 0xff, 0xff, 0xff, 0xff, 0x0f, 0x00,
0x00, 0x00, 0x00, 0x00, 0x00, 0x00, 0x00, 0x00, 0x00, 0x00, 0x00, 
/* -34- */
0x00, 0xf0, 0xff, 0xff, 0xff, 0xff, 0xff, 0xff, 0xff, 0xff, 0xff, 0xff, 0xff, 0xff, 0x00, 0x00,
0x00, 0x00, 0x00, 0x00, 0x00, 0x00, 0x00, 0x00, 0x00, 0x00, 0x00, 
/* -35- */
0x00, 0xff, 0xff, 0xff, 0xff, 0xff, 0xff, 0xff, 0xff, 0xff, 0xff, 0xff, 0xff, 0x0f, 0x00, 0x00,
0x00, 0x00, 0x00, 0x00, 0x00, 0x00, 0x00, 0x00, 0x00, 0x00, 0x00, 
/* -36- */
0x00, 0xff, 0xff, 0xff, 0xff, 0xff, 0xff, 0xff, 0xff, 0xff, 0xff, 0xff, 0xff, 0x00, 0x00, 0x00,
0x00, 0x00, 0x00, 0x00, 0x00, 0x00, 0x00, 0x00, 0x00, 0x00, 0x00, 
/* -37- */
0x00, 0xff, 0xff, 0xff, 0xff, 0xff, 0xff, 0xff, 0xff, 0xff, 0xff, 0xff, 0xff, 0x00, 0x00, 0x00,
0x00, 0x00, 0x00, 0x00, 0x00, 0x00, 0x00, 0x00, 0x00, 0x00, 0x00, 
/* -38- */
0xf0, 0xff, 0xff, 0xff, 0xff, 0xff, 0xff, 0xff, 0xff, 0xff, 0xff, 0xff, 0x0f, 0x00, 0x00, 0x00,
0x00, 0x00, 0x00, 0x00, 0x00, 0x00, 0x00, 0x00, 0x00, 0x00, 0x00, 
/* -39- */
0xf0, 0xff, 0xff, 0xff, 0xff, 0xff, 0xff, 0xff, 0xff, 0xff, 0xff, 0xff, 0x0f, 0x00, 0x00, 0x00,
0x00, 0x00, 0x00, 0x00, 0x00, 0x00, 0x00, 0x00, 0x00, 0x00, 0x00, 
/* -40- */
0xf0, 0xff, 0xff, 0xff, 0xff, 0xff, 0xff, 0xff, 0xff, 0xff, 0xff, 0xff, 0x00, 0x00, 0x00, 0x00,
0x00, 0x00, 0x00, 0x00, 0x00, 0x00, 0x00, 0x00, 0x00, 0x00, 0x00, 
/* -41- */
0xf0, 0xff, 0xff, 0xff, 0xff, 0xff, 0xff, 0xff, 0xff, 0xff, 0xff, 0xff, 0x00, 0x00, 0x00, 0x00,
0x00, 0x00, 0x00, 0x00, 0x00, 0x00, 0x00, 0x00, 0x00, 0x00, 0x00, 
/* -42- */
0xff, 0xff, 0xff, 0xff, 0xff, 0xff, 0xff, 0xff, 0xff, 0xff, 0xff, 0xff, 0x00, 0x00, 0x00, 0x00,
0x00, 0x00, 0x00, 0x00, 0x00, 0x00, 0x00, 0x00, 0x00, 0x00, 0x00, 
/* -43- */
0xff, 0xff, 0xff, 0xff, 0xff, 0xff, 0xff, 0xff, 0xff, 0xff, 0xff, 0x0f, 0x00, 0x00, 0x00, 0x00,
0x00, 0x00, 0x00, 0x00, 0x00, 0x00, 0x00, 0x00, 0x00, 0x00, 0x00, 
/* -44- */
0xff, 0xff, 0xff, 0xff, 0xff, 0xff, 0xff, 0xff, 0xff, 0xff, 0xff, 0x0f, 0x00, 0x00, 0x00, 0x00,
0x00, 0x00, 0x00, 0x00, 0x00, 0x00, 0x00, 0x00, 0x00, 0x00, 0x00, 
/* -45- */
0xff, 0xff, 0xff, 0xff, 0xff, 0xff, 0xff, 0xff, 0xff, 0xff, 0xff, 0x0f, 0x00, 0x00, 0x00, 0x00,
0x00, 0x00, 0x00, 0x00, 0x00, 0x00, 0x00, 0x00, 0x00, 0x00, 0x00, 
/* -46- */
0xff, 0xff, 0xff, 0xff, 0xff, 0xff, 0xff, 0xff, 0xff, 0xff, 0xff, 0x0f, 0x00, 0x00, 0x00, 0x00,
0x00, 0x00, 0x00, 0x00, 0x00, 0x00, 0x00, 0x00, 0x00, 0x00, 0x00, 
/* -47- */
0xff, 0xff, 0xff, 0xff, 0xff, 0xff, 0xff, 0xff, 0xff, 0xff, 0xff, 0x0f, 0x00, 0x00, 0x00, 0x00,
0x00, 0x00, 0x00, 0x00, 0x00, 0x00, 0x00, 0x00, 0x00, 0x00, 0x00, 
/* -48- */
0xff, 0xff, 0xff, 0xff, 0xff, 0xff, 0xff, 0xff, 0xff, 0xff, 0xff, 0x00, 0x00, 0x00, 0x00, 0x00,
0x00, 0x00, 0x00, 0x00, 0x00, 0x00, 0x00, 0x00, 0x00, 0x00, 0x00, 
/* -49- */
0xff, 0xff, 0xff, 0xff, 0xff, 0xff, 0xff, 0xff, 0xff, 0xff, 0xff, 0x00, 0x00, 0x00, 0x00, 0x00,
0x00, 0x00, 0x00, 0x00, 0x00, 0x00, 0x00, 0x00, 0x00, 0x00, 0x00, 
/* -50- */
0xff, 0xff, 0xff, 0xff, 0xff, 0xff, 0xff, 0xff, 0xff, 0xff, 0xff, 0x00, 0x00, 0x00, 0x00, 0x00,
0x00, 0x00, 0x00, 0x00, 0x00, 0x00, 0x00, 0x00, 0x00, 0x00, 0x00, 
/* -51- */
0xff, 0xff, 0xff, 0xff, 0xff, 0xff, 0xff, 0xff, 0xff, 0xff, 0xff, 0x00, 0x00, 0x00, 0x00, 0x00,
0x00, 0x00, 0x00, 0x00, 0x00, 0x00, 0x00, 0x00, 0x00, 0x00, 0x00, 
/* -52- */
0xff, 0xff, 0xff, 0xff, 0xff, 0xff, 0xff, 0xff, 0xff, 0xff, 0xff, 0x00, 0x00, 0x00, 0x00, 0x00,
0x00, 0x00, 0x00, 0x00, 0x00, 0x00, 0x00, 0x00, 0x00, 0x00, 0x00, 
};


ARM_SECTION("arm2d.asset.c_bmp_arc_quarter_mask_png_GRAY8")
const uint8_t c_bmp_arc_quarter_mask_png_GRAY8[53*53] = {
/* -0- */
0xff, 0xff, 0xff, 0xff, 0xff, 0xff, 0xff, 0xff, 0xff, 0xff, 0xff, 0xff, 0xff, 0xff, 0xff, 0xff, 0xff, 0xff, 0xff, 0xff, 0xff, 0xff, 0xff, 0xff, 0xff, 0xff, 0xff, 0xff, 0xff, 0xff, 0xff, 0xff,
0xff, 0xff, 0xff, 0xff, 0xff, 0xff, 0xff, 0xff, 0xff, 0xff, 0xdb, 0xcb, 0xbe, 0xb0, 0xa6, 0x9d, 0x96, 0x91, 0x8e, 0x8d, 0x8e, 
/* -1- */
0xff, 0xff, 0xff, 0xff, 0xff, 0xff, 0xff, 0xff, 0xff, 0xff, 0xff, 0xff, 0xff, 0xff, 0xff, 0xff, 0xff, 0xff, 0xff, 0xff, 0xff, 0xff, 0xff, 0xff, 0xff, 0xff, 0xff, 0xff, 0xff, 0xff, 0xff, 0xff,
0xff, 0xff, 0xff, 0xff, 0xff, 0xff, 0xcf, 0xb8, 0xa2, 0x91, 0x8d, 0x8d, 0x8d, 0x8d, 0x8d, 0x8d, 0x8d, 0x8d, 0x8d, 0x8d, 0x8d, 
/* -2- */
0xff, 0xff, 0xff, 0xff, 0xff, 0xff, 0xff, 0xff, 0xff, 0xff, 0xff, 0xff, 0xff, 0xff, 0xff, 0xff, 0xff, 0xff, 0xff, 0xff, 0xff, 0xff, 0xff, 0xff, 0xff, 0xff, 0xff, 0xff, 0xff, 0xff, 0xff, 0xff,
0xff, 0xff, 0xff, 0xc5, 0xa7, 0x92, 0x8d, 0x8d, 0x8d, 0x8d, 0x8d, 0x8d, 0x8d, 0x8d, 0x8d, 0x8d, 0x8d, 0x8d, 0x8d, 0x8d, 0x8d, 
/* -3- */
0xff, 0xff, 0xff, 0xff, 0xff, 0xff, 0xff, 0xff, 0xff, 0xff, 0xff, 0xff, 0xff, 0xff, 0xff, 0xff, 0xff, 0xff, 0xff, 0xff, 0xff, 0xff, 0xff, 0xff, 0xff, 0xff, 0xff, 0xff, 0xff, 0xff, 0xff, 0xff,
0xcb, 0xa9, 0x90, 0x8d, 0x8d, 0x8d, 0x8d, 0x8d, 0x8d, 0x8d, 0x8d, 0x8d, 0x8d, 0x8d, 0x8d, 0x8d, 0x8d, 0x8d, 0x8d, 0x8d, 0x8d, 
/* -4- */
0xff, 0xff, 0xff, 0xff, 0xff, 0xff, 0xff, 0xff, 0xff, 0xff, 0xff, 0xff, 0xff, 0xff, 0xff, 0xff, 0xff, 0xff, 0xff, 0xff, 0xff, 0xff, 0xff, 0xff, 0xff, 0xff, 0xff, 0xff, 0xff, 0xff, 0xbf, 0x9c,
0x8d, 0x8d, 0x8d, 0x8d, 0x8d, 0x8d, 0x8d, 0x8d, 0x8d, 0x8d, 0x8d, 0x8d, 0x8d, 0x8d, 0x8d, 0x8d, 0x8d, 0x8d, 0x8d, 0x8d, 0x8d, 
/* -5- */
0xff, 0xff, 0xff, 0xff, 0xff, 0xff, 0xff, 0xff, 0xff, 0xff, 0xff, 0xff, 0xff, 0xff, 0xff, 0xff, 0xff, 0xff, 0xff, 0xff, 0xff, 0xff, 0xff, 0xff, 0xff, 0xff, 0xff, 0xff, 0xba, 0x97, 0x8d, 0x8d,
0x8d, 0x8d, 0x8d, 0x8d, 0x8d, 0x8d, 0x8d, 0x8d, 0x8d, 0x8d, 0x8d, 0x8d, 0x8d, 0x8d, 0x8d, 0x8d, 0x8d, 0x8d, 0x8d, 0x8d, 0x8d, 
/* -6- */
0xff, 0xff, 0xff, 0xff, 0xff, 0xff, 0xff, 0xff, 0xff, 0xff, 0xff, 0xff, 0xff, 0xff, 0xff, 0xff, 0xff, 0xff, 0xff, 0xff, 0xff, 0xff, 0xff, 0xff, 0xff, 0xff, 0xbe, 0x99, 0x8d, 0x8d, 0x8d, 0x8d,
0x8d, 0x8d, 0x8d, 0x8d, 0x8d, 0x8d, 0x8d, 0x8d, 0x8d, 0x8d, 0x8d, 0x8d, 0x8d, 0x8d, 0x8d, 0x8d, 0x8d, 0x8d, 0x8d, 0x8d, 0x8d, 
/* -7- */
0xff, 0xff, 0xff, 0xff, 0xff, 0xff, 0xff, 0xff, 0xff, 0xff, 0xff, 0xff, 0xff, 0xff, 0xff, 0xff, 0xff, 0xff, 0xff, 0xff, 0xff, 0xff, 0xff, 0xff, 0xcc, 0xa2, 0x8d, 0x8d, 0x8d, 0x8d, 0x8d, 0x8d,
0x8d, 0x8d, 0x8d, 0x8d, 0x8d, 0x8d, 0x8d, 0x8d, 0x8d, 0x8d, 0x8d, 0x8d, 0x8d, 0x8d, 0x8d, 0x8d, 0x8d, 0x8d, 0x8d, 0x8d, 0x8d, 
/* -8- */
0xff, 0xff, 0xff, 0xff, 0xff, 0xff, 0xff, 0xff, 0xff, 0xff, 0xff, 0xff, 0xff, 0xff, 0xff, 0xff, 0xff, 0xff, 0xff, 0xff, 0xff, 0xff, 0xff, 0xb1, 0x8d, 0x8d, 0x8d, 0x8d, 0x8d, 0x8d, 0x8d, 0x8d,
0x8d, 0x8d, 0x8d, 0x8d, 0x8d, 0x8d, 0x8d, 0x8d, 0x8d, 0x8d, 0x8d, 0x8d, 0x8d, 0x8d, 0x8d, 0x8d, 0x8d, 0x8d, 0x8d, 0x8d, 0x8d, 
/* -9- */
0xff, 0xff, 0xff, 0xff, 0xff, 0xff, 0xff, 0xff, 0xff, 0xff, 0xff, 0xff, 0xff, 0xff, 0xff, 0xff, 0xff, 0xff, 0xff, 0xff, 0xff, 0xcc, 0x9d, 0x8d, 0x8d, 0x8d, 0x8d, 0x8d, 0x8d, 0x8d, 0x8d, 0x8d,
0x8d, 0x8d, 0x8d, 0x8d, 0x8d, 0x8d, 0x8d, 0x8d, 0x8d, 0x8d, 0x8d, 0x8d, 0x8d, 0x8d, 0x8d, 0x8d, 0x8d, 0x8d, 0x8d, 0x8d, 0x8d, 
/* -10- */
0xff, 0xff, 0xff, 0xff, 0xff, 0xff, 0xff, 0xff, 0xff, 0xff, 0xff, 0xff, 0xff, 0xff, 0xff, 0xff, 0xff, 0xff, 0xff, 0xff, 0xb7, 0x8d, 0x8d, 0x8d, 0x8d, 0x8d, 0x8d, 0x8d, 0x8d, 0x8d, 0x8d, 0x8d,
0x8d, 0x8d, 0x8d, 0x8d, 0x8d, 0x8d, 0x8d, 0x8d, 0x8d, 0x8d, 0x8d, 0x8d, 0x8d, 0x8d, 0x8d, 0x8d, 0x8d, 0x8d, 0x8d, 0x8d, 0x8d, 
/* -11- */
0xff, 0xff, 0xff, 0xff, 0xff, 0xff, 0xff, 0xff, 0xff, 0xff, 0xff, 0xff, 0xff, 0xff, 0xff, 0xff, 0xff, 0xff, 0xff, 0xab, 0x8d, 0x8d, 0x8d, 0x8d, 0x8d, 0x8d, 0x8d, 0x8d, 0x8d, 0x8d, 0x8d, 0x8d,
0x8d, 0x8d, 0x8d, 0x8d, 0x8d, 0x8d, 0x8d, 0x8d, 0x8d, 0x8d, 0x8d, 0x8d, 0x8d, 0x8d, 0x8d, 0x8d, 0x8d, 0x8d, 0x8d, 0x8d, 0x8d, 
/* -12- */
0xff, 0xff, 0xff, 0xff, 0xff, 0xff, 0xff, 0xff, 0xff, 0xff, 0xff, 0xff, 0xff, 0xff, 0xff, 0xff, 0xff, 0xd8, 0xa3, 0x8d, 0x8d, 0x8d, 0x8d, 0x8d, 0x8d, 0x8d, 0x8d, 0x8d, 0x8d, 0x8d, 0x8d, 0x8d,
0x8d, 0x8d, 0x8d, 0x8d, 0x8d, 0x8d, 0x8d, 0x8d, 0x8d, 0x8d, 0x8d, 0x8d, 0x8d, 0x8d, 0x8d, 0x8d, 0x8d, 0x8d, 0x8d, 0x8d, 0x8d, 
/* -13- */
0xff, 0xff, 0xff, 0xff, 0xff, 0xff, 0xff, 0xff, 0xff, 0xff, 0xff, 0xff, 0xff, 0xff, 0xff, 0xff, 0xcf, 0x9b, 0x8d, 0x8d, 0x8d, 0x8d, 0x8d, 0x8d, 0x8d, 0x8d, 0x8d, 0x8d, 0x8d, 0x8d, 0x8d, 0x8d,
0x8d, 0x8d, 0x8d, 0x8d, 0x8d, 0x8d, 0x8d, 0x8d, 0x8d, 0x8d, 0x8d, 0x8d, 0x8d, 0x8d, 0x8d, 0x8d, 0x8d, 0x8d, 0x8d, 0x8d, 0x8d, 
/* -14- */
0xff, 0xff, 0xff, 0xff, 0xff, 0xff, 0xff, 0xff, 0xff, 0xff, 0xff, 0xff, 0xff, 0xff, 0xff, 0xcc, 0x96, 0x8d, 0x8d, 0x8d, 0x8d, 0x8d, 0x8d, 0x8d, 0x8d, 0x8d, 0x8d, 0x8d, 0x8d, 0x8d, 0x8d, 0x8d,
0x8d, 0x8d, 0x8d, 0x8d, 0x8d, 0x8d, 0x8d, 0x8d, 0x8d, 0x8d, 0x8d, 0x8d, 0x8d, 0x8d, 0x8d, 0x8d, 0x8d, 0x8d, 0x8d, 0x8d, 0x8d, 
/* -15- */
0xff, 0xff, 0xff, 0xff, 0xff, 0xff, 0xff, 0xff, 0xff, 0xff, 0xff, 0xff, 0xff, 0xff, 0xcc, 0x95, 0x8d, 0x8d, 0x8d, 0x8d, 0x8d, 0x8d, 0x8d, 0x8d, 0x8d, 0x8d, 0x8d, 0x8d, 0x8d, 0x8d, 0x8d, 0x8d,
0x8d, 0x8d, 0x8d, 0x8d, 0x8d, 0x8d, 0x8d, 0x8d, 0x8d, 0x8d, 0x8d, 0x8d, 0x8d, 0x8d, 0x8d, 0x8d, 0x8d, 0x8d, 0x8d, 0x8d, 0x8d, 
/* -16- */
0xff, 0xff, 0xff, 0xff, 0xff, 0xff, 0xff, 0xff, 0xff, 0xff, 0xff, 0xff, 0xff, 0xd0, 0x96, 0x8d, 0x8d, 0x8d, 0x8d, 0x8d, 0x8d, 0x8d, 0x8d, 0x8d, 0x8d, 0x8d, 0x8d, 0x8d, 0x8d, 0x8d, 0x8d, 0x8d,
0x8d, 0x8d, 0x8d, 0x8d, 0x8d, 0x8d, 0x8d, 0x8d, 0x8d, 0x8d, 0x8d, 0x8d, 0x8d, 0x8d, 0x8d, 0x8d, 0x8d, 0x8d, 0x8d, 0x8d, 0x8d, 
/* -17- */
0xff, 0xff, 0xff, 0xff, 0xff, 0xff, 0xff, 0xff, 0xff, 0xff, 0xff, 0xff, 0xd8, 0x9b, 0x8d, 0x8d, 0x8d, 0x8d, 0x8d, 0x8d, 0x8d, 0x8d, 0x8d, 0x8d, 0x8d, 0x8d, 0x8d, 0x8d, 0x8d, 0x8d, 0x8d, 0x8d,
0x8d, 0x8d, 0x8d, 0x8d, 0x8d, 0x8d, 0x8d, 0x8d, 0x8d, 0x8d, 0x8d, 0x8d, 0x8d, 0x8d, 0x8d, 0x8d, 0x8d, 0x8d, 0x8d, 0x8d, 0x8d, 
/* -18- */
0xff, 0xff, 0xff, 0xff, 0xff, 0xff, 0xff, 0xff, 0xff, 0xff, 0xff, 0xde, 0xa3, 0x8d, 0x8d, 0x8d, 0x8d, 0x8d, 0x8d, 0x8d, 0x8d, 0x8d, 0x8d, 0x8d, 0x8d, 0x8d, 0x8d, 0x8d, 0x8d, 0x8d, 0x8d, 0x8d,
0x8d, 0x8d, 0x8d, 0x8d, 0x8d, 0x8d, 0x8d, 0x8d, 0x8d, 0x8d, 0x8d, 0x8d, 0x8d, 0x8d, 0x8d, 0x8d, 0x8d, 0x8d, 0x8d, 0x8d, 0x8d, 
/* -19- */
0xff, 0xff, 0xff, 0xff, 0xff, 0xff, 0xff, 0xff, 0xff, 0xff, 0xff, 0xab, 0x8d, 0x8d, 0x8d, 0x8d, 0x8d, 0x8d, 0x8d, 0x8d, 0x8d, 0x8d, 0x8d, 0x8d, 0x8d, 0x8d, 0x8d, 0x8d, 0x8d, 0x8d, 0x8d, 0x8d,
0x8d, 0x8d, 0x8d, 0x8d, 0x8d, 0x8d, 0x8d, 0x8d, 0x8d, 0x8d, 0x8d, 0x8d, 0x8d, 0x8d, 0x8d, 0x8d, 0x8d, 0x8d, 0x8d, 0x8d, 0x8d, 
/* -20- */
0xff, 0xff, 0xff, 0xff, 0xff, 0xff, 0xff, 0xff, 0xff, 0xff, 0xb7, 0x8d, 0x8d, 0x8d, 0x8d, 0x8d, 0x8d, 0x8d, 0x8d, 0x8d, 0x8d, 0x8d, 0x8d, 0x8d, 0x8d, 0x8d, 0x8d, 0x8d, 0x8d, 0x8d, 0x8d, 0x8d,
0x8d, 0x8d, 0x8d, 0x8d, 0x8d, 0x8d, 0x8d, 0x8d, 0x8d, 0x8d, 0x8d, 0x8d, 0x8d, 0x8d, 0x8d, 0x8d, 0x8d, 0x8d, 0x8d, 0x8d, 0x8d, 
/* -21- */
0xff, 0xff, 0xff, 0xff, 0xff, 0xff, 0xff, 0xff, 0xff, 0xcc, 0x8d, 0x8d, 0x8d, 0x8d, 0x8d, 0x8d, 0x8d, 0x8d, 0x8d, 0x8d, 0x8d, 0x8d, 0x8d, 0x8d, 0x8d, 0x8d, 0x8d, 0x8d, 0x8d, 0x8d, 0x8d, 0x8d,
0x8d, 0x8d, 0x8d, 0x8d, 0x8d, 0x8d, 0x8d, 0x8d, 0x8d, 0x8d, 0x8d, 0x8e, 0x90, 0x95, 0x98, 0x9d, 0x9e, 0xa0, 0xa1, 0xa1, 0xa1, 
/* -22- */
0xff, 0xff, 0xff, 0xff, 0xff, 0xff, 0xff, 0xff, 0xff, 0x9d, 0x8d, 0x8d, 0x8d, 0x8d, 0x8d, 0x8d, 0x8d, 0x8d, 0x8d, 0x8d, 0x8d, 0x8d, 0x8d, 0x8d, 0x8d, 0x8d, 0x8d, 0x8d, 0x8d, 0x8d, 0x8d, 0x8d,
0x8d, 0x8d, 0x8d, 0x8d, 0x8d, 0x8d, 0x8d, 0x8d, 0x8e, 0x92, 0x9a, 0xa1, 0xb0, 0xc0, 0xce, 0xda, 0xff, 0xff, 0xff, 0xff, 0xff, 
/* -23- */
0xff, 0xff, 0xff, 0xff, 0xff, 0xff, 0xff, 0xff, 0xb1, 0x8d, 0x8d, 0x8d, 0x8d, 0x8d, 0x8d, 0x8d, 0x8d, 0x8d, 0x8d, 0x8d, 0x8d, 0x8d, 0x8d, 0x8d, 0x8d, 0x8d, 0x8d, 0x8d, 0x8d, 0x8d, 0x8d, 0x8d,
0x8d, 0x8d, 0x8d, 0x8d, 0x8d, 0x8d, 0x90, 0x96, 0xa4, 0xb8, 0xd1, 0xff, 0xff, 0xff, 0xff, 0xff, 0xff, 0xff, 0xff, 0xff, 0xff, 
/* -24- */
0xff, 0xff, 0xff, 0xff, 0xff, 0xff, 0xff, 0xcc, 0x8d, 0x8d, 0x8d, 0x8d, 0x8d, 0x8d, 0x8d, 0x8d, 0x8d, 0x8d, 0x8d, 0x8d, 0x8d, 0x8d, 0x8d, 0x8d, 0x8d, 0x8d, 0x8d, 0x8d, 0x8d, 0x8d, 0x8d, 0x8d,
0x8d, 0x8d, 0x8d, 0x8d, 0x90, 0x98, 0xaa, 0xc6, 0xff, 0xff, 0xff, 0xff, 0xff, 0xff, 0xff, 0xff, 0xff, 0xff, 0xff, 0xff, 0xff, 
/* -25- */
0xff, 0xff, 0xff, 0xff, 0xff, 0xff, 0xff, 0xa2, 0x8d, 0x8d, 0x8d, 0x8d, 0x8d, 0x8d, 0x8d, 0x8d, 0x8d, 0x8d, 0x8d, 0x8d, 0x8d, 0x8d, 0x8d, 0x8d, 0x8d, 0x8d, 0x8d, 0x8d, 0x8d, 0x8d, 0x8d, 0x8d,
0x8d, 0x8d, 0x8e, 0x95, 0xa8, 0xc7, 0xff, 0xff, 0xff, 0xff, 0xff, 0xff, 0xff, 0xff, 0xff, 0xff, 0xff, 0xff, 0xff, 0xff, 0xff, 
/* -26- */
0xff, 0xff, 0xff, 0xff, 0xff, 0xff, 0xbe, 0x8d, 0x8d, 0x8d, 0x8d, 0x8d, 0x8d, 0x8d, 0x8d, 0x8d, 0x8d, 0x8d, 0x8d, 0x8d, 0x8d, 0x8d, 0x8d, 0x8d, 0x8d, 0x8d, 0x8d, 0x8d, 0x8d, 0x8d, 0x8d, 0x8d,
0x8d, 0x90, 0x9e, 0xbd, 0xff, 0xff, 0xff, 0xff, 0xff, 0xff, 0xff, 0xff, 0xff, 0xff, 0xff, 0xff, 0xff, 0xff, 0xff, 0xff, 0xff, 
/* -27- */
0xff, 0xff, 0xff, 0xff, 0xff, 0xff, 0x99, 0x8d, 0x8d, 0x8d, 0x8d, 0x8d, 0x8d, 0x8d, 0x8d, 0x8d, 0x8d, 0x8d, 0x8d, 0x8d, 0x8d, 0x8d, 0x8d, 0x8d, 0x8d, 0x8d, 0x8d, 0x8d, 0x8d, 0x8d, 0x8d, 0x8d,
0x92, 0xa9, 0xd2, 0xff, 0xff, 0xff, 0xff, 0xff, 0xff, 0xff, 0xff, 0xff, 0xff, 0xff, 0xff, 0xff, 0xff, 0xff, 0xff, 0xff, 0xff, 
/* -28- */
0xff, 0xff, 0xff, 0xff, 0xff, 0xba, 0x8d, 0x8d, 0x8d, 0x8d, 0x8d, 0x8d, 0x8d, 0x8d, 0x8d, 0x8d, 0x8d, 0x8d, 0x8d, 0x8d, 0x8d, 0x8d, 0x8d, 0x8d, 0x8d, 0x8d, 0x8d, 0x8d, 0x8d, 0x8d, 0x8e, 0x94,
0xb1, 0xdd, 0xff, 0xff, 0xff, 0xff, 0xff, 0xff, 0xff, 0xff, 0xff, 0xff, 0xff, 0xff, 0xff, 0xff, 0xff, 0xff, 0xff, 0xff, 0xff, 
/* -29- */
0xff, 0xff, 0xff, 0xff, 0xff, 0x97, 0x8d, 0x8d, 0x8d, 0x8d, 0x8d, 0x8d, 0x8d, 0x8d, 0x8d, 0x8d, 0x8d, 0x8d, 0x8d, 0x8d, 0x8d, 0x8d, 0x8d, 0x8d, 0x8d, 0x8d, 0x8d, 0x8d, 0x8d, 0x8e, 0x96, 0xb7,
0xff, 0xff, 0xff, 0xff, 0xff, 0xff, 0xff, 0xff, 0xff, 0xff, 0xff, 0xff, 0xff, 0xff, 0xff, 0xff, 0xff, 0xff, 0xff, 0xff, 0xff, 
/* -30- */
0xff, 0xff, 0xff, 0xff, 0xbf, 0x8d, 0x8d, 0x8d, 0x8d, 0x8d, 0x8d, 0x8d, 0x8d, 0x8d, 0x8d, 0x8d, 0x8d, 0x8d, 0x8d, 0x8d, 0x8d, 0x8d, 0x8d, 0x8d, 0x8d, 0x8d, 0x8d, 0x8d, 0x8e, 0x96, 0xbb, 0xff,
0xff, 0xff, 0xff, 0xff, 0xff, 0xff, 0xff, 0xff, 0xff, 0xff, 0xff, 0xff, 0xff, 0xff, 0xff, 0xff, 0xff, 0xff, 0xff, 0xff, 0xff, 
/* -31- */
0xff, 0xff, 0xff, 0xff, 0x9d, 0x8d, 0x8d, 0x8d, 0x8d, 0x8d, 0x8d, 0x8d, 0x8d, 0x8d, 0x8d, 0x8d, 0x8d, 0x8d, 0x8d, 0x8d, 0x8d, 0x8d, 0x8d, 0x8d, 0x8d, 0x8d, 0x8d, 0x8d, 0x94, 0xb7, 0xff, 0xff,
0xff, 0xff, 0xff, 0xff, 0xff, 0xff, 0xff, 0xff, 0xff, 0xff, 0xff, 0xff, 0xff, 0xff, 0xff, 0xff, 0xff, 0xff, 0xff, 0xff, 0xff, 
/* -32- */
0xff, 0xff, 0xff, 0xcb, 0x8d, 0x8d, 0x8d, 0x8d, 0x8d, 0x8d, 0x8d, 0x8d, 0x8d, 0x8d, 0x8d, 0x8d, 0x8d, 0x8d, 0x8d, 0x8d, 0x8d, 0x8d, 0x8d, 0x8d, 0x8d, 0x8d, 0x8d, 0x92, 0xb1, 0xff, 0xff, 0xff,
0xff, 0xff, 0xff, 0xff, 0xff, 0xff, 0xff, 0xff, 0xff, 0xff, 0xff, 0xff, 0xff, 0xff, 0xff, 0xff, 0xff, 0xff, 0xff, 0xff, 0xff, 
/* -33- */
0xff, 0xff, 0xff, 0xa9, 0x8d, 0x8d, 0x8d, 0x8d, 0x8d, 0x8d, 0x8d, 0x8d, 0x8d, 0x8d, 0x8d, 0x8d, 0x8d, 0x8d, 0x8d, 0x8d, 0x8d, 0x8d, 0x8d, 0x8d, 0x8d, 0x8d, 0x90, 0xa9, 0xdd, 0xff, 0xff, 0xff,
0xff, 0xff, 0xff, 0xff, 0xff, 0xff, 0xff, 0xff, 0xff, 0xff, 0xff, 0xff, 0xff, 0xff, 0xff, 0xff, 0xff, 0xff, 0xff, 0xff, 0xff, 
/* -34- */
0xff, 0xff, 0xff, 0x90, 0x8d, 0x8d, 0x8d, 0x8d, 0x8d, 0x8d, 0x8d, 0x8d, 0x8d, 0x8d, 0x8d, 0x8d, 0x8d, 0x8d, 0x8d, 0x8d, 0x8d, 0x8d, 0x8d, 0x8d, 0x8d, 0x8e, 0x9e, 0xd3, 0xff, 0xff, 0xff, 0xff,
0xff, 0xff, 0xff, 0xff, 0xff, 0xff, 0xff, 0xff, 0xff, 0xff, 0xff, 0xff, 0xff, 0xff, 0xff, 0xff, 0xff, 0xff, 0xff, 0xff, 0xff, 
/* -35- */
0xff, 0xff, 0xc5, 0x8d, 0x8d, 0x8d, 0x8d, 0x8d, 0x8d, 0x8d, 0x8d, 0x8d, 0x8d, 0x8d, 0x8d, 0x8d, 0x8d, 0x8d, 0x8d, 0x8d, 0x8d, 0x8d, 0x8d, 0x8d, 0x8d, 0x95, 0xbd, 0xff, 0xff, 0xff, 0xff, 0xff,
0xff, 0xff, 0xff, 0xff, 0xff, 0xff, 0xff, 0xff, 0xff, 0xff, 0xff, 0xff, 0xff, 0xff, 0xff, 0xff, 0xff, 0xff, 0xff, 0xff, 0xff, 
/* -36- */
0xff, 0xff, 0xa7, 0x8d, 0x8d, 0x8d, 0x8d, 0x8d, 0x8d, 0x8d, 0x8d, 0x8d, 0x8d, 0x8d, 0x8d, 0x8d, 0x8d, 0x8d, 0x8d, 0x8d, 0x8d, 0x8d, 0x8d, 0x8d, 0x90, 0xa8, 0xff, 0xff, 0xff, 0xff, 0xff, 0xff,
0xff, 0xff, 0xff, 0xff, 0xff, 0xff, 0xff, 0xff, 0xff, 0xff, 0xff, 0xff, 0xff, 0xff, 0xff, 0xff, 0xff, 0xff, 0xff, 0xff, 0xff, 
/* -37- */
0xff, 0xff, 0x92, 0x8d, 0x8d, 0x8d, 0x8d, 0x8d, 0x8d, 0x8d, 0x8d, 0x8d, 0x8d, 0x8d, 0x8d, 0x8d, 0x8d, 0x8d, 0x8d, 0x8d, 0x8d, 0x8d, 0x8d, 0x8d, 0x98, 0xc8, 0xff, 0xff, 0xff, 0xff, 0xff, 0xff,
0xff, 0xff, 0xff, 0xff, 0xff, 0xff, 0xff, 0xff, 0xff, 0xff, 0xff, 0xff, 0xff, 0xff, 0xff, 0xff, 0xff, 0xff, 0xff, 0xff, 0xff, 
/* -38- */
0xff, 0xcf, 0x8d, 0x8d, 0x8d, 0x8d, 0x8d, 0x8d, 0x8d, 0x8d, 0x8d, 0x8d, 0x8d, 0x8d, 0x8d, 0x8d, 0x8d, 0x8d, 0x8d, 0x8d, 0x8d, 0x8d, 0x8d, 0x90, 0xaa, 0xff, 0xff, 0xff, 0xff, 0xff, 0xff, 0xff,
0xff, 0xff, 0xff, 0xff, 0xff, 0xff, 0xff, 0xff, 0xff, 0xff, 0xff, 0xff, 0xff, 0xff, 0xff, 0xff, 0xff, 0xff, 0xff, 0xff, 0xff, 
/* -39- */
0xff, 0xb8, 0x8d, 0x8d, 0x8d, 0x8d, 0x8d, 0x8d, 0x8d, 0x8d, 0x8d, 0x8d, 0x8d, 0x8d, 0x8d, 0x8d, 0x8d, 0x8d, 0x8d, 0x8d, 0x8d, 0x8d, 0x8d, 0x96, 0xc6, 0xff, 0xff, 0xff, 0xff, 0xff, 0xff, 0xff,
0xff, 0xff, 0xff, 0xff, 0xff, 0xff, 0xff, 0xff, 0xff, 0xff, 0xff, 0xff, 0xff, 0xff, 0xff, 0xff, 0xff, 0xff, 0xff, 0xff, 0xff, 
/* -40- */
0xff, 0xa2, 0x8d, 0x8d, 0x8d, 0x8d, 0x8d, 0x8d, 0x8d, 0x8d, 0x8d, 0x8d, 0x8d, 0x8d, 0x8d, 0x8d, 0x8d, 0x8d, 0x8d, 0x8d, 0x8d, 0x8d, 0x8e, 0xa4, 0xff, 0xff, 0xff, 0xff, 0xff, 0xff, 0xff, 0xff,
0xff, 0xff, 0xff, 0xff, 0xff, 0xff, 0xff, 0xff, 0xff, 0xff, 0xff, 0xff, 0xff, 0xff, 0xff, 0xff, 0xff, 0xff, 0xff, 0xff, 0xff, 
/* -41- */
0xff, 0x91, 0x8d, 0x8d, 0x8d, 0x8d, 0x8d, 0x8d, 0x8d, 0x8d, 0x8d, 0x8d, 0x8d, 0x8d, 0x8d, 0x8d, 0x8d, 0x8d, 0x8d, 0x8d, 0x8d, 0x8d, 0x92, 0xb8, 0xff, 0xff, 0xff, 0xff, 0xff, 0xff, 0xff, 0xff,
0xff, 0xff, 0xff, 0xff, 0xff, 0xff, 0xff, 0xff, 0xff, 0xff, 0xff, 0xff, 0xff, 0xff, 0xff, 0xff, 0xff, 0xff, 0xff, 0xff, 0xff, 
/* -42- */
0xdb, 0x8d, 0x8d, 0x8d, 0x8d, 0x8d, 0x8d, 0x8d, 0x8d, 0x8d, 0x8d, 0x8d, 0x8d, 0x8d, 0x8d, 0x8d, 0x8d, 0x8d, 0x8d, 0x8d, 0x8d, 0x8d, 0x99, 0xd1, 0xff, 0xff, 0xff, 0xff, 0xff, 0xff, 0xff, 0xff,
0xff, 0xff, 0xff, 0xff, 0xff, 0xff, 0xff, 0xff, 0xff, 0xff, 0xff, 0xff, 0xff, 0xff, 0xff, 0xff, 0xff, 0xff, 0xff, 0xff, 0xff, 
/* -43- */
0xcb, 0x8d, 0x8d, 0x8d, 0x8d, 0x8d, 0x8d, 0x8d, 0x8d, 0x8d, 0x8d, 0x8d, 0x8d, 0x8d, 0x8d, 0x8d, 0x8d, 0x8d, 0x8d, 0x8d, 0x8d, 0x8e, 0xa2, 0xff, 0xff, 0xff, 0xff, 0xff, 0xff, 0xff, 0xff, 0xff,
0xff, 0xff, 0xff, 0xff, 0xff, 0xff, 0xff, 0xff, 0xff, 0xff, 0xff, 0xff, 0xff, 0xff, 0xff, 0xff, 0xff, 0xff, 0xff, 0xff, 0xff, 
/* -44- */
0xbe, 0x8d, 0x8d, 0x8d, 0x8d, 0x8d, 0x8d, 0x8d, 0x8d, 0x8d, 0x8d, 0x8d, 0x8d, 0x8d, 0x8d, 0x8d, 0x8d, 0x8d, 0x8d, 0x8d, 0x8d, 0x90, 0xb0, 0xff, 0xff, 0xff, 0xff, 0xff, 0xff, 0xff, 0xff, 0xff,
0xff, 0xff, 0xff, 0xff, 0xff, 0xff, 0xff, 0xff, 0xff, 0xff, 0xff, 0xff, 0xff, 0xff, 0xff, 0xff, 0xff, 0xff, 0xff, 0xff, 0xff, 
/* -45- */
0xb0, 0x8d, 0x8d, 0x8d, 0x8d, 0x8d, 0x8d, 0x8d, 0x8d, 0x8d, 0x8d, 0x8d, 0x8d, 0x8d, 0x8d, 0x8d, 0x8d, 0x8d, 0x8d, 0x8d, 0x8d, 0x95, 0xbf, 0xff, 0xff, 0xff, 0xff, 0xff, 0xff, 0xff, 0xff, 0xff,
0xff, 0xff, 0xff, 0xff, 0xff, 0xff, 0xff, 0xff, 0xff, 0xff, 0xff, 0xff, 0xff, 0xff, 0xff, 0xff, 0xff, 0xff, 0xff, 0xff, 0xff, 
/* -46- */
0xa6, 0x8d, 0x8d, 0x8d, 0x8d, 0x8d, 0x8d, 0x8d, 0x8d, 0x8d, 0x8d, 0x8d, 0x8d, 0x8d, 0x8d, 0x8d, 0x8d, 0x8d, 0x8d, 0x8d, 0x8d, 0x99, 0xce, 0xff, 0xff, 0xff, 0xff, 0xff, 0xff, 0xff, 0xff, 0xff,
0xff, 0xff, 0xff, 0xff, 0xff, 0xff, 0xff, 0xff, 0xff, 0xff, 0xff, 0xff, 0xff, 0xff, 0xff, 0xff, 0xff, 0xff, 0xff, 0xff, 0xff, 
/* -47- */
0x9d, 0x8d, 0x8d, 0x8d, 0x8d, 0x8d, 0x8d, 0x8d, 0x8d, 0x8d, 0x8d, 0x8d, 0x8d, 0x8d, 0x8d, 0x8d, 0x8d, 0x8d, 0x8d, 0x8d, 0x8d, 0x9d, 0xda, 0xff, 0xff, 0xff, 0xff, 0xff, 0xff, 0xff, 0xff, 0xff,
0xff, 0xff, 0xff, 0xff, 0xff, 0xff, 0xff, 0xff, 0xff, 0xff, 0xff, 0xff, 0xff, 0xff, 0xff, 0xff, 0xff, 0xff, 0xff, 0xff, 0xff, 
/* -48- */
0x96, 0x8d, 0x8d, 0x8d, 0x8d, 0x8d, 0x8d, 0x8d, 0x8d, 0x8d, 0x8d, 0x8d, 0x8d, 0x8d, 0x8d, 0x8d, 0x8d, 0x8d, 0x8d, 0x8d, 0x8d, 0x9e, 0xff, 0xff, 0xff, 0xff, 0xff, 0xff, 0xff, 0xff, 0xff, 0xff,
0xff, 0xff, 0xff, 0xff, 0xff, 0xff, 0xff, 0xff, 0xff, 0xff, 0xff, 0xff, 0xff, 0xff, 0xff, 0xff, 0xff, 0xff, 0xff, 0xff, 0xff, 
/* -49- */
0x91, 0x8d, 0x8d, 0x8d, 0x8d, 0x8d, 0x8d, 0x8d, 0x8d, 0x8d, 0x8d, 0x8d, 0x8d, 0x8d, 0x8d, 0x8d, 0x8d, 0x8d, 0x8d, 0x8d, 0x8d, 0xa0, 0xff, 0xff, 0xff, 0xff, 0xff, 0xff, 0xff, 0xff, 0xff, 0xff,
0xff, 0xff, 0xff, 0xff, 0xff, 0xff, 0xff, 0xff, 0xff, 0xff, 0xff, 0xff, 0xff, 0xff, 0xff, 0xff, 0xff, 0xff, 0xff, 0xff, 0xff, 
/* -50- */
0x8e, 0x8d, 0x8d, 0x8d, 0x8d, 0x8d, 0x8d, 0x8d, 0x8d, 0x8d, 0x8d, 0x8d, 0x8d, 0x8d, 0x8d, 0x8d, 0x8d, 0x8d, 0x8d, 0x8d, 0x8d, 0xa1, 0xff, 0xff, 0xff, 0xff, 0xff, 0xff, 0xff, 0xff, 0xff, 0xff,
0xff, 0xff, 0xff, 0xff, 0xff, 0xff, 0xff, 0xff, 0xff, 0xff, 0xff, 0xff, 0xff, 0xff, 0xff, 0xff, 0xff, 0xff, 0xff, 0xff, 0xff, 
/* -51- */
0x8d, 0x8d, 0x8d, 0x8d, 0x8d, 0x8d, 0x8d, 0x8d, 0x8d, 0x8d, 0x8d, 0x8d, 0x8d, 0x8d, 0x8d, 0x8d, 0x8d, 0x8d, 0x8d, 0x8d, 0x8d, 0xa1, 0xff, 0xff, 0xff, 0xff, 0xff, 0xff, 0xff, 0xff, 0xff, 0xff,
0xff, 0xff, 0xff, 0xff, 0xff, 0xff, 0xff, 0xff, 0xff, 0xff, 0xff, 0xff, 0xff, 0xff, 0xff, 0xff, 0xff, 0xff, 0xff, 0xff, 0xff, 
/* -52- */
0x8e, 0x8d, 0x8d, 0x8d, 0x8d, 0x8d, 0x8d, 0x8d, 0x8d, 0x8d, 0x8d, 0x8d, 0x8d, 0x8d, 0x8d, 0x8d, 0x8d, 0x8d, 0x8d, 0x8d, 0x8d, 0xa1, 0xff, 0xff, 0xff, 0xff, 0xff, 0xff, 0xff, 0xff, 0xff, 0xff,
0xff, 0xff, 0xff, 0xff, 0xff, 0xff, 0xff, 0xff, 0xff, 0xff, 0xff, 0xff, 0xff, 0xff, 0xff, 0xff, 0xff, 0xff, 0xff, 0xff, 0xff, 
};

ARM_SECTION("arm2d.asset.c_bmp_arc_quarter_mask_png_RGB565")
const uint16_t c_bmp_arc_quarter_mask_png_RGB565[53*53] = {
/* -0- */
0xffff, 0xffff, 0xffff, 0xffff, 0xffff, 0xffff, 0xffff, 0xffff, 0xffff, 0xffff, 0xffff, 0xffff, 0xffff, 0xffff, 0xffff, 0xffff,
0xffff, 0xffff, 0xffff, 0xffff, 0xffff, 0xffff, 0xffff, 0xffff, 0xffff, 0xffff, 0xffff, 0xffff, 0xffff, 0xffff, 0xffff, 0xffff,
0xffff, 0xffff, 0xffff, 0xffff, 0xffff, 0xffff, 0xffff, 0xffff, 0xffff, 0xffff, 0xcefd, 0xae7d, 0x961c, 0x75bc, 0x657c, 0x553b,
0x451b, 0x3cdb, 0x34db, 0x34db, 0x34db, 
/* -1- */
0xffff, 0xffff, 0xffff, 0xffff, 0xffff, 0xffff, 0xffff, 0xffff, 0xffff, 0xffff, 0xffff, 0xffff, 0xffff, 0xffff, 0xffff, 0xffff,
0xffff, 0xffff, 0xffff, 0xffff, 0xffff, 0xffff, 0xffff, 0xffff, 0xffff, 0xffff, 0xffff, 0xffff, 0xffff, 0xffff, 0xffff, 0xffff,
0xffff, 0xffff, 0xffff, 0xffff, 0xffff, 0xffff, 0xb69d, 0x85fc, 0x5d5c, 0x3cdb, 0x34db, 0x34db, 0x34db, 0x34db, 0x34db, 0x34db,
0x34db, 0x34db, 0x34db, 0x34db, 0x34db, 
/* -2- */
0xffff, 0xffff, 0xffff, 0xffff, 0xffff, 0xffff, 0xffff, 0xffff, 0xffff, 0xffff, 0xffff, 0xffff, 0xffff, 0xffff, 0xffff, 0xffff,
0xffff, 0xffff, 0xffff, 0xffff, 0xffff, 0xffff, 0xffff, 0xffff, 0xffff, 0xffff, 0xffff, 0xffff, 0xffff, 0xffff, 0xffff, 0xffff,
0xffff, 0xffff, 0xffff, 0x9e5c, 0x657c, 0x3cfb, 0x34db, 0x34db, 0x34db, 0x34db, 0x34db, 0x34db, 0x34db, 0x34db, 0x34db, 0x34db,
0x34db, 0x34db, 0x34db, 0x34db, 0x34db, 
/* -3- */
0xffff, 0xffff, 0xffff, 0xffff, 0xffff, 0xffff, 0xffff, 0xffff, 0xffff, 0xffff, 0xffff, 0xffff, 0xffff, 0xffff, 0xffff, 0xffff,
0xffff, 0xffff, 0xffff, 0xffff, 0xffff, 0xffff, 0xffff, 0xffff, 0xffff, 0xffff, 0xffff, 0xffff, 0xffff, 0xffff, 0xffff, 0xffff,
0xae7d, 0x6d9c, 0x3cdb, 0x34db, 0x34db, 0x34db, 0x34db, 0x34db, 0x34db, 0x34db, 0x34db, 0x34db, 0x34db, 0x34db, 0x34db, 0x34db,
0x34db, 0x34db, 0x34db, 0x34db, 0x34db, 
/* -4- */
0xffff, 0xffff, 0xffff, 0xffff, 0xffff, 0xffff, 0xffff, 0xffff, 0xffff, 0xffff, 0xffff, 0xffff, 0xffff, 0xffff, 0xffff, 0xffff,
0xffff, 0xffff, 0xffff, 0xffff, 0xffff, 0xffff, 0xffff, 0xffff, 0xffff, 0xffff, 0xffff, 0xffff, 0xffff, 0xffff, 0x963c, 0x553b,
0x34db, 0x34db, 0x34db, 0x34db, 0x34db, 0x34db, 0x34db, 0x34db, 0x34db, 0x34db, 0x34db, 0x34db, 0x34db, 0x34db, 0x34db, 0x34db,
0x34db, 0x34db, 0x34db, 0x34db, 0x34db, 
/* -5- */
0xffff, 0xffff, 0xffff, 0xffff, 0xffff, 0xffff, 0xffff, 0xffff, 0xffff, 0xffff, 0xffff, 0xffff, 0xffff, 0xffff, 0xffff, 0xffff,
0xffff, 0xffff, 0xffff, 0xffff, 0xffff, 0xffff, 0xffff, 0xffff, 0xffff, 0xffff, 0xffff, 0xffff, 0x8e1c, 0x4d1b, 0x34db, 0x34db,
0x34db, 0x34db, 0x34db, 0x34db, 0x34db, 0x34db, 0x34db, 0x34db, 0x34db, 0x34db, 0x34db, 0x34db, 0x34db, 0x34db, 0x34db, 0x34db,
0x34db, 0x34db, 0x34db, 0x34db, 0x34db, 
/* -6- */
0xffff, 0xffff, 0xffff, 0xffff, 0xffff, 0xffff, 0xffff, 0xffff, 0xffff, 0xffff, 0xffff, 0xffff, 0xffff, 0xffff, 0xffff, 0xffff,
0xffff, 0xffff, 0xffff, 0xffff, 0xffff, 0xffff, 0xffff, 0xffff, 0xffff, 0xffff, 0x961c, 0x4d1b, 0x34db, 0x34db, 0x34db, 0x34db,
0x34db, 0x34db, 0x34db, 0x34db, 0x34db, 0x34db, 0x34db, 0x34db, 0x34db, 0x34db, 0x34db, 0x34db, 0x34db, 0x34db, 0x34db, 0x34db,
0x34db, 0x34db, 0x34db, 0x34db, 0x34db, 
/* -7- */
0xffff, 0xffff, 0xffff, 0xffff, 0xffff, 0xffff, 0xffff, 0xffff, 0xffff, 0xffff, 0xffff, 0xffff, 0xffff, 0xffff, 0xffff, 0xffff,
0xffff, 0xffff, 0xffff, 0xffff, 0xffff, 0xffff, 0xffff, 0xffff, 0xae9d, 0x5d5c, 0x34db, 0x34db, 0x34db, 0x34db, 0x34db, 0x34db,
0x34db, 0x34db, 0x34db, 0x34db, 0x34db, 0x34db, 0x34db, 0x34db, 0x34db, 0x34db, 0x34db, 0x34db, 0x34db, 0x34db, 0x34db, 0x34db,
0x34db, 0x34db, 0x34db, 0x34db, 0x34db, 
/* -8- */
0xffff, 0xffff, 0xffff, 0xffff, 0xffff, 0xffff, 0xffff, 0xffff, 0xffff, 0xffff, 0xffff, 0xffff, 0xffff, 0xffff, 0xffff, 0xffff,
0xffff, 0xffff, 0xffff, 0xffff, 0xffff, 0xffff, 0xffff, 0x7ddc, 0x34db, 0x34db, 0x34db, 0x34db, 0x34db, 0x34db, 0x34db, 0x34db,
0x34db, 0x34db, 0x34db, 0x34db, 0x34db, 0x34db, 0x34db, 0x34db, 0x34db, 0x34db, 0x34db, 0x34db, 0x34db, 0x34db, 0x34db, 0x34db,
0x34db, 0x34db, 0x34db, 0x34db, 0x34db, 
/* -9- */
0xffff, 0xffff, 0xffff, 0xffff, 0xffff, 0xffff, 0xffff, 0xffff, 0xffff, 0xffff, 0xffff, 0xffff, 0xffff, 0xffff, 0xffff, 0xffff,
0xffff, 0xffff, 0xffff, 0xffff, 0xffff, 0xae9d, 0x553b, 0x34db, 0x34db, 0x34db, 0x34db, 0x34db, 0x34db, 0x34db, 0x34db, 0x34db,
0x34db, 0x34db, 0x34db, 0x34db, 0x34db, 0x34db, 0x34db, 0x34db, 0x34db, 0x34db, 0x34db, 0x34db, 0x34db, 0x34db, 0x34db, 0x34db,
0x34db, 0x34db, 0x34db, 0x34db, 0x34db, 
/* -10- */
0xffff, 0xffff, 0xffff, 0xffff, 0xffff, 0xffff, 0xffff, 0xffff, 0xffff, 0xffff, 0xffff, 0xffff, 0xffff, 0xffff, 0xffff, 0xffff,
0xffff, 0xffff, 0xffff, 0xffff, 0x85fc, 0x34db, 0x34db, 0x34db, 0x34db, 0x34db, 0x34db, 0x34db, 0x34db, 0x34db, 0x34db, 0x34db,
0x34db, 0x34db, 0x34db, 0x34db, 0x34db, 0x34db, 0x34db, 0x34db, 0x34db, 0x34db, 0x34db, 0x34db, 0x34db, 0x34db, 0x34db, 0x34db,
0x34db, 0x34db, 0x34db, 0x34db, 0x34db, 
/* -11- */
0xffff, 0xffff, 0xffff, 0xffff, 0xffff, 0xffff, 0xffff, 0xffff, 0xffff, 0xffff, 0xffff, 0xffff, 0xffff, 0xffff, 0xffff, 0xffff,
0xffff, 0xffff, 0xffff, 0x6d9c, 0x34db, 0x34db, 0x34db, 0x34db, 0x34db, 0x34db, 0x34db, 0x34db, 0x34db, 0x34db, 0x34db, 0x34db,
0x34db, 0x34db, 0x34db, 0x34db, 0x34db, 0x34db, 0x34db, 0x34db, 0x34db, 0x34db, 0x34db, 0x34db, 0x34db, 0x34db, 0x34db, 0x34db,
0x34db, 0x34db, 0x34db, 0x34db, 0x34db, 
/* -12- */
0xffff, 0xffff, 0xffff, 0xffff, 0xffff, 0xffff, 0xffff, 0xffff, 0xffff, 0xffff, 0xffff, 0xffff, 0xffff, 0xffff, 0xffff, 0xffff,
0xffff, 0xc6dd, 0x5d7c, 0x34db, 0x34db, 0x34db, 0x34db, 0x34db, 0x34db, 0x34db, 0x34db, 0x34db, 0x34db, 0x34db, 0x34db, 0x34db,
0x34db, 0x34db, 0x34db, 0x34db, 0x34db, 0x34db, 0x34db, 0x34db, 0x34db, 0x34db, 0x34db, 0x34db, 0x34db, 0x34db, 0x34db, 0x34db,
0x34db, 0x34db, 0x34db, 0x34db, 0x34db, 
/* -13- */
0xffff, 0xffff, 0xffff, 0xffff, 0xffff, 0xffff, 0xffff, 0xffff, 0xffff, 0xffff, 0xffff, 0xffff, 0xffff, 0xffff, 0xffff, 0xffff,
0xb69d, 0x4d3b, 0x34db, 0x34db, 0x34db, 0x34db, 0x34db, 0x34db, 0x34db, 0x34db, 0x34db, 0x34db, 0x34db, 0x34db, 0x34db, 0x34db,
0x34db, 0x34db, 0x34db, 0x34db, 0x34db, 0x34db, 0x34db, 0x34db, 0x34db, 0x34db, 0x34db, 0x34db, 0x34db, 0x34db, 0x34db, 0x34db,
0x34db, 0x34db, 0x34db, 0x34db, 0x34db, 
/* -14- */
0xffff, 0xffff, 0xffff, 0xffff, 0xffff, 0xffff, 0xffff, 0xffff, 0xffff, 0xffff, 0xffff, 0xffff, 0xffff, 0xffff, 0xffff, 0xae9d,
0x451b, 0x34db, 0x34db, 0x34db, 0x34db, 0x34db, 0x34db, 0x34db, 0x34db, 0x34db, 0x34db, 0x34db, 0x34db, 0x34db, 0x34db, 0x34db,
0x34db, 0x34db, 0x34db, 0x34db, 0x34db, 0x34db, 0x34db, 0x34db, 0x34db, 0x34db, 0x34db, 0x34db, 0x34db, 0x34db, 0x34db, 0x34db,
0x34db, 0x34db, 0x34db, 0x34db, 0x34db, 
/* -15- */
0xffff, 0xffff, 0xffff, 0xffff, 0xffff, 0xffff, 0xffff, 0xffff, 0xffff, 0xffff, 0xffff, 0xffff, 0xffff, 0xffff, 0xae9d, 0x44fb,
0x34db, 0x34db, 0x34db, 0x34db, 0x34db, 0x34db, 0x34db, 0x34db, 0x34db, 0x34db, 0x34db, 0x34db, 0x34db, 0x34db, 0x34db, 0x34db,
0x34db, 0x34db, 0x34db, 0x34db, 0x34db, 0x34db, 0x34db, 0x34db, 0x34db, 0x34db, 0x34db, 0x34db, 0x34db, 0x34db, 0x34db, 0x34db,
0x34db, 0x34db, 0x34db, 0x34db, 0x34db, 
/* -16- */
0xffff, 0xffff, 0xffff, 0xffff, 0xffff, 0xffff, 0xffff, 0xffff, 0xffff, 0xffff, 0xffff, 0xffff, 0xffff, 0xb69d, 0x451b, 0x34db,
0x34db, 0x34db, 0x34db, 0x34db, 0x34db, 0x34db, 0x34db, 0x34db, 0x34db, 0x34db, 0x34db, 0x34db, 0x34db, 0x34db, 0x34db, 0x34db,
0x34db, 0x34db, 0x34db, 0x34db, 0x34db, 0x34db, 0x34db, 0x34db, 0x34db, 0x34db, 0x34db, 0x34db, 0x34db, 0x34db, 0x34db, 0x34db,
0x34db, 0x34db, 0x34db, 0x34db, 0x34db, 
/* -17- */
0xffff, 0xffff, 0xffff, 0xffff, 0xffff, 0xffff, 0xffff, 0xffff, 0xffff, 0xffff, 0xffff, 0xffff, 0xc6dd, 0x4d3b, 0x34db, 0x34db,
0x34db, 0x34db, 0x34db, 0x34db, 0x34db, 0x34db, 0x34db, 0x34db, 0x34db, 0x34db, 0x34db, 0x34db, 0x34db, 0x34db, 0x34db, 0x34db,
0x34db, 0x34db, 0x34db, 0x34db, 0x34db, 0x34db, 0x34db, 0x34db, 0x34db, 0x34db, 0x34db, 0x34db, 0x34db, 0x34db, 0x34db, 0x34db,
0x34db, 0x34db, 0x34db, 0x34db, 0x34db, 
/* -18- */
0xffff, 0xffff, 0xffff, 0xffff, 0xffff, 0xffff, 0xffff, 0xffff, 0xffff, 0xffff, 0xffff, 0xcf1d, 0x5d7c, 0x34db, 0x34db, 0x34db,
0x34db, 0x34db, 0x34db, 0x34db, 0x34db, 0x34db, 0x34db, 0x34db, 0x34db, 0x34db, 0x34db, 0x34db, 0x34db, 0x34db, 0x34db, 0x34db,
0x34db, 0x34db, 0x34db, 0x34db, 0x34db, 0x34db, 0x34db, 0x34db, 0x34db, 0x34db, 0x34db, 0x34db, 0x34db, 0x34db, 0x34db, 0x34db,
0x34db, 0x34db, 0x34db, 0x34db, 0x34db, 
/* -19- */
0xffff, 0xffff, 0xffff, 0xffff, 0xffff, 0xffff, 0xffff, 0xffff, 0xffff, 0xffff, 0xffff, 0x6d9c, 0x34db, 0x34db, 0x34db, 0x34db,
0x34db, 0x34db, 0x34db, 0x34db, 0x34db, 0x34db, 0x34db, 0x34db, 0x34db, 0x34db, 0x34db, 0x34db, 0x34db, 0x34db, 0x34db, 0x34db,
0x34db, 0x34db, 0x34db, 0x34db, 0x34db, 0x34db, 0x34db, 0x34db, 0x34db, 0x34db, 0x34db, 0x34db, 0x34db, 0x34db, 0x34db, 0x34db,
0x34db, 0x34db, 0x34db, 0x34db, 0x34db, 
/* -20- */
0xffff, 0xffff, 0xffff, 0xffff, 0xffff, 0xffff, 0xffff, 0xffff, 0xffff, 0xffff, 0x85fc, 0x34db, 0x34db, 0x34db, 0x34db, 0x34db,
0x34db, 0x34db, 0x34db, 0x34db, 0x34db, 0x34db, 0x34db, 0x34db, 0x34db, 0x34db, 0x34db, 0x34db, 0x34db, 0x34db, 0x34db, 0x34db,
0x34db, 0x34db, 0x34db, 0x34db, 0x34db, 0x34db, 0x34db, 0x34db, 0x34db, 0x34db, 0x34db, 0x34db, 0x34db, 0x34db, 0x34db, 0x34db,
0x34db, 0x34db, 0x34db, 0x34db, 0x34db, 
/* -21- */
0xffff, 0xffff, 0xffff, 0xffff, 0xffff, 0xffff, 0xffff, 0xffff, 0xffff, 0xae9d, 0x34db, 0x34db, 0x34db, 0x34db, 0x34db, 0x34db,
0x34db, 0x34db, 0x34db, 0x34db, 0x34db, 0x34db, 0x34db, 0x34db, 0x34db, 0x34db, 0x34db, 0x34db, 0x34db, 0x34db, 0x34db, 0x34db,
0x34db, 0x34db, 0x34db, 0x34db, 0x34db, 0x34db, 0x34db, 0x34db, 0x34db, 0x34db, 0x34db, 0x34db, 0x3cdb, 0x44fb, 0x4d1b, 0x553b,
0x553b, 0x5d5b, 0x5d5b, 0x5d5b, 0x5d5b, 
/* -22- */
0xffff, 0xffff, 0xffff, 0xffff, 0xffff, 0xffff, 0xffff, 0xffff, 0xffff, 0x553b, 0x34db, 0x34db, 0x34db, 0x34db, 0x34db, 0x34db,
0x34db, 0x34db, 0x34db, 0x34db, 0x34db, 0x34db, 0x34db, 0x34db, 0x34db, 0x34db, 0x34db, 0x34db, 0x34db, 0x34db, 0x34db, 0x34db,
0x34db, 0x34db, 0x34db, 0x34db, 0x34db, 0x34db, 0x34db, 0x34db, 0x34db, 0x3cfb, 0x4d1b, 0x5d5b, 0x75bc, 0x963c, 0xb69d, 0xc6fd,
0xffff, 0xffff, 0xffff, 0xffff, 0xffff, 
/* -23- */
0xffff, 0xffff, 0xffff, 0xffff, 0xffff, 0xffff, 0xffff, 0xffff, 0x7ddc, 0x34db, 0x34db, 0x34db, 0x34db, 0x34db, 0x34db, 0x34db,
0x34db, 0x34db, 0x34db, 0x34db, 0x34db, 0x34db, 0x34db, 0x34db, 0x34db, 0x34db, 0x34db, 0x34db, 0x34db, 0x34db, 0x34db, 0x34db,
0x34db, 0x34db, 0x34db, 0x34db, 0x34db, 0x34db, 0x3cdb, 0x451b, 0x5d7c, 0x85fc, 0xb6bd, 0xffff, 0xffff, 0xffff, 0xffff, 0xffff,
0xffff, 0xffff, 0xffff, 0xffff, 0xffff, 
/* -24- */
0xffff, 0xffff, 0xffff, 0xffff, 0xffff, 0xffff, 0xffff, 0xae9d, 0x34db, 0x34db, 0x34db, 0x34db, 0x34db, 0x34db, 0x34db, 0x34db,
0x34db, 0x34db, 0x34db, 0x34db, 0x34db, 0x34db, 0x34db, 0x34db, 0x34db, 0x34db, 0x34db, 0x34db, 0x34db, 0x34db, 0x34db, 0x34db,
0x34db, 0x34db, 0x34db, 0x34db, 0x3cdb, 0x4d1b, 0x6d9c, 0xa65c, 0xffff, 0xffff, 0xffff, 0xffff, 0xffff, 0xffff, 0xffff, 0xffff,
0xffff, 0xffff, 0xffff, 0xffff, 0xffff, 
/* -25- */
0xffff, 0xffff, 0xffff, 0xffff, 0xffff, 0xffff, 0xffff, 0x5d5c, 0x34db, 0x34db, 0x34db, 0x34db, 0x34db, 0x34db, 0x34db, 0x34db,
0x34db, 0x34db, 0x34db, 0x34db, 0x34db, 0x34db, 0x34db, 0x34db, 0x34db, 0x34db, 0x34db, 0x34db, 0x34db, 0x34db, 0x34db, 0x34db,
0x34db, 0x34db, 0x34db, 0x44fb, 0x659c, 0xa67c, 0xffff, 0xffff, 0xffff, 0xffff, 0xffff, 0xffff, 0xffff, 0xffff, 0xffff, 0xffff,
0xffff, 0xffff, 0xffff, 0xffff, 0xffff, 
/* -26- */
0xffff, 0xffff, 0xffff, 0xffff, 0xffff, 0xffff, 0x961c, 0x34db, 0x34db, 0x34db, 0x34db, 0x34db, 0x34db, 0x34db, 0x34db, 0x34db,
0x34db, 0x34db, 0x34db, 0x34db, 0x34db, 0x34db, 0x34db, 0x34db, 0x34db, 0x34db, 0x34db, 0x34db, 0x34db, 0x34db, 0x34db, 0x34db,
0x34db, 0x3cdb, 0x553b, 0x8e1c, 0xffff, 0xffff, 0xffff, 0xffff, 0xffff, 0xffff, 0xffff, 0xffff, 0xffff, 0xffff, 0xffff, 0xffff,
0xffff, 0xffff, 0xffff, 0xffff, 0xffff, 
/* -27- */
0xffff, 0xffff, 0xffff, 0xffff, 0xffff, 0xffff, 0x4d1b, 0x34db, 0x34db, 0x34db, 0x34db, 0x34db, 0x34db, 0x34db, 0x34db, 0x34db,
0x34db, 0x34db, 0x34db, 0x34db, 0x34db, 0x34db, 0x34db, 0x34db, 0x34db, 0x34db, 0x34db, 0x34db, 0x34db, 0x34db, 0x34db, 0x34db,
0x3cfb, 0x6d9c, 0xb6bd, 0xffff, 0xffff, 0xffff, 0xffff, 0xffff, 0xffff, 0xffff, 0xffff, 0xffff, 0xffff, 0xffff, 0xffff, 0xffff,
0xffff, 0xffff, 0xffff, 0xffff, 0xffff, 
/* -28- */
0xffff, 0xffff, 0xffff, 0xffff, 0xffff, 0x8e1c, 0x34db, 0x34db, 0x34db, 0x34db, 0x34db, 0x34db, 0x34db, 0x34db, 0x34db, 0x34db,
0x34db, 0x34db, 0x34db, 0x34db, 0x34db, 0x34db, 0x34db, 0x34db, 0x34db, 0x34db, 0x34db, 0x34db, 0x34db, 0x34db, 0x34db, 0x44fb,
0x7ddc, 0xcefd, 0xffff, 0xffff, 0xffff, 0xffff, 0xffff, 0xffff, 0xffff, 0xffff, 0xffff, 0xffff, 0xffff, 0xffff, 0xffff, 0xffff,
0xffff, 0xffff, 0xffff, 0xffff, 0xffff, 
/* -29- */
0xffff, 0xffff, 0xffff, 0xffff, 0xffff, 0x4d1b, 0x34db, 0x34db, 0x34db, 0x34db, 0x34db, 0x34db, 0x34db, 0x34db, 0x34db, 0x34db,
0x34db, 0x34db, 0x34db, 0x34db, 0x34db, 0x34db, 0x34db, 0x34db, 0x34db, 0x34db, 0x34db, 0x34db, 0x34db, 0x34db, 0x451b, 0x85fc,
0xffff, 0xffff, 0xffff, 0xffff, 0xffff, 0xffff, 0xffff, 0xffff, 0xffff, 0xffff, 0xffff, 0xffff, 0xffff, 0xffff, 0xffff, 0xffff,
0xffff, 0xffff, 0xffff, 0xffff, 0xffff, 
/* -30- */
0xffff, 0xffff, 0xffff, 0xffff, 0x963c, 0x34db, 0x34db, 0x34db, 0x34db, 0x34db, 0x34db, 0x34db, 0x34db, 0x34db, 0x34db, 0x34db,
0x34db, 0x34db, 0x34db, 0x34db, 0x34db, 0x34db, 0x34db, 0x34db, 0x34db, 0x34db, 0x34db, 0x34db, 0x34db, 0x451b, 0x8e1c, 0xffff,
0xffff, 0xffff, 0xffff, 0xffff, 0xffff, 0xffff, 0xffff, 0xffff, 0xffff, 0xffff, 0xffff, 0xffff, 0xffff, 0xffff, 0xffff, 0xffff,
0xffff, 0xffff, 0xffff, 0xffff, 0xffff, 
/* -31- */
0xffff, 0xffff, 0xffff, 0xffff, 0x553b, 0x34db, 0x34db, 0x34db, 0x34db, 0x34db, 0x34db, 0x34db, 0x34db, 0x34db, 0x34db, 0x34db,
0x34db, 0x34db, 0x34db, 0x34db, 0x34db, 0x34db, 0x34db, 0x34db, 0x34db, 0x34db, 0x34db, 0x34db, 0x44fb, 0x85fc, 0xffff, 0xffff,
0xffff, 0xffff, 0xffff, 0xffff, 0xffff, 0xffff, 0xffff, 0xffff, 0xffff, 0xffff, 0xffff, 0xffff, 0xffff, 0xffff, 0xffff, 0xffff,
0xffff, 0xffff, 0xffff, 0xffff, 0xffff, 
/* -32- */
0xffff, 0xffff, 0xffff, 0xae7d, 0x34db, 0x34db, 0x34db, 0x34db, 0x34db, 0x34db, 0x34db, 0x34db, 0x34db, 0x34db, 0x34db, 0x34db,
0x34db, 0x34db, 0x34db, 0x34db, 0x34db, 0x34db, 0x34db, 0x34db, 0x34db, 0x34db, 0x34db, 0x3cfb, 0x7ddc, 0xffff, 0xffff, 0xffff,
0xffff, 0xffff, 0xffff, 0xffff, 0xffff, 0xffff, 0xffff, 0xffff, 0xffff, 0xffff, 0xffff, 0xffff, 0xffff, 0xffff, 0xffff, 0xffff,
0xffff, 0xffff, 0xffff, 0xffff, 0xffff, 
/* -33- */
0xffff, 0xffff, 0xffff, 0x6d9c, 0x34db, 0x34db, 0x34db, 0x34db, 0x34db, 0x34db, 0x34db, 0x34db, 0x34db, 0x34db, 0x34db, 0x34db,
0x34db, 0x34db, 0x34db, 0x34db, 0x34db, 0x34db, 0x34db, 0x34db, 0x34db, 0x34db, 0x3cdb, 0x6d9c, 0xcefd, 0xffff, 0xffff, 0xffff,
0xffff, 0xffff, 0xffff, 0xffff, 0xffff, 0xffff, 0xffff, 0xffff, 0xffff, 0xffff, 0xffff, 0xffff, 0xffff, 0xffff, 0xffff, 0xffff,
0xffff, 0xffff, 0xffff, 0xffff, 0xffff, 
/* -34- */
0xffff, 0xffff, 0xffff, 0x3cdb, 0x34db, 0x34db, 0x34db, 0x34db, 0x34db, 0x34db, 0x34db, 0x34db, 0x34db, 0x34db, 0x34db, 0x34db,
0x34db, 0x34db, 0x34db, 0x34db, 0x34db, 0x34db, 0x34db, 0x34db, 0x34db, 0x34db, 0x553b, 0xbebd, 0xffff, 0xffff, 0xffff, 0xffff,
0xffff, 0xffff, 0xffff, 0xffff, 0xffff, 0xffff, 0xffff, 0xffff, 0xffff, 0xffff, 0xffff, 0xffff, 0xffff, 0xffff, 0xffff, 0xffff,
0xffff, 0xffff, 0xffff, 0xffff, 0xffff, 
/* -35- */
0xffff, 0xffff, 0x9e5c, 0x34db, 0x34db, 0x34db, 0x34db, 0x34db, 0x34db, 0x34db, 0x34db, 0x34db, 0x34db, 0x34db, 0x34db, 0x34db,
0x34db, 0x34db, 0x34db, 0x34db, 0x34db, 0x34db, 0x34db, 0x34db, 0x34db, 0x44fb, 0x8e1c, 0xffff, 0xffff, 0xffff, 0xffff, 0xffff,
0xffff, 0xffff, 0xffff, 0xffff, 0xffff, 0xffff, 0xffff, 0xffff, 0xffff, 0xffff, 0xffff, 0xffff, 0xffff, 0xffff, 0xffff, 0xffff,
0xffff, 0xffff, 0xffff, 0xffff, 0xffff, 
/* -36- */
0xffff, 0xffff, 0x657c, 0x34db, 0x34db, 0x34db, 0x34db, 0x34db, 0x34db, 0x34db, 0x34db, 0x34db, 0x34db, 0x34db, 0x34db, 0x34db,
0x34db, 0x34db, 0x34db, 0x34db, 0x34db, 0x34db, 0x34db, 0x34db, 0x3cdb, 0x659c, 0xffff, 0xffff, 0xffff, 0xffff, 0xffff, 0xffff,
0xffff, 0xffff, 0xffff, 0xffff, 0xffff, 0xffff, 0xffff, 0xffff, 0xffff, 0xffff, 0xffff, 0xffff, 0xffff, 0xffff, 0xffff, 0xffff,
0xffff, 0xffff, 0xffff, 0xffff, 0xffff, 
/* -37- */
0xffff, 0xffff, 0x3cfb, 0x34db, 0x34db, 0x34db, 0x34db, 0x34db, 0x34db, 0x34db, 0x34db, 0x34db, 0x34db, 0x34db, 0x34db, 0x34db,
0x34db, 0x34db, 0x34db, 0x34db, 0x34db, 0x34db, 0x34db, 0x34db, 0x4d1b, 0xa67d, 0xffff, 0xffff, 0xffff, 0xffff, 0xffff, 0xffff,
0xffff, 0xffff, 0xffff, 0xffff, 0xffff, 0xffff, 0xffff, 0xffff, 0xffff, 0xffff, 0xffff, 0xffff, 0xffff, 0xffff, 0xffff, 0xffff,
0xffff, 0xffff, 0xffff, 0xffff, 0xffff, 
/* -38- */
0xffff, 0xb69d, 0x34db, 0x34db, 0x34db, 0x34db, 0x34db, 0x34db, 0x34db, 0x34db, 0x34db, 0x34db, 0x34db, 0x34db, 0x34db, 0x34db,
0x34db, 0x34db, 0x34db, 0x34db, 0x34db, 0x34db, 0x34db, 0x3cdb, 0x6d9c, 0xffff, 0xffff, 0xffff, 0xffff, 0xffff, 0xffff, 0xffff,
0xffff, 0xffff, 0xffff, 0xffff, 0xffff, 0xffff, 0xffff, 0xffff, 0xffff, 0xffff, 0xffff, 0xffff, 0xffff, 0xffff, 0xffff, 0xffff,
0xffff, 0xffff, 0xffff, 0xffff, 0xffff, 
/* -39- */
0xffff, 0x85fc, 0x34db, 0x34db, 0x34db, 0x34db, 0x34db, 0x34db, 0x34db, 0x34db, 0x34db, 0x34db, 0x34db, 0x34db, 0x34db, 0x34db,
0x34db, 0x34db, 0x34db, 0x34db, 0x34db, 0x34db, 0x34db, 0x451b, 0xa65c, 0xffff, 0xffff, 0xffff, 0xffff, 0xffff, 0xffff, 0xffff,
0xffff, 0xffff, 0xffff, 0xffff, 0xffff, 0xffff, 0xffff, 0xffff, 0xffff, 0xffff, 0xffff, 0xffff, 0xffff, 0xffff, 0xffff, 0xffff,
0xffff, 0xffff, 0xffff, 0xffff, 0xffff, 
/* -40- */
0xffff, 0x5d5c, 0x34db, 0x34db, 0x34db, 0x34db, 0x34db, 0x34db, 0x34db, 0x34db, 0x34db, 0x34db, 0x34db, 0x34db, 0x34db, 0x34db,
0x34db, 0x34db, 0x34db, 0x34db, 0x34db, 0x34db, 0x34db, 0x5d7c, 0xffff, 0xffff, 0xffff, 0xffff, 0xffff, 0xffff, 0xffff, 0xffff,
0xffff, 0xffff, 0xffff, 0xffff, 0xffff, 0xffff, 0xffff, 0xffff, 0xffff, 0xffff, 0xffff, 0xffff, 0xffff, 0xffff, 0xffff, 0xffff,
0xffff, 0xffff, 0xffff, 0xffff, 0xffff, 
/* -41- */
0xffff, 0x3cdb, 0x34db, 0x34db, 0x34db, 0x34db, 0x34db, 0x34db, 0x34db, 0x34db, 0x34db, 0x34db, 0x34db, 0x34db, 0x34db, 0x34db,
0x34db, 0x34db, 0x34db, 0x34db, 0x34db, 0x34db, 0x3cfb, 0x85fc, 0xffff, 0xffff, 0xffff, 0xffff, 0xffff, 0xffff, 0xffff, 0xffff,
0xffff, 0xffff, 0xffff, 0xffff, 0xffff, 0xffff, 0xffff, 0xffff, 0xffff, 0xffff, 0xffff, 0xffff, 0xffff, 0xffff, 0xffff, 0xffff,
0xffff, 0xffff, 0xffff, 0xffff, 0xffff, 
/* -42- */
0xcefd, 0x34db, 0x34db, 0x34db, 0x34db, 0x34db, 0x34db, 0x34db, 0x34db, 0x34db, 0x34db, 0x34db, 0x34db, 0x34db, 0x34db, 0x34db,
0x34db, 0x34db, 0x34db, 0x34db, 0x34db, 0x34db, 0x4d1b, 0xb6bd, 0xffff, 0xffff, 0xffff, 0xffff, 0xffff, 0xffff, 0xffff, 0xffff,
0xffff, 0xffff, 0xffff, 0xffff, 0xffff, 0xffff, 0xffff, 0xffff, 0xffff, 0xffff, 0xffff, 0xffff, 0xffff, 0xffff, 0xffff, 0xffff,
0xffff, 0xffff, 0xffff, 0xffff, 0xffff, 
/* -43- */
0xae7d, 0x34db, 0x34db, 0x34db, 0x34db, 0x34db, 0x34db, 0x34db, 0x34db, 0x34db, 0x34db, 0x34db, 0x34db, 0x34db, 0x34db, 0x34db,
0x34db, 0x34db, 0x34db, 0x34db, 0x34db, 0x34db, 0x5d5b, 0xffff, 0xffff, 0xffff, 0xffff, 0xffff, 0xffff, 0xffff, 0xffff, 0xffff,
0xffff, 0xffff, 0xffff, 0xffff, 0xffff, 0xffff, 0xffff, 0xffff, 0xffff, 0xffff, 0xffff, 0xffff, 0xffff, 0xffff, 0xffff, 0xffff,
0xffff, 0xffff, 0xffff, 0xffff, 0xffff, 
/* -44- */
0x961c, 0x34db, 0x34db, 0x34db, 0x34db, 0x34db, 0x34db, 0x34db, 0x34db, 0x34db, 0x34db, 0x34db, 0x34db, 0x34db, 0x34db, 0x34db,
0x34db, 0x34db, 0x34db, 0x34db, 0x34db, 0x3cdb, 0x75bc, 0xffff, 0xffff, 0xffff, 0xffff, 0xffff, 0xffff, 0xffff, 0xffff, 0xffff,
0xffff, 0xffff, 0xffff, 0xffff, 0xffff, 0xffff, 0xffff, 0xffff, 0xffff, 0xffff, 0xffff, 0xffff, 0xffff, 0xffff, 0xffff, 0xffff,
0xffff, 0xffff, 0xffff, 0xffff, 0xffff, 
/* -45- */
0x75bc, 0x34db, 0x34db, 0x34db, 0x34db, 0x34db, 0x34db, 0x34db, 0x34db, 0x34db, 0x34db, 0x34db, 0x34db, 0x34db, 0x34db, 0x34db,
0x34db, 0x34db, 0x34db, 0x34db, 0x34db, 0x44fb, 0x963c, 0xffff, 0xffff, 0xffff, 0xffff, 0xffff, 0xffff, 0xffff, 0xffff, 0xffff,
0xffff, 0xffff, 0xffff, 0xffff, 0xffff, 0xffff, 0xffff, 0xffff, 0xffff, 0xffff, 0xffff, 0xffff, 0xffff, 0xffff, 0xffff, 0xffff,
0xffff, 0xffff, 0xffff, 0xffff, 0xffff, 
/* -46- */
0x657c, 0x34db, 0x34db, 0x34db, 0x34db, 0x34db, 0x34db, 0x34db, 0x34db, 0x34db, 0x34db, 0x34db, 0x34db, 0x34db, 0x34db, 0x34db,
0x34db, 0x34db, 0x34db, 0x34db, 0x34db, 0x4d1b, 0xb69d, 0xffff, 0xffff, 0xffff, 0xffff, 0xffff, 0xffff, 0xffff, 0xffff, 0xffff,
0xffff, 0xffff, 0xffff, 0xffff, 0xffff, 0xffff, 0xffff, 0xffff, 0xffff, 0xffff, 0xffff, 0xffff, 0xffff, 0xffff, 0xffff, 0xffff,
0xffff, 0xffff, 0xffff, 0xffff, 0xffff, 
/* -47- */
0x553b, 0x34db, 0x34db, 0x34db, 0x34db, 0x34db, 0x34db, 0x34db, 0x34db, 0x34db, 0x34db, 0x34db, 0x34db, 0x34db, 0x34db, 0x34db,
0x34db, 0x34db, 0x34db, 0x34db, 0x34db, 0x553b, 0xc6fd, 0xffff, 0xffff, 0xffff, 0xffff, 0xffff, 0xffff, 0xffff, 0xffff, 0xffff,
0xffff, 0xffff, 0xffff, 0xffff, 0xffff, 0xffff, 0xffff, 0xffff, 0xffff, 0xffff, 0xffff, 0xffff, 0xffff, 0xffff, 0xffff, 0xffff,
0xffff, 0xffff, 0xffff, 0xffff, 0xffff, 
/* -48- */
0x451b, 0x34db, 0x34db, 0x34db, 0x34db, 0x34db, 0x34db, 0x34db, 0x34db, 0x34db, 0x34db, 0x34db, 0x34db, 0x34db, 0x34db, 0x34db,
0x34db, 0x34db, 0x34db, 0x34db, 0x34db, 0x553b, 0xffff, 0xffff, 0xffff, 0xffff, 0xffff, 0xffff, 0xffff, 0xffff, 0xffff, 0xffff,
0xffff, 0xffff, 0xffff, 0xffff, 0xffff, 0xffff, 0xffff, 0xffff, 0xffff, 0xffff, 0xffff, 0xffff, 0xffff, 0xffff, 0xffff, 0xffff,
0xffff, 0xffff, 0xffff, 0xffff, 0xffff, 
/* -49- */
0x3cdb, 0x34db, 0x34db, 0x34db, 0x34db, 0x34db, 0x34db, 0x34db, 0x34db, 0x34db, 0x34db, 0x34db, 0x34db, 0x34db, 0x34db, 0x34db,
0x34db, 0x34db, 0x34db, 0x34db, 0x34db, 0x5d5b, 0xffff, 0xffff, 0xffff, 0xffff, 0xffff, 0xffff, 0xffff, 0xffff, 0xffff, 0xffff,
0xffff, 0xffff, 0xffff, 0xffff, 0xffff, 0xffff, 0xffff, 0xffff, 0xffff, 0xffff, 0xffff, 0xffff, 0xffff, 0xffff, 0xffff, 0xffff,
0xffff, 0xffff, 0xffff, 0xffff, 0xffff, 
/* -50- */
0x34db, 0x34db, 0x34db, 0x34db, 0x34db, 0x34db, 0x34db, 0x34db, 0x34db, 0x34db, 0x34db, 0x34db, 0x34db, 0x34db, 0x34db, 0x34db,
0x34db, 0x34db, 0x34db, 0x34db, 0x34db, 0x5d5b, 0xffff, 0xffff, 0xffff, 0xffff, 0xffff, 0xffff, 0xffff, 0xffff, 0xffff, 0xffff,
0xffff, 0xffff, 0xffff, 0xffff, 0xffff, 0xffff, 0xffff, 0xffff, 0xffff, 0xffff, 0xffff, 0xffff, 0xffff, 0xffff, 0xffff, 0xffff,
0xffff, 0xffff, 0xffff, 0xffff, 0xffff, 
/* -51- */
0x34db, 0x34db, 0x34db, 0x34db, 0x34db, 0x34db, 0x34db, 0x34db, 0x34db, 0x34db, 0x34db, 0x34db, 0x34db, 0x34db, 0x34db, 0x34db,
0x34db, 0x34db, 0x34db, 0x34db, 0x34db, 0x5d5b, 0xffff, 0xffff, 0xffff, 0xffff, 0xffff, 0xffff, 0xffff, 0xffff, 0xffff, 0xffff,
0xffff, 0xffff, 0xffff, 0xffff, 0xffff, 0xffff, 0xffff, 0xffff, 0xffff, 0xffff, 0xffff, 0xffff, 0xffff, 0xffff, 0xffff, 0xffff,
0xffff, 0xffff, 0xffff, 0xffff, 0xffff, 
/* -52- */
0x34db, 0x34db, 0x34db, 0x34db, 0x34db, 0x34db, 0x34db, 0x34db, 0x34db, 0x34db, 0x34db, 0x34db, 0x34db, 0x34db, 0x34db, 0x34db,
0x34db, 0x34db, 0x34db, 0x34db, 0x34db, 0x5d5b, 0xffff, 0xffff, 0xffff, 0xffff, 0xffff, 0xffff, 0xffff, 0xffff, 0xffff, 0xffff,
0xffff, 0xffff, 0xffff, 0xffff, 0xffff, 0xffff, 0xffff, 0xffff, 0xffff, 0xffff, 0xffff, 0xffff, 0xffff, 0xffff, 0xffff, 0xffff,
0xffff, 0xffff, 0xffff, 0xffff, 0xffff, 
};

ARM_SECTION("arm2d.asset.c_bmp_arc_quarter_mask_png_CCCA8888")
const uint32_t c_bmp_arc_quarter_mask_png_CCCA8888[53*53] = {
/* -0- */
0x00ffffff, 0x00ffffff, 0x00ffffff, 0x00ffffff, 0x00ffffff, 0x00ffffff, 0x00ffffff, 0x00ffffff, 0x00ffffff, 0x00ffffff, 0x00ffffff, 0x00ffffff, 0x00ffffff, 0x00ffffff, 0x00ffffff, 0x00ffffff,
0x00ffffff, 0x00ffffff, 0x00ffffff, 0x00ffffff, 0x00ffffff, 0x00ffffff, 0x00ffffff, 0x00ffffff, 0x00ffffff, 0x00ffffff, 0x00ffffff, 0x00ffffff, 0x00ffffff, 0x00ffffff, 0x00ffffff, 0x00ffffff,
0x00ffffff, 0x00ffffff, 0x00ffffff, 0x00ffffff, 0x00ffffff, 0x00ffffff, 0x00ffffff, 0x00ffffff, 0x00ffffff, 0x00ffffff, 0xffc9deeb, 0xffabcfe8, 0xff90c3e6, 0xff77b7e3, 0xff63aee0, 0xff52a6de,
0xff45a0dd, 0xff3b9bdc, 0xff3699db, 0xff3498db, 0xff3699db, 
/* -1- */
0x00ffffff, 0x00ffffff, 0x00ffffff, 0x00ffffff, 0x00ffffff, 0x00ffffff, 0x00ffffff, 0x00ffffff, 0x00ffffff, 0x00ffffff, 0x00ffffff, 0x00ffffff, 0x00ffffff, 0x00ffffff, 0x00ffffff, 0x00ffffff,
0x00ffffff, 0x00ffffff, 0x00ffffff, 0x00ffffff, 0x00ffffff, 0x00ffffff, 0x00ffffff, 0x00ffffff, 0x00ffffff, 0x00ffffff, 0x00ffffff, 0x00ffffff, 0x00ffffff, 0x00ffffff, 0x00ffffff, 0x00ffffff,
0x00ffffff, 0x00ffffff, 0x00ffffff, 0x00ffffff, 0x00ffffff, 0x00ffffff, 0xffb2d3e9, 0xff85bee4, 0xff5baae0, 0xff3c9bdb, 0xff3498db, 0xff3498db, 0xff3498db, 0xff3498db, 0xff3498db, 0xff3498db,
0xff3498db, 0xff3498db, 0xff3498db, 0xff3498db, 0xff3498db, 
/* -2- */
0x00ffffff, 0x00ffffff, 0x00ffffff, 0x00ffffff, 0x00ffffff, 0x00ffffff, 0x00ffffff, 0x00ffffff, 0x00ffffff, 0x00ffffff, 0x00ffffff, 0x00ffffff, 0x00ffffff, 0x00ffffff, 0x00ffffff, 0x00ffffff,
0x00ffffff, 0x00ffffff, 0x00ffffff, 0x00ffffff, 0x00ffffff, 0x00ffffff, 0x00ffffff, 0x00ffffff, 0x00ffffff, 0x00ffffff, 0x00ffffff, 0x00ffffff, 0x00ffffff, 0x00ffffff, 0x00ffffff, 0x00ffffff,
0x00ffffff, 0x00ffffff, 0x00ffffff, 0xff9ecae7, 0xff65afe1, 0xff3d9cdc, 0xff3498db, 0xff3498db, 0xff3498db, 0xff3498db, 0xff3498db, 0xff3498db, 0xff3498db, 0xff3498db, 0xff3498db, 0xff3498db,
0xff3498db, 0xff3498db, 0xff3498db, 0xff3498db, 0xff3498db, 
/* -3- */
0x00ffffff, 0x00ffffff, 0x00ffffff, 0x00ffffff, 0x00ffffff, 0x00ffffff, 0x00ffffff, 0x00ffffff, 0x00ffffff, 0x00ffffff, 0x00ffffff, 0x00ffffff, 0x00ffffff, 0x00ffffff, 0x00ffffff, 0x00ffffff,
0x00ffffff, 0x00ffffff, 0x00ffffff, 0x00ffffff, 0x00ffffff, 0x00ffffff, 0x00ffffff, 0x00ffffff, 0x00ffffff, 0x00ffffff, 0x00ffffff, 0x00ffffff, 0x00ffffff, 0x00ffffff, 0x00ffffff, 0x00ffffff,
0xffabcfe8, 0xff6ab1e1, 0xff3b9bdb, 0xff3498db, 0xff3498db, 0xff3498db, 0xff3498db, 0xff3498db, 0xff3498db, 0xff3498db, 0xff3498db, 0xff3498db, 0xff3498db, 0xff3498db, 0xff3498db, 0xff3498db,
0xff3498db, 0xff3498db, 0xff3498db, 0xff3498db, 0xff3498db, 
/* -4- */
0x00ffffff, 0x00ffffff, 0x00ffffff, 0x00ffffff, 0x00ffffff, 0x00ffffff, 0x00ffffff, 0x00ffffff, 0x00ffffff, 0x00ffffff, 0x00ffffff, 0x00ffffff, 0x00ffffff, 0x00ffffff, 0x00ffffff, 0x00ffffff,
0x00ffffff, 0x00ffffff, 0x00ffffff, 0x00ffffff, 0x00ffffff, 0x00ffffff, 0x00ffffff, 0x00ffffff, 0x00ffffff, 0x00ffffff, 0x00ffffff, 0x00ffffff, 0x00ffffff, 0x00ffffff, 0xff92c4e6, 0xff51a5df,
0xff3498db, 0xff3498db, 0xff3498db, 0xff3498db, 0xff3498db, 0xff3498db, 0xff3498db, 0xff3498db, 0xff3498db, 0xff3498db, 0xff3498db, 0xff3498db, 0xff3498db, 0xff3498db, 0xff3498db, 0xff3498db,
0xff3498db, 0xff3498db, 0xff3498db, 0xff3498db, 0xff3498db, 
/* -5- */
0x00ffffff, 0x00ffffff, 0x00ffffff, 0x00ffffff, 0x00ffffff, 0x00ffffff, 0x00ffffff, 0x00ffffff, 0x00ffffff, 0x00ffffff, 0x00ffffff, 0x00ffffff, 0x00ffffff, 0x00ffffff, 0x00ffffff, 0x00ffffff,
0x00ffffff, 0x00ffffff, 0x00ffffff, 0x00ffffff, 0x00ffffff, 0x00ffffff, 0x00ffffff, 0x00ffffff, 0x00ffffff, 0x00ffffff, 0x00ffffff, 0x00ffffff, 0xff89c0e4, 0xff48a1dd, 0xff3498db, 0xff3498db,
0xff3498db, 0xff3498db, 0xff3498db, 0xff3498db, 0xff3498db, 0xff3498db, 0xff3498db, 0xff3498db, 0xff3498db, 0xff3498db, 0xff3498db, 0xff3498db, 0xff3498db, 0xff3498db, 0xff3498db, 0xff3498db,
0xff3498db, 0xff3498db, 0xff3498db, 0xff3498db, 0xff3498db, 
/* -6- */
0x00ffffff, 0x00ffffff, 0x00ffffff, 0x00ffffff, 0x00ffffff, 0x00ffffff, 0x00ffffff, 0x00ffffff, 0x00ffffff, 0x00ffffff, 0x00ffffff, 0x00ffffff, 0x00ffffff, 0x00ffffff, 0x00ffffff, 0x00ffffff,
0x00ffffff, 0x00ffffff, 0x00ffffff, 0x00ffffff, 0x00ffffff, 0x00ffffff, 0x00ffffff, 0x00ffffff, 0x00ffffff, 0x00ffffff, 0xff91c3e5, 0xff4ba3de, 0xff3498db, 0xff3498db, 0xff3498db, 0xff3498db,
0xff3498db, 0xff3498db, 0xff3498db, 0xff3498db, 0xff3498db, 0xff3498db, 0xff3498db, 0xff3498db, 0xff3498db, 0xff3498db, 0xff3498db, 0xff3498db, 0xff3498db, 0xff3498db, 0xff3498db, 0xff3498db,
0xff3498db, 0xff3498db, 0xff3498db, 0xff3498db, 0xff3498db, 
/* -7- */
0x00ffffff, 0x00ffffff, 0x00ffffff, 0x00ffffff, 0x00ffffff, 0x00ffffff, 0x00ffffff, 0x00ffffff, 0x00ffffff, 0x00ffffff, 0x00ffffff, 0x00ffffff, 0x00ffffff, 0x00ffffff, 0x00ffffff, 0x00ffffff,
0x00ffffff, 0x00ffffff, 0x00ffffff, 0x00ffffff, 0x00ffffff, 0x00ffffff, 0x00ffffff, 0x00ffffff, 0xffabd0e8, 0xff5babe0, 0xff3498db, 0xff3498db, 0xff3498db, 0xff3498db, 0xff3498db, 0xff3498db,
0xff3498db, 0xff3498db, 0xff3498db, 0xff3498db, 0xff3498db, 0xff3498db, 0xff3498db, 0xff3498db, 0xff3498db, 0xff3498db, 0xff3498db, 0xff3498db, 0xff3498db, 0xff3498db, 0xff3498db, 0xff3498db,
0xff3498db, 0xff3498db, 0xff3498db, 0xff3498db, 0xff3498db, 
/* -8- */
0x00ffffff, 0x00ffffff, 0x00ffffff, 0x00ffffff, 0x00ffffff, 0x00ffffff, 0x00ffffff, 0x00ffffff, 0x00ffffff, 0x00ffffff, 0x00ffffff, 0x00ffffff, 0x00ffffff, 0x00ffffff, 0x00ffffff, 0x00ffffff,
0x00ffffff, 0x00ffffff, 0x00ffffff, 0x00ffffff, 0x00ffffff, 0x00ffffff, 0x00ffffff, 0xff78b8e3, 0xff3498db, 0xff3498db, 0xff3498db, 0xff3498db, 0xff3498db, 0xff3498db, 0xff3498db, 0xff3498db,
0xff3498db, 0xff3498db, 0xff3498db, 0xff3498db, 0xff3498db, 0xff3498db, 0xff3498db, 0xff3498db, 0xff3498db, 0xff3498db, 0xff3498db, 0xff3498db, 0xff3498db, 0xff3498db, 0xff3498db, 0xff3498db,
0xff3498db, 0xff3498db, 0xff3498db, 0xff3498db, 0xff3498db, 
/* -9- */
0x00ffffff, 0x00ffffff, 0x00ffffff, 0x00ffffff, 0x00ffffff, 0x00ffffff, 0x00ffffff, 0x00ffffff, 0x00ffffff, 0x00ffffff, 0x00ffffff, 0x00ffffff, 0x00ffffff, 0x00ffffff, 0x00ffffff, 0x00ffffff,
0x00ffffff, 0x00ffffff, 0x00ffffff, 0x00ffffff, 0x00ffffff, 0xffabd0e9, 0xff53a6de, 0xff3498db, 0xff3498db, 0xff3498db, 0xff3498db, 0xff3498db, 0xff3498db, 0xff3498db, 0xff3498db, 0xff3498db,
0xff3498db, 0xff3498db, 0xff3498db, 0xff3498db, 0xff3498db, 0xff3498db, 0xff3498db, 0xff3498db, 0xff3498db, 0xff3498db, 0xff3498db, 0xff3498db, 0xff3498db, 0xff3498db, 0xff3498db, 0xff3498db,
0xff3498db, 0xff3498db, 0xff3498db, 0xff3498db, 0xff3498db, 
/* -10- */
0x00ffffff, 0x00ffffff, 0x00ffffff, 0x00ffffff, 0x00ffffff, 0x00ffffff, 0x00ffffff, 0x00ffffff, 0x00ffffff, 0x00ffffff, 0x00ffffff, 0x00ffffff, 0x00ffffff, 0x00ffffff, 0x00ffffff, 0x00ffffff,
0x00ffffff, 0x00ffffff, 0x00ffffff, 0x00ffffff, 0xff85bee3, 0xff3498db, 0xff3498db, 0xff3498db, 0xff3498db, 0xff3498db, 0xff3498db, 0xff3498db, 0xff3498db, 0xff3498db, 0xff3498db, 0xff3498db,
0xff3498db, 0xff3498db, 0xff3498db, 0xff3498db, 0xff3498db, 0xff3498db, 0xff3498db, 0xff3498db, 0xff3498db, 0xff3498db, 0xff3498db, 0xff3498db, 0xff3498db, 0xff3498db, 0xff3498db, 0xff3498db,
0xff3498db, 0xff3498db, 0xff3498db, 0xff3498db, 0xff3498db, 
/* -11- */
0x00ffffff, 0x00ffffff, 0x00ffffff, 0x00ffffff, 0x00ffffff, 0x00ffffff, 0x00ffffff, 0x00ffffff, 0x00ffffff, 0x00ffffff, 0x00ffffff, 0x00ffffff, 0x00ffffff, 0x00ffffff, 0x00ffffff, 0x00ffffff,
0x00ffffff, 0x00ffffff, 0x00ffffff, 0xff6eb3e1, 0xff3498db, 0xff3498db, 0xff3498db, 0xff3498db, 0xff3498db, 0xff3498db, 0xff3498db, 0xff3498db, 0xff3498db, 0xff3498db, 0xff3498db, 0xff3498db,
0xff3498db, 0xff3498db, 0xff3498db, 0xff3498db, 0xff3498db, 0xff3498db, 0xff3498db, 0xff3498db, 0xff3498db, 0xff3498db, 0xff3498db, 0xff3498db, 0xff3498db, 0xff3498db, 0xff3498db, 0xff3498db,
0xff3498db, 0xff3498db, 0xff3498db, 0xff3498db, 0xff3498db, 
/* -12- */
0x00ffffff, 0x00ffffff, 0x00ffffff, 0x00ffffff, 0x00ffffff, 0x00ffffff, 0x00ffffff, 0x00ffffff, 0x00ffffff, 0x00ffffff, 0x00ffffff, 0x00ffffff, 0x00ffffff, 0x00ffffff, 0x00ffffff, 0x00ffffff,
0x00ffffff, 0xffc2dbeb, 0xff5dace0, 0xff3498db, 0xff3498db, 0xff3498db, 0xff3498db, 0xff3498db, 0xff3498db, 0xff3498db, 0xff3498db, 0xff3498db, 0xff3498db, 0xff3498db, 0xff3498db, 0xff3498db,
0xff3498db, 0xff3498db, 0xff3498db, 0xff3498db, 0xff3498db, 0xff3498db, 0xff3498db, 0xff3498db, 0xff3498db, 0xff3498db, 0xff3498db, 0xff3498db, 0xff3498db, 0xff3498db, 0xff3498db, 0xff3498db,
0xff3498db, 0xff3498db, 0xff3498db, 0xff3498db, 0xff3498db, 
/* -13- */
0x00ffffff, 0x00ffffff, 0x00ffffff, 0x00ffffff, 0x00ffffff, 0x00ffffff, 0x00ffffff, 0x00ffffff, 0x00ffffff, 0x00ffffff, 0x00ffffff, 0x00ffffff, 0x00ffffff, 0x00ffffff, 0x00ffffff, 0x00ffffff,
0xffb2d3e9, 0xff4fa5de, 0xff3498db, 0xff3498db, 0xff3498db, 0xff3498db, 0xff3498db, 0xff3498db, 0xff3498db, 0xff3498db, 0xff3498db, 0xff3498db, 0xff3498db, 0xff3498db, 0xff3498db, 0xff3498db,
0xff3498db, 0xff3498db, 0xff3498db, 0xff3498db, 0xff3498db, 0xff3498db, 0xff3498db, 0xff3498db, 0xff3498db, 0xff3498db, 0xff3498db, 0xff3498db, 0xff3498db, 0xff3498db, 0xff3498db, 0xff3498db,
0xff3498db, 0xff3498db, 0xff3498db, 0xff3498db, 0xff3498db, 
/* -14- */
0x00ffffff, 0x00ffffff, 0x00ffffff, 0x00ffffff, 0x00ffffff, 0x00ffffff, 0x00ffffff, 0x00ffffff, 0x00ffffff, 0x00ffffff, 0x00ffffff, 0x00ffffff, 0x00ffffff, 0x00ffffff, 0x00ffffff, 0xffabd0e8,
0xff46a0dd, 0xff3498db, 0xff3498db, 0xff3498db, 0xff3498db, 0xff3498db, 0xff3498db, 0xff3498db, 0xff3498db, 0xff3498db, 0xff3498db, 0xff3498db, 0xff3498db, 0xff3498db, 0xff3498db, 0xff3498db,
0xff3498db, 0xff3498db, 0xff3498db, 0xff3498db, 0xff3498db, 0xff3498db, 0xff3498db, 0xff3498db, 0xff3498db, 0xff3498db, 0xff3498db, 0xff3498db, 0xff3498db, 0xff3498db, 0xff3498db, 0xff3498db,
0xff3498db, 0xff3498db, 0xff3498db, 0xff3498db, 0xff3498db, 
/* -15- */
0x00ffffff, 0x00ffffff, 0x00ffffff, 0x00ffffff, 0x00ffffff, 0x00ffffff, 0x00ffffff, 0x00ffffff, 0x00ffffff, 0x00ffffff, 0x00ffffff, 0x00ffffff, 0x00ffffff, 0x00ffffff, 0xffabd0e8, 0xff449fdd,
0xff3498db, 0xff3498db, 0xff3498db, 0xff3498db, 0xff3498db, 0xff3498db, 0xff3498db, 0xff3498db, 0xff3498db, 0xff3498db, 0xff3498db, 0xff3498db, 0xff3498db, 0xff3498db, 0xff3498db, 0xff3498db,
0xff3498db, 0xff3498db, 0xff3498db, 0xff3498db, 0xff3498db, 0xff3498db, 0xff3498db, 0xff3498db, 0xff3498db, 0xff3498db, 0xff3498db, 0xff3498db, 0xff3498db, 0xff3498db, 0xff3498db, 0xff3498db,
0xff3498db, 0xff3498db, 0xff3498db, 0xff3498db, 0xff3498db, 
/* -16- */
0x00ffffff, 0x00ffffff, 0x00ffffff, 0x00ffffff, 0x00ffffff, 0x00ffffff, 0x00ffffff, 0x00ffffff, 0x00ffffff, 0x00ffffff, 0x00ffffff, 0x00ffffff, 0x00ffffff, 0xffb3d3e9, 0xff46a0dd, 0xff3498db,
0xff3498db, 0xff3498db, 0xff3498db, 0xff3498db, 0xff3498db, 0xff3498db, 0xff3498db, 0xff3498db, 0xff3498db, 0xff3498db, 0xff3498db, 0xff3498db, 0xff3498db, 0xff3498db, 0xff3498db, 0xff3498db,
0xff3498db, 0xff3498db, 0xff3498db, 0xff3498db, 0xff3498db, 0xff3498db, 0xff3498db, 0xff3498db, 0xff3498db, 0xff3498db, 0xff3498db, 0xff3498db, 0xff3498db, 0xff3498db, 0xff3498db, 0xff3498db,
0xff3498db, 0xff3498db, 0xff3498db, 0xff3498db, 0xff3498db, 
/* -17- */
0x00ffffff, 0x00ffffff, 0x00ffffff, 0x00ffffff, 0x00ffffff, 0x00ffffff, 0x00ffffff, 0x00ffffff, 0x00ffffff, 0x00ffffff, 0x00ffffff, 0x00ffffff, 0xffc1dbeb, 0xff4fa5de, 0xff3498db, 0xff3498db,
0xff3498db, 0xff3498db, 0xff3498db, 0xff3498db, 0xff3498db, 0xff3498db, 0xff3498db, 0xff3498db, 0xff3498db, 0xff3498db, 0xff3498db, 0xff3498db, 0xff3498db, 0xff3498db, 0xff3498db, 0xff3498db,
0xff3498db, 0xff3498db, 0xff3498db, 0xff3498db, 0xff3498db, 0xff3498db, 0xff3498db, 0xff3498db, 0xff3498db, 0xff3498db, 0xff3498db, 0xff3498db, 0xff3498db, 0xff3498db, 0xff3498db, 0xff3498db,
0xff3498db, 0xff3498db, 0xff3498db, 0xff3498db, 0xff3498db, 
/* -18- */
0x00ffffff, 0x00ffffff, 0x00ffffff, 0x00ffffff, 0x00ffffff, 0x00ffffff, 0x00ffffff, 0x00ffffff, 0x00ffffff, 0x00ffffff, 0x00ffffff, 0xffcfe0ec, 0xff5dace0, 0xff3498db, 0xff3498db, 0xff3498db,
0xff3498db, 0xff3498db, 0xff3498db, 0xff3498db, 0xff3498db, 0xff3498db, 0xff3498db, 0xff3498db, 0xff3498db, 0xff3498db, 0xff3498db, 0xff3498db, 0xff3498db, 0xff3498db, 0xff3498db, 0xff3498db,
0xff3498db, 0xff3498db, 0xff3498db, 0xff3498db, 0xff3498db, 0xff3498db, 0xff3498db, 0xff3498db, 0xff3498db, 0xff3498db, 0xff3498db, 0xff3498db, 0xff3498db, 0xff3498db, 0xff3498db, 0xff3498db,
0xff3498db, 0xff3498db, 0xff3498db, 0xff3498db, 0xff3498db, 
/* -19- */
0x00ffffff, 0x00ffffff, 0x00ffffff, 0x00ffffff, 0x00ffffff, 0x00ffffff, 0x00ffffff, 0x00ffffff, 0x00ffffff, 0x00ffffff, 0x00ffffff, 0xff6db3e1, 0xff3498db, 0xff3498db, 0xff3498db, 0xff3498db,
0xff3498db, 0xff3498db, 0xff3498db, 0xff3498db, 0xff3498db, 0xff3498db, 0xff3498db, 0xff3498db, 0xff3498db, 0xff3498db, 0xff3498db, 0xff3498db, 0xff3498db, 0xff3498db, 0xff3498db, 0xff3498db,
0xff3498db, 0xff3498db, 0xff3498db, 0xff3498db, 0xff3498db, 0xff3498db, 0xff3498db, 0xff3498db, 0xff3498db, 0xff3498db, 0xff3498db, 0xff3498db, 0xff3498db, 0xff3498db, 0xff3498db, 0xff3498db,
0xff3498db, 0xff3498db, 0xff3498db, 0xff3498db, 0xff3498db, 
/* -20- */
0x00ffffff, 0x00ffffff, 0x00ffffff, 0x00ffffff, 0x00ffffff, 0x00ffffff, 0x00ffffff, 0x00ffffff, 0x00ffffff, 0x00ffffff, 0xff85bee3, 0xff3498db, 0xff3498db, 0xff3498db, 0xff3498db, 0xff3498db,
0xff3498db, 0xff3498db, 0xff3498db, 0xff3498db, 0xff3498db, 0xff3498db, 0xff3498db, 0xff3498db, 0xff3498db, 0xff3498db, 0xff3498db, 0xff3498db, 0xff3498db, 0xff3498db, 0xff3498db, 0xff3498db,
0xff3498db, 0xff3498db, 0xff3498db, 0xff3498db, 0xff3498db, 0xff3498db, 0xff3498db, 0xff3498db, 0xff3498db, 0xff3498db, 0xff3498db, 0xff3498db, 0xff3498db, 0xff3498db, 0xff3498db, 0xff3498db,
0xff3498db, 0xff3498db, 0xff3498db, 0xff3498db, 0xff3498db, 
/* -21- */
0x00ffffff, 0x00ffffff, 0x00ffffff, 0x00ffffff, 0x00ffffff, 0x00ffffff, 0x00ffffff, 0x00ffffff, 0x00ffffff, 0xffabd0e9, 0xff3498db, 0xff3498db, 0xff3498db, 0xff3498db, 0xff3498db, 0xff3498db,
0xff3498db, 0xff3498db, 0xff3498db, 0xff3498db, 0xff3498db, 0xff3498db, 0xff3498db, 0xff3498db, 0xff3498db, 0xff3498db, 0xff3498db, 0xff3498db, 0xff3498db, 0xff3498db, 0xff3498db, 0xff3498db,
0xff3498db, 0xff3498db, 0xff3498db, 0xff3498db, 0xff3498db, 0xff3498db, 0xff3498db, 0xff3498db, 0xff3498db, 0xff3498db, 0xff3498db, 0xff3599db, 0xff3a9adb, 0xff439fdd, 0xff49a2dd, 0xff51a6df,
0xff54a7de, 0xff58a9df, 0xff5aaadf, 0xff5baadf, 0xff5aaadf, 
/* -22- */
0x00ffffff, 0x00ffffff, 0x00ffffff, 0x00ffffff, 0x00ffffff, 0x00ffffff, 0x00ffffff, 0x00ffffff, 0x00ffffff, 0xff53a6de, 0xff3498db, 0xff3498db, 0xff3498db, 0xff3498db, 0xff3498db, 0xff3498db,
0xff3498db, 0xff3498db, 0xff3498db, 0xff3498db, 0xff3498db, 0xff3498db, 0xff3498db, 0xff3498db, 0xff3498db, 0xff3498db, 0xff3498db, 0xff3498db, 0xff3498db, 0xff3498db, 0xff3498db, 0xff3498db,
0xff3498db, 0xff3498db, 0xff3498db, 0xff3498db, 0xff3498db, 0xff3498db, 0xff3498db, 0xff3498db, 0xff3699db, 0xff3e9ddc, 0xff4ca3de, 0xff5baadf, 0xff76b7e3, 0xff95c5e5, 0xffb0d2e8, 0xffc7ddeb,
0x00ffffff, 0x00ffffff, 0x00ffffff, 0x00ffffff, 0x00ffffff, 
/* -23- */
0x00ffffff, 0x00ffffff, 0x00ffffff, 0x00ffffff, 0x00ffffff, 0x00ffffff, 0x00ffffff, 0x00ffffff, 0xff78b8e3, 0xff3498db, 0xff3498db, 0xff3498db, 0xff3498db, 0xff3498db, 0xff3498db, 0xff3498db,
0xff3498db, 0xff3498db, 0xff3498db, 0xff3498db, 0xff3498db, 0xff3498db, 0xff3498db, 0xff3498db, 0xff3498db, 0xff3498db, 0xff3498db, 0xff3498db, 0xff3498db, 0xff3498db, 0xff3498db, 0xff3498db,
0xff3498db, 0xff3498db, 0xff3498db, 0xff3498db, 0xff3498db, 0xff3498db, 0xff399bdc, 0xff46a0dc, 0xff5face0, 0xff85bee5, 0xffb4d4ea, 0x00ffffff, 0x00ffffff, 0x00ffffff, 0x00ffffff, 0x00ffffff,
0x00ffffff, 0x00ffffff, 0x00ffffff, 0x00ffffff, 0x00ffffff, 
/* -24- */
0x00ffffff, 0x00ffffff, 0x00ffffff, 0x00ffffff, 0x00ffffff, 0x00ffffff, 0x00ffffff, 0xffabd0e8, 0xff3498db, 0xff3498db, 0xff3498db, 0xff3498db, 0xff3498db, 0xff3498db, 0xff3498db, 0xff3498db,
0xff3498db, 0xff3498db, 0xff3498db, 0xff3498db, 0xff3498db, 0xff3498db, 0xff3498db, 0xff3498db, 0xff3498db, 0xff3498db, 0xff3498db, 0xff3498db, 0xff3498db, 0xff3498db, 0xff3498db, 0xff3498db,
0xff3498db, 0xff3498db, 0xff3498db, 0xff3498db, 0xff399bdc, 0xff49a2dd, 0xff6bb2e2, 0xffa0cae7, 0x00ffffff, 0x00ffffff, 0x00ffffff, 0x00ffffff, 0x00ffffff, 0x00ffffff, 0x00ffffff, 0x00ffffff,
0x00ffffff, 0x00ffffff, 0x00ffffff, 0x00ffffff, 0x00ffffff, 
/* -25- */
0x00ffffff, 0x00ffffff, 0x00ffffff, 0x00ffffff, 0x00ffffff, 0x00ffffff, 0x00ffffff, 0xff5babe0, 0xff3498db, 0xff3498db, 0xff3498db, 0xff3498db, 0xff3498db, 0xff3498db, 0xff3498db, 0xff3498db,
0xff3498db, 0xff3498db, 0xff3498db, 0xff3498db, 0xff3498db, 0xff3498db, 0xff3498db, 0xff3498db, 0xff3498db, 0xff3498db, 0xff3498db, 0xff3498db, 0xff3498db, 0xff3498db, 0xff3498db, 0xff3498db,
0xff3498db, 0xff3498db, 0xff3699db, 0xff429fdd, 0xff67b0e1, 0xffa3cce7, 0x00ffffff, 0x00ffffff, 0x00ffffff, 0x00ffffff, 0x00ffffff, 0x00ffffff, 0x00ffffff, 0x00ffffff, 0x00ffffff, 0x00ffffff,
0x00ffffff, 0x00ffffff, 0x00ffffff, 0x00ffffff, 0x00ffffff, 
/* -26- */
0x00ffffff, 0x00ffffff, 0x00ffffff, 0x00ffffff, 0x00ffffff, 0x00ffffff, 0xff92c3e5, 0xff3498db, 0xff3498db, 0xff3498db, 0xff3498db, 0xff3498db, 0xff3498db, 0xff3498db, 0xff3498db, 0xff3498db,
0xff3498db, 0xff3498db, 0xff3498db, 0xff3498db, 0xff3498db, 0xff3498db, 0xff3498db, 0xff3498db, 0xff3498db, 0xff3498db, 0xff3498db, 0xff3498db, 0xff3498db, 0xff3498db, 0xff3498db, 0xff3498db,
0xff3498db, 0xff3a9adb, 0xff56a7de, 0xff8fc3e6, 0x00ffffff, 0x00ffffff, 0x00ffffff, 0x00ffffff, 0x00ffffff, 0x00ffffff, 0x00ffffff, 0x00ffffff, 0x00ffffff, 0x00ffffff, 0x00ffffff, 0x00ffffff,
0x00ffffff, 0x00ffffff, 0x00ffffff, 0x00ffffff, 0x00ffffff, 
/* -27- */
0x00ffffff, 0x00ffffff, 0x00ffffff, 0x00ffffff, 0x00ffffff, 0x00ffffff, 0xff4ba3de, 0xff3498db, 0xff3498db, 0xff3498db, 0xff3498db, 0xff3498db, 0xff3498db, 0xff3498db, 0xff3498db, 0xff3498db,
0xff3498db, 0xff3498db, 0xff3498db, 0xff3498db, 0xff3498db, 0xff3498db, 0xff3498db, 0xff3498db, 0xff3498db, 0xff3498db, 0xff3498db, 0xff3498db, 0xff3498db, 0xff3498db, 0xff3498db, 0xff3498db,
0xff3d9cdc, 0xff6ab1e1, 0xffb7d6ea, 0x00ffffff, 0x00ffffff, 0x00ffffff, 0x00ffffff, 0x00ffffff, 0x00ffffff, 0x00ffffff, 0x00ffffff, 0x00ffffff, 0x00ffffff, 0x00ffffff, 0x00ffffff, 0x00ffffff,
0x00ffffff, 0x00ffffff, 0x00ffffff, 0x00ffffff, 0x00ffffff, 
/* -28- */
0x00ffffff, 0x00ffffff, 0x00ffffff, 0x00ffffff, 0x00ffffff, 0xff89c0e4, 0xff3498db, 0xff3498db, 0xff3498db, 0xff3498db, 0xff3498db, 0xff3498db, 0xff3498db, 0xff3498db, 0xff3498db, 0xff3498db,
0xff3498db, 0xff3498db, 0xff3498db, 0xff3498db, 0xff3498db, 0xff3498db, 0xff3498db, 0xff3498db, 0xff3498db, 0xff3498db, 0xff3498db, 0xff3498db, 0xff3498db, 0xff3498db, 0xff3599db, 0xff429edc,
0xff78b9e3, 0xffcbdfec, 0x00ffffff, 0x00ffffff, 0x00ffffff, 0x00ffffff, 0x00ffffff, 0x00ffffff, 0x00ffffff, 0x00ffffff, 0x00ffffff, 0x00ffffff, 0x00ffffff, 0x00ffffff, 0x00ffffff, 0x00ffffff,
0x00ffffff, 0x00ffffff, 0x00ffffff, 0x00ffffff, 0x00ffffff, 
/* -29- */
0x00ffffff, 0x00ffffff, 0x00ffffff, 0x00ffffff, 0x00ffffff, 0xff48a1dd, 0xff3498db, 0xff3498db, 0xff3498db, 0xff3498db, 0xff3498db, 0xff3498db, 0xff3498db, 0xff3498db, 0xff3498db, 0xff3498db,
0xff3498db, 0xff3498db, 0xff3498db, 0xff3498db, 0xff3498db, 0xff3498db, 0xff3498db, 0xff3498db, 0xff3498db, 0xff3498db, 0xff3498db, 0xff3498db, 0xff3498db, 0xff3699dc, 0xff46a0dc, 0xff85bde3,
0x00ffffff, 0x00ffffff, 0x00ffffff, 0x00ffffff, 0x00ffffff, 0x00ffffff, 0x00ffffff, 0x00ffffff, 0x00ffffff, 0x00ffffff, 0x00ffffff, 0x00ffffff, 0x00ffffff, 0x00ffffff, 0x00ffffff, 0x00ffffff,
0x00ffffff, 0x00ffffff, 0x00ffffff, 0x00ffffff, 0x00ffffff, 
/* -30- */
0x00ffffff, 0x00ffffff, 0x00ffffff, 0x00ffffff, 0xff92c4e6, 0xff3498db, 0xff3498db, 0xff3498db, 0xff3498db, 0xff3498db, 0xff3498db, 0xff3498db, 0xff3498db, 0xff3498db, 0xff3498db, 0xff3498db,
0xff3498db, 0xff3498db, 0xff3498db, 0xff3498db, 0xff3498db, 0xff3498db, 0xff3498db, 0xff3498db, 0xff3498db, 0xff3498db, 0xff3498db, 0xff3498db, 0xff3599db, 0xff46a0dd, 0xff8cc1e5, 0x00ffffff,
0x00ffffff, 0x00ffffff, 0x00ffffff, 0x00ffffff, 0x00ffffff, 0x00ffffff, 0x00ffffff, 0x00ffffff, 0x00ffffff, 0x00ffffff, 0x00ffffff, 0x00ffffff, 0x00ffffff, 0x00ffffff, 0x00ffffff, 0x00ffffff,
0x00ffffff, 0x00ffffff, 0x00ffffff, 0x00ffffff, 0x00ffffff, 
/* -31- */
0x00ffffff, 0x00ffffff, 0x00ffffff, 0x00ffffff, 0xff52a6de, 0xff3498db, 0xff3498db, 0xff3498db, 0xff3498db, 0xff3498db, 0xff3498db, 0xff3498db, 0xff3498db, 0xff3498db, 0xff3498db, 0xff3498db,
0xff3498db, 0xff3498db, 0xff3498db, 0xff3498db, 0xff3498db, 0xff3498db, 0xff3498db, 0xff3498db, 0xff3498db, 0xff3498db, 0xff3498db, 0xff3498db, 0xff429edc, 0xff85bde3, 0x00ffffff, 0x00ffffff,
0x00ffffff, 0x00ffffff, 0x00ffffff, 0x00ffffff, 0x00ffffff, 0x00ffffff, 0x00ffffff, 0x00ffffff, 0x00ffffff, 0x00ffffff, 0x00ffffff, 0x00ffffff, 0x00ffffff, 0x00ffffff, 0x00ffffff, 0x00ffffff,
0x00ffffff, 0x00ffffff, 0x00ffffff, 0x00ffffff, 0x00ffffff, 
/* -32- */
0x00ffffff, 0x00ffffff, 0x00ffffff, 0xffabcfe8, 0xff3498db, 0xff3498db, 0xff3498db, 0xff3498db, 0xff3498db, 0xff3498db, 0xff3498db, 0xff3498db, 0xff3498db, 0xff3498db, 0xff3498db, 0xff3498db,
0xff3498db, 0xff3498db, 0xff3498db, 0xff3498db, 0xff3498db, 0xff3498db, 0xff3498db, 0xff3498db, 0xff3498db, 0xff3498db, 0xff3498db, 0xff3d9cdc, 0xff78b9e3, 0x00ffffff, 0x00ffffff, 0x00ffffff,
0x00ffffff, 0x00ffffff, 0x00ffffff, 0x00ffffff, 0x00ffffff, 0x00ffffff, 0x00ffffff, 0x00ffffff, 0x00ffffff, 0x00ffffff, 0x00ffffff, 0x00ffffff, 0x00ffffff, 0x00ffffff, 0x00ffffff, 0x00ffffff,
0x00ffffff, 0x00ffffff, 0x00ffffff, 0x00ffffff, 0x00ffffff, 
/* -33- */
0x00ffffff, 0x00ffffff, 0x00ffffff, 0xff6ab1e1, 0xff3498db, 0xff3498db, 0xff3498db, 0xff3498db, 0xff3498db, 0xff3498db, 0xff3498db, 0xff3498db, 0xff3498db, 0xff3498db, 0xff3498db, 0xff3498db,
0xff3498db, 0xff3498db, 0xff3498db, 0xff3498db, 0xff3498db, 0xff3498db, 0xff3498db, 0xff3498db, 0xff3498db, 0xff3498db, 0xff3a9adb, 0xff6ab1e1, 0xffcbdfec, 0x00ffffff, 0x00ffffff, 0x00ffffff,
0x00ffffff, 0x00ffffff, 0x00ffffff, 0x00ffffff, 0x00ffffff, 0x00ffffff, 0x00ffffff, 0x00ffffff, 0x00ffffff, 0x00ffffff, 0x00ffffff, 0x00ffffff, 0x00ffffff, 0x00ffffff, 0x00ffffff, 0x00ffffff,
0x00ffffff, 0x00ffffff, 0x00ffffff, 0x00ffffff, 0x00ffffff, 
/* -34- */
0x00ffffff, 0x00ffffff, 0x00ffffff, 0xff3b9bdb, 0xff3498db, 0xff3498db, 0xff3498db, 0xff3498db, 0xff3498db, 0xff3498db, 0xff3498db, 0xff3498db, 0xff3498db, 0xff3498db, 0xff3498db, 0xff3498db,
0xff3498db, 0xff3498db, 0xff3498db, 0xff3498db, 0xff3498db, 0xff3498db, 0xff3498db, 0xff3498db, 0xff3498db, 0xff3699db, 0xff56a7de, 0xffb8d6ea, 0x00ffffff, 0x00ffffff, 0x00ffffff, 0x00ffffff,
0x00ffffff, 0x00ffffff, 0x00ffffff, 0x00ffffff, 0x00ffffff, 0x00ffffff, 0x00ffffff, 0x00ffffff, 0x00ffffff, 0x00ffffff, 0x00ffffff, 0x00ffffff, 0x00ffffff, 0x00ffffff, 0x00ffffff, 0x00ffffff,
0x00ffffff, 0x00ffffff, 0x00ffffff, 0x00ffffff, 0x00ffffff, 
/* -35- */
0x00ffffff, 0x00ffffff, 0xff9ecae7, 0xff3498db, 0xff3498db, 0xff3498db, 0xff3498db, 0xff3498db, 0xff3498db, 0xff3498db, 0xff3498db, 0xff3498db, 0xff3498db, 0xff3498db, 0xff3498db, 0xff3498db,
0xff3498db, 0xff3498db, 0xff3498db, 0xff3498db, 0xff3498db, 0xff3498db, 0xff3498db, 0xff3498db, 0xff3498db, 0xff429fdd, 0xff8fc3e6, 0x00ffffff, 0x00ffffff, 0x00ffffff, 0x00ffffff, 0x00ffffff,
0x00ffffff, 0x00ffffff, 0x00ffffff, 0x00ffffff, 0x00ffffff, 0x00ffffff, 0x00ffffff, 0x00ffffff, 0x00ffffff, 0x00ffffff, 0x00ffffff, 0x00ffffff, 0x00ffffff, 0x00ffffff, 0x00ffffff, 0x00ffffff,
0x00ffffff, 0x00ffffff, 0x00ffffff, 0x00ffffff, 0x00ffffff, 
/* -36- */
0x00ffffff, 0x00ffffff, 0xff65afe0, 0xff3498db, 0xff3498db, 0xff3498db, 0xff3498db, 0xff3498db, 0xff3498db, 0xff3498db, 0xff3498db, 0xff3498db, 0xff3498db, 0xff3498db, 0xff3498db, 0xff3498db,
0xff3498db, 0xff3498db, 0xff3498db, 0xff3498db, 0xff3498db, 0xff3498db, 0xff3498db, 0xff3498db, 0xff399bdc, 0xff67b0e1, 0x00ffffff, 0x00ffffff, 0x00ffffff, 0x00ffffff, 0x00ffffff, 0x00ffffff,
0x00ffffff, 0x00ffffff, 0x00ffffff, 0x00ffffff, 0x00ffffff, 0x00ffffff, 0x00ffffff, 0x00ffffff, 0x00ffffff, 0x00ffffff, 0x00ffffff, 0x00ffffff, 0x00ffffff, 0x00ffffff, 0x00ffffff, 0x00ffffff,
0x00ffffff, 0x00ffffff, 0x00ffffff, 0x00ffffff, 0x00ffffff, 
/* -37- */
0x00ffffff, 0x00ffffff, 0xff3d9cdc, 0xff3498db, 0xff3498db, 0xff3498db, 0xff3498db, 0xff3498db, 0xff3498db, 0xff3498db, 0xff3498db, 0xff3498db, 0xff3498db, 0xff3498db, 0xff3498db, 0xff3498db,
0xff3498db, 0xff3498db, 0xff3498db, 0xff3498db, 0xff3498db, 0xff3498db, 0xff3498db, 0xff3498db, 0xff49a2dd, 0xffa4cde8, 0x00ffffff, 0x00ffffff, 0x00ffffff, 0x00ffffff, 0x00ffffff, 0x00ffffff,
0x00ffffff, 0x00ffffff, 0x00ffffff, 0x00ffffff, 0x00ffffff, 0x00ffffff, 0x00ffffff, 0x00ffffff, 0x00ffffff, 0x00ffffff, 0x00ffffff, 0x00ffffff, 0x00ffffff, 0x00ffffff, 0x00ffffff, 0x00ffffff,
0x00ffffff, 0x00ffffff, 0x00ffffff, 0x00ffffff, 0x00ffffff, 
/* -38- */
0x00ffffff, 0xffb2d3e9, 0xff3498db, 0xff3498db, 0xff3498db, 0xff3498db, 0xff3498db, 0xff3498db, 0xff3498db, 0xff3498db, 0xff3498db, 0xff3498db, 0xff3498db, 0xff3498db, 0xff3498db, 0xff3498db,
0xff3498db, 0xff3498db, 0xff3498db, 0xff3498db, 0xff3498db, 0xff3498db, 0xff3498db, 0xff399bdc, 0xff6ab2e2, 0x00ffffff, 0x00ffffff, 0x00ffffff, 0x00ffffff, 0x00ffffff, 0x00ffffff, 0x00ffffff,
0x00ffffff, 0x00ffffff, 0x00ffffff, 0x00ffffff, 0x00ffffff, 0x00ffffff, 0x00ffffff, 0x00ffffff, 0x00ffffff, 0x00ffffff, 0x00ffffff, 0x00ffffff, 0x00ffffff, 0x00ffffff, 0x00ffffff, 0x00ffffff,
0x00ffffff, 0x00ffffff, 0x00ffffff, 0x00ffffff, 0x00ffffff, 
/* -39- */
0x00ffffff, 0xff85bee4, 0xff3498db, 0xff3498db, 0xff3498db, 0xff3498db, 0xff3498db, 0xff3498db, 0xff3498db, 0xff3498db, 0xff3498db, 0xff3498db, 0xff3498db, 0xff3498db, 0xff3498db, 0xff3498db,
0xff3498db, 0xff3498db, 0xff3498db, 0xff3498db, 0xff3498db, 0xff3498db, 0xff3498db, 0xff46a0dc, 0xffa0cae7, 0x00ffffff, 0x00ffffff, 0x00ffffff, 0x00ffffff, 0x00ffffff, 0x00ffffff, 0x00ffffff,
0x00ffffff, 0x00ffffff, 0x00ffffff, 0x00ffffff, 0x00ffffff, 0x00ffffff, 0x00ffffff, 0x00ffffff, 0x00ffffff, 0x00ffffff, 0x00ffffff, 0x00ffffff, 0x00ffffff, 0x00ffffff, 0x00ffffff, 0x00ffffff,
0x00ffffff, 0x00ffffff, 0x00ffffff, 0x00ffffff, 0x00ffffff, 
/* -40- */
0x00ffffff, 0xff5baae0, 0xff3498db, 0xff3498db, 0xff3498db, 0xff3498db, 0xff3498db, 0xff3498db, 0xff3498db, 0xff3498db, 0xff3498db, 0xff3498db, 0xff3498db, 0xff3498db, 0xff3498db, 0xff3498db,
0xff3498db, 0xff3498db, 0xff3498db, 0xff3498db, 0xff3498db, 0xff3498db, 0xff3699db, 0xff5face0, 0x00ffffff, 0x00ffffff, 0x00ffffff, 0x00ffffff, 0x00ffffff, 0x00ffffff, 0x00ffffff, 0x00ffffff,
0x00ffffff, 0x00ffffff, 0x00ffffff, 0x00ffffff, 0x00ffffff, 0x00ffffff, 0x00ffffff, 0x00ffffff, 0x00ffffff, 0x00ffffff, 0x00ffffff, 0x00ffffff, 0x00ffffff, 0x00ffffff, 0x00ffffff, 0x00ffffff,
0x00ffffff, 0x00ffffff, 0x00ffffff, 0x00ffffff, 0x00ffffff, 
/* -41- */
0x00ffffff, 0xff3c9bdb, 0xff3498db, 0xff3498db, 0xff3498db, 0xff3498db, 0xff3498db, 0xff3498db, 0xff3498db, 0xff3498db, 0xff3498db, 0xff3498db, 0xff3498db, 0xff3498db, 0xff3498db, 0xff3498db,
0xff3498db, 0xff3498db, 0xff3498db, 0xff3498db, 0xff3498db, 0xff3498db, 0xff3e9ddc, 0xff85bee5, 0x00ffffff, 0x00ffffff, 0x00ffffff, 0x00ffffff, 0x00ffffff, 0x00ffffff, 0x00ffffff, 0x00ffffff,
0x00ffffff, 0x00ffffff, 0x00ffffff, 0x00ffffff, 0x00ffffff, 0x00ffffff, 0x00ffffff, 0x00ffffff, 0x00ffffff, 0x00ffffff, 0x00ffffff, 0x00ffffff, 0x00ffffff, 0x00ffffff, 0x00ffffff, 0x00ffffff,
0x00ffffff, 0x00ffffff, 0x00ffffff, 0x00ffffff, 0x00ffffff, 
/* -42- */
0xffc9deeb, 0xff3498db, 0xff3498db, 0xff3498db, 0xff3498db, 0xff3498db, 0xff3498db, 0xff3498db, 0xff3498db, 0xff3498db, 0xff3498db, 0xff3498db, 0xff3498db, 0xff3498db, 0xff3498db, 0xff3498db,
0xff3498db, 0xff3498db, 0xff3498db, 0xff3498db, 0xff3498db, 0xff3498db, 0xff4ca3dd, 0xffb4d4ea, 0x00ffffff, 0x00ffffff, 0x00ffffff, 0x00ffffff, 0x00ffffff, 0x00ffffff, 0x00ffffff, 0x00ffffff,
0x00ffffff, 0x00ffffff, 0x00ffffff, 0x00ffffff, 0x00ffffff, 0x00ffffff, 0x00ffffff, 0x00ffffff, 0x00ffffff, 0x00ffffff, 0x00ffffff, 0x00ffffff, 0x00ffffff, 0x00ffffff, 0x00ffffff, 0x00ffffff,
0x00ffffff, 0x00ffffff, 0x00ffffff, 0x00ffffff, 0x00ffffff, 
/* -43- */
0xffabcfe8, 0xff3498db, 0xff3498db, 0xff3498db, 0xff3498db, 0xff3498db, 0xff3498db, 0xff3498db, 0xff3498db, 0xff3498db, 0xff3498db, 0xff3498db, 0xff3498db, 0xff3498db, 0xff3498db, 0xff3498db,
0xff3498db, 0xff3498db, 0xff3498db, 0xff3498db, 0xff3498db, 0xff3599db, 0xff5caadf, 0x00ffffff, 0x00ffffff, 0x00ffffff, 0x00ffffff, 0x00ffffff, 0x00ffffff, 0x00ffffff, 0x00ffffff, 0x00ffffff,
0x00ffffff, 0x00ffffff, 0x00ffffff, 0x00ffffff, 0x00ffffff, 0x00ffffff, 0x00ffffff, 0x00ffffff, 0x00ffffff, 0x00ffffff, 0x00ffffff, 0x00ffffff, 0x00ffffff, 0x00ffffff, 0x00ffffff, 0x00ffffff,
0x00ffffff, 0x00ffffff, 0x00ffffff, 0x00ffffff, 0x00ffffff, 
/* -44- */
0xff90c3e6, 0xff3498db, 0xff3498db, 0xff3498db, 0xff3498db, 0xff3498db, 0xff3498db, 0xff3498db, 0xff3498db, 0xff3498db, 0xff3498db, 0xff3498db, 0xff3498db, 0xff3498db, 0xff3498db, 0xff3498db,
0xff3498db, 0xff3498db, 0xff3498db, 0xff3498db, 0xff3498db, 0xff3a9adb, 0xff76b6e3, 0x00ffffff, 0x00ffffff, 0x00ffffff, 0x00ffffff, 0x00ffffff, 0x00ffffff, 0x00ffffff, 0x00ffffff, 0x00ffffff,
0x00ffffff, 0x00ffffff, 0x00ffffff, 0x00ffffff, 0x00ffffff, 0x00ffffff, 0x00ffffff, 0x00ffffff, 0x00ffffff, 0x00ffffff, 0x00ffffff, 0x00ffffff, 0x00ffffff, 0x00ffffff, 0x00ffffff, 0x00ffffff,
0x00ffffff, 0x00ffffff, 0x00ffffff, 0x00ffffff, 0x00ffffff, 
/* -45- */
0xff77b7e3, 0xff3498db, 0xff3498db, 0xff3498db, 0xff3498db, 0xff3498db, 0xff3498db, 0xff3498db, 0xff3498db, 0xff3498db, 0xff3498db, 0xff3498db, 0xff3498db, 0xff3498db, 0xff3498db, 0xff3498db,
0xff3498db, 0xff3498db, 0xff3498db, 0xff3498db, 0xff3498db, 0xff439fdd, 0xff94c5e5, 0x00ffffff, 0x00ffffff, 0x00ffffff, 0x00ffffff, 0x00ffffff, 0x00ffffff, 0x00ffffff, 0x00ffffff, 0x00ffffff,
0x00ffffff, 0x00ffffff, 0x00ffffff, 0x00ffffff, 0x00ffffff, 0x00ffffff, 0x00ffffff, 0x00ffffff, 0x00ffffff, 0x00ffffff, 0x00ffffff, 0x00ffffff, 0x00ffffff, 0x00ffffff, 0x00ffffff, 0x00ffffff,
0x00ffffff, 0x00ffffff, 0x00ffffff, 0x00ffffff, 0x00ffffff, 
/* -46- */
0xff63aee0, 0xff3498db, 0xff3498db, 0xff3498db, 0xff3498db, 0xff3498db, 0xff3498db, 0xff3498db, 0xff3498db, 0xff3498db, 0xff3498db, 0xff3498db, 0xff3498db, 0xff3498db, 0xff3498db, 0xff3498db,
0xff3498db, 0xff3498db, 0xff3498db, 0xff3498db, 0xff3498db, 0xff4aa2de, 0xffb0d2e8, 0x00ffffff, 0x00ffffff, 0x00ffffff, 0x00ffffff, 0x00ffffff, 0x00ffffff, 0x00ffffff, 0x00ffffff, 0x00ffffff,
0x00ffffff, 0x00ffffff, 0x00ffffff, 0x00ffffff, 0x00ffffff, 0x00ffffff, 0x00ffffff, 0x00ffffff, 0x00ffffff, 0x00ffffff, 0x00ffffff, 0x00ffffff, 0x00ffffff, 0x00ffffff, 0x00ffffff, 0x00ffffff,
0x00ffffff, 0x00ffffff, 0x00ffffff, 0x00ffffff, 0x00ffffff, 
/* -47- */
0xff52a6de, 0xff3498db, 0xff3498db, 0xff3498db, 0xff3498db, 0xff3498db, 0xff3498db, 0xff3498db, 0xff3498db, 0xff3498db, 0xff3498db, 0xff3498db, 0xff3498db, 0xff3498db, 0xff3498db, 0xff3498db,
0xff3498db, 0xff3498db, 0xff3498db, 0xff3498db, 0xff3498db, 0xff51a6df, 0xffc7dceb, 0x00ffffff, 0x00ffffff, 0x00ffffff, 0x00ffffff, 0x00ffffff, 0x00ffffff, 0x00ffffff, 0x00ffffff, 0x00ffffff,
0x00ffffff, 0x00ffffff, 0x00ffffff, 0x00ffffff, 0x00ffffff, 0x00ffffff, 0x00ffffff, 0x00ffffff, 0x00ffffff, 0x00ffffff, 0x00ffffff, 0x00ffffff, 0x00ffffff, 0x00ffffff, 0x00ffffff, 0x00ffffff,
0x00ffffff, 0x00ffffff, 0x00ffffff, 0x00ffffff, 0x00ffffff, 
/* -48- */
0xff45a0dd, 0xff3498db, 0xff3498db, 0xff3498db, 0xff3498db, 0xff3498db, 0xff3498db, 0xff3498db, 0xff3498db, 0xff3498db, 0xff3498db, 0xff3498db, 0xff3498db, 0xff3498db, 0xff3498db, 0xff3498db,
0xff3498db, 0xff3498db, 0xff3498db, 0xff3498db, 0xff3498db, 0xff54a7de, 0x00ffffff, 0x00ffffff, 0x00ffffff, 0x00ffffff, 0x00ffffff, 0x00ffffff, 0x00ffffff, 0x00ffffff, 0x00ffffff, 0x00ffffff,
0x00ffffff, 0x00ffffff, 0x00ffffff, 0x00ffffff, 0x00ffffff, 0x00ffffff, 0x00ffffff, 0x00ffffff, 0x00ffffff, 0x00ffffff, 0x00ffffff, 0x00ffffff, 0x00ffffff, 0x00ffffff, 0x00ffffff, 0x00ffffff,
0x00ffffff, 0x00ffffff, 0x00ffffff, 0x00ffffff, 0x00ffffff, 
/* -49- */
0xff3b9bdc, 0xff3498db, 0xff3498db, 0xff3498db, 0xff3498db, 0xff3498db, 0xff3498db, 0xff3498db, 0xff3498db, 0xff3498db, 0xff3498db, 0xff3498db, 0xff3498db, 0xff3498db, 0xff3498db, 0xff3498db,
0xff3498db, 0xff3498db, 0xff3498db, 0xff3498db, 0xff3498db, 0xff58a9df, 0x00ffffff, 0x00ffffff, 0x00ffffff, 0x00ffffff, 0x00ffffff, 0x00ffffff, 0x00ffffff, 0x00ffffff, 0x00ffffff, 0x00ffffff,
0x00ffffff, 0x00ffffff, 0x00ffffff, 0x00ffffff, 0x00ffffff, 0x00ffffff, 0x00ffffff, 0x00ffffff, 0x00ffffff, 0x00ffffff, 0x00ffffff, 0x00ffffff, 0x00ffffff, 0x00ffffff, 0x00ffffff, 0x00ffffff,
0x00ffffff, 0x00ffffff, 0x00ffffff, 0x00ffffff, 0x00ffffff, 
/* -50- */
0xff3699db, 0xff3498db, 0xff3498db, 0xff3498db, 0xff3498db, 0xff3498db, 0xff3498db, 0xff3498db, 0xff3498db, 0xff3498db, 0xff3498db, 0xff3498db, 0xff3498db, 0xff3498db, 0xff3498db, 0xff3498db,
0xff3498db, 0xff3498db, 0xff3498db, 0xff3498db, 0xff3498db, 0xff5aaadf, 0x00ffffff, 0x00ffffff, 0x00ffffff, 0x00ffffff, 0x00ffffff, 0x00ffffff, 0x00ffffff, 0x00ffffff, 0x00ffffff, 0x00ffffff,
0x00ffffff, 0x00ffffff, 0x00ffffff, 0x00ffffff, 0x00ffffff, 0x00ffffff, 0x00ffffff, 0x00ffffff, 0x00ffffff, 0x00ffffff, 0x00ffffff, 0x00ffffff, 0x00ffffff, 0x00ffffff, 0x00ffffff, 0x00ffffff,
0x00ffffff, 0x00ffffff, 0x00ffffff, 0x00ffffff, 0x00ffffff, 
/* -51- */
0xff3498db, 0xff3498db, 0xff3498db, 0xff3498db, 0xff3498db, 0xff3498db, 0xff3498db, 0xff3498db, 0xff3498db, 0xff3498db, 0xff3498db, 0xff3498db, 0xff3498db, 0xff3498db, 0xff3498db, 0xff3498db,
0xff3498db, 0xff3498db, 0xff3498db, 0xff3498db, 0xff3498db, 0xff5baadf, 0x00ffffff, 0x00ffffff, 0x00ffffff, 0x00ffffff, 0x00ffffff, 0x00ffffff, 0x00ffffff, 0x00ffffff, 0x00ffffff, 0x00ffffff,
0x00ffffff, 0x00ffffff, 0x00ffffff, 0x00ffffff, 0x00ffffff, 0x00ffffff, 0x00ffffff, 0x00ffffff, 0x00ffffff, 0x00ffffff, 0x00ffffff, 0x00ffffff, 0x00ffffff, 0x00ffffff, 0x00ffffff, 0x00ffffff,
0x00ffffff, 0x00ffffff, 0x00ffffff, 0x00ffffff, 0x00ffffff, 
/* -52- */
0xff3699db, 0xff3498db, 0xff3498db, 0xff3498db, 0xff3498db, 0xff3498db, 0xff3498db, 0xff3498db, 0xff3498db, 0xff3498db, 0xff3498db, 0xff3498db, 0xff3498db, 0xff3498db, 0xff3498db, 0xff3498db,
0xff3498db, 0xff3498db, 0xff3498db, 0xff3498db, 0xff3498db, 0xff5aaadf, 0x00ffffff, 0x00ffffff, 0x00ffffff, 0x00ffffff, 0x00ffffff, 0x00ffffff, 0x00ffffff, 0x00ffffff, 0x00ffffff, 0x00ffffff,
0x00ffffff, 0x00ffffff, 0x00ffffff, 0x00ffffff, 0x00ffffff, 0x00ffffff, 0x00ffffff, 0x00ffffff, 0x00ffffff, 0x00ffffff, 0x00ffffff, 0x00ffffff, 0x00ffffff, 0x00ffffff, 0x00ffffff, 0x00ffffff,
0x00ffffff, 0x00ffffff, 0x00ffffff, 0x00ffffff, 0x00ffffff, 
};


extern const arm_2d_tile_t c_tile_arc_quarter_mask_png_GRAY8;
ARM_SECTION("arm2d.tile.c_tile_arc_quarter_mask_png_GRAY8")
const arm_2d_tile_t c_tile_arc_quarter_mask_png_GRAY8 = {
    .tRegion = {
        .tSize = {
            .iWidth = 53,
            .iHeight = 53,
        },
    },
    .tInfo = {
        .bIsRoot = true,
        .bHasEnforcedColour = true,
        .tColourInfo = {
            .chScheme = ARM_2D_COLOUR_GRAY8,
        },
    },
    .pchBuffer = (uint8_t*)c_bmp_arc_quarter_mask_png_GRAY8,
};




extern const arm_2d_tile_t c_tile_arc_quarter_mask_png_RGB565;
ARM_SECTION("arm2d.tile.c_tile_arc_quarter_mask_png_RGB565")
const arm_2d_tile_t c_tile_arc_quarter_mask_png_RGB565 = {
    .tRegion = {
        .tSize = {
            .iWidth = 53,
            .iHeight = 53,
        },
    },
    .tInfo = {
        .bIsRoot = true,
        .bHasEnforcedColour = true,
        .tColourInfo = {
            .chScheme = ARM_2D_COLOUR_RGB565,
        },
    },
    .phwBuffer = (uint16_t*)c_bmp_arc_quarter_mask_png_RGB565,
};




extern const arm_2d_tile_t c_tile_arc_quarter_mask_png_CCCA8888;

ARM_SECTION("arm2d.tile.c_tile_arc_quarter_mask_png_CCCA8888")
const arm_2d_tile_t c_tile_arc_quarter_mask_png_CCCA8888 = {
    .tRegion = {
        .tSize = {
            .iWidth = 53,
            .iHeight = 53,
        },
    },
    .tInfo = {
        .bIsRoot = true,
        .bHasEnforcedColour = true,
        .tColourInfo = {
            .chScheme = ARM_2D_COLOUR_BGRA8888,
        },
    },
    .pwBuffer = (uint32_t*)c_bmp_arc_quarter_mask_png_CCCA8888,
};





extern const arm_2d_tile_t c_tile_arc_quarter_mask_png_Mask2;

ARM_SECTION("arm2d.tile.c_tile_arc_quarter_mask_png_Mask2")
const arm_2d_tile_t c_tile_arc_quarter_mask_png_Mask2 = {
    .tRegion = {
        .tSize = {
            .iWidth = 53,
            .iHeight = 53,
        },
    },
    .tInfo = {
        .bIsRoot = true,
        .bHasEnforcedColour = true,
        .tColourInfo = {
            .chScheme = ARM_2D_CHANNEL_8in32,
        },
    },
    .nAddress = ((intptr_t)c_bmp_arc_quarter_mask_png_CCCA8888) + 3,
};




extern const arm_2d_tile_t c_tile_arc_quarter_mask_png_Mask;

ARM_SECTION("arm2d.tile.c_tile_arc_quarter_mask_png_Mask")
const arm_2d_tile_t c_tile_arc_quarter_mask_png_Mask = {
    .tRegion = {
        .tSize = {
            .iWidth = 53,
            .iHeight = 53,
        },
    },
    .tInfo = {
        .bIsRoot = true,
        .bHasEnforcedColour = true,
        .tColourInfo = {
            .chScheme = ARM_2D_COLOUR_8BIT,
        },
    },
    .pchBuffer = (uint8_t *)c_bmp_arc_quarter_mask_png_Alpha,
};




extern const arm_2d_tile_t c_tile_arc_quarter_mask_png_A1Mask;

ARM_SECTION("arm2d.tile.c_tile_arc_quarter_mask_png_A1Mask")
const arm_2d_tile_t c_tile_arc_quarter_mask_png_A1Mask = {
    .tRegion = {
        .tSize = {
            .iWidth = 53,
            .iHeight = 53,
        },
    },
    .tInfo = {
        .bIsRoot = true,
        .bHasEnforcedColour = true,
        .tColourInfo = {
            .chScheme = ARM_2D_COLOUR_MASK_A1,
        },
    },
    .pchBuffer = (uint8_t *)c_bmp_arc_quarter_mask_png_A1Alpha,
};




extern const arm_2d_tile_t c_tile_arc_quarter_mask_png_A2Mask;

ARM_SECTION("arm2d.tile.c_tile_arc_quarter_mask_png_A2Mask")
const arm_2d_tile_t c_tile_arc_quarter_mask_png_A2Mask = {
    .tRegion = {
        .tSize = {
            .iWidth = 53,
            .iHeight = 53,
        },
    },
    .tInfo = {
        .bIsRoot = true,
        .bHasEnforcedColour = true,
        .tColourInfo = {
            .chScheme = ARM_2D_COLOUR_MASK_A2,
        },
    },
    .pchBuffer = (uint8_t *)c_bmp_arc_quarter_mask_png_A2Alpha,
};




extern const arm_2d_tile_t c_tile_arc_quarter_mask_png_A4Mask;

ARM_SECTION("arm2d.tile.c_tile_arc_quarter_mask_png_A4Mask")
const arm_2d_tile_t c_tile_arc_quarter_mask_png_A4Mask = {
    .tRegion = {
        .tSize = {
            .iWidth = 53,
            .iHeight = 53,
        },
    },
    .tInfo = {
        .bIsRoot = true,
        .bHasEnforcedColour = true,
        .tColourInfo = {
            .chScheme = ARM_2D_COLOUR_MASK_A4,
        },
    },
    .pchBuffer = (uint8_t *)c_bmp_arc_quarter_mask_png_A4Alpha,
};



#if defined(__clang__)
#   pragma clang diagnostic pop
#elif defined(__IS_COMPILER_ARM_COMPILER_5__)
#   pragma diag_warning=1296
#endif


