
/* Generated on Wed Nov 26 17:00:32 2025 from -i */
/* Re-sized : False */
/* Rotated : 0.0 deg */



#include "arm_2d.h"

#if defined(__clang__)
#   pragma clang diagnostic push
#   pragma clang diagnostic ignored "-Wunknown-warning-option"
#   pragma clang diagnostic ignored "-Wreserved-identifier"
#   pragma clang diagnostic ignored "-Wmissing-variable-declarations"
#   pragma clang diagnostic ignored "-Wcast-qual"
#elif defined(__IS_COMPILER_ARM_COMPILER_5__)
#   pragma diag_suppress=1296
#endif


ARM_ALIGN(4) ARM_SECTION("arm2d.asset.c_bmp_arc_quarter_png_Alpha")
static const uint8_t c_bmp_arc_quarter_png_Alpha[53*53] = {
/* -0- */
0x00, 0x00, 0x00, 0x00, 0x00, 0x00, 0x00, 0x00, 0x00, 0x00, 0x00, 0x00, 0x00, 0x00, 0x00, 0x00,
0x00, 0x00, 0x00, 0x00, 0x00, 0x00, 0x00, 0x00, 0x00, 0x00, 0x00, 0x00, 0x00, 0x00, 0x00, 0x00,
0x00, 0x00, 0x00, 0x00, 0x00, 0x00, 0x00, 0x00, 0x00, 0x00, 0x00, 0x00, 0x00, 0x00, 0x00, 0x00,
0x00, 0x00, 0x00, 0x00, 0x00, 
/* -1- */
0x00, 0x00, 0x00, 0x00, 0x00, 0x00, 0x00, 0x00, 0x00, 0x00, 0x00, 0x00, 0x00, 0x00, 0x00, 0x00,
0x00, 0x00, 0x00, 0x00, 0x00, 0x00, 0x00, 0x00, 0x00, 0x00, 0x00, 0x00, 0x00, 0x00, 0x00, 0x00,
0x00, 0x00, 0x00, 0x00, 0x00, 0x00, 0x00, 0x00, 0x00, 0x00, 0xff, 0xff, 0xff, 0xff, 0xff, 0xff,
0xff, 0xff, 0xff, 0xff, 0x00, 
/* -2- */
0x00, 0x00, 0x00, 0x00, 0x00, 0x00, 0x00, 0x00, 0x00, 0x00, 0x00, 0x00, 0x00, 0x00, 0x00, 0x00,
0x00, 0x00, 0x00, 0x00, 0x00, 0x00, 0x00, 0x00, 0x00, 0x00, 0x00, 0x00, 0x00, 0x00, 0x00, 0x00,
0x00, 0x00, 0x00, 0x00, 0x00, 0x00, 0xff, 0xff, 0xff, 0xff, 0xff, 0xff, 0xff, 0xff, 0xff, 0xff,
0xff, 0xff, 0xff, 0xff, 0x00, 
/* -3- */
0x00, 0x00, 0x00, 0x00, 0x00, 0x00, 0x00, 0x00, 0x00, 0x00, 0x00, 0x00, 0x00, 0x00, 0x00, 0x00,
0x00, 0x00, 0x00, 0x00, 0x00, 0x00, 0x00, 0x00, 0x00, 0x00, 0x00, 0x00, 0x00, 0x00, 0x00, 0x00,
0x00, 0x00, 0x00, 0xff, 0xff, 0xff, 0xff, 0xff, 0xff, 0xff, 0xff, 0xff, 0xff, 0xff, 0xff, 0xff,
0xff, 0xff, 0xff, 0xff, 0x00, 
/* -4- */
0x00, 0x00, 0x00, 0x00, 0x00, 0x00, 0x00, 0x00, 0x00, 0x00, 0x00, 0x00, 0x00, 0x00, 0x00, 0x00,
0x00, 0x00, 0x00, 0x00, 0x00, 0x00, 0x00, 0x00, 0x00, 0x00, 0x00, 0x00, 0x00, 0x00, 0x00, 0x00,
0xff, 0xff, 0xff, 0xff, 0xff, 0xff, 0xff, 0xff, 0xff, 0xff, 0xff, 0xff, 0xff, 0xff, 0xff, 0xff,
0xff, 0xff, 0xff, 0xff, 0x00, 
/* -5- */
0x00, 0x00, 0x00, 0x00, 0x00, 0x00, 0x00, 0x00, 0x00, 0x00, 0x00, 0x00, 0x00, 0x00, 0x00, 0x00,
0x00, 0x00, 0x00, 0x00, 0x00, 0x00, 0x00, 0x00, 0x00, 0x00, 0x00, 0x00, 0x00, 0x00, 0xff, 0xff,
0xff, 0xff, 0xff, 0xff, 0xff, 0xff, 0xff, 0xff, 0xff, 0xff, 0xff, 0xff, 0xff, 0xff, 0xff, 0xff,
0xff, 0xff, 0xff, 0xff, 0x00, 
/* -6- */
0x00, 0x00, 0x00, 0x00, 0x00, 0x00, 0x00, 0x00, 0x00, 0x00, 0x00, 0x00, 0x00, 0x00, 0x00, 0x00,
0x00, 0x00, 0x00, 0x00, 0x00, 0x00, 0x00, 0x00, 0x00, 0x00, 0x00, 0x00, 0xff, 0xff, 0xff, 0xff,
0xff, 0xff, 0xff, 0xff, 0xff, 0xff, 0xff, 0xff, 0xff, 0xff, 0xff, 0xff, 0xff, 0xff, 0xff, 0xff,
0xff, 0xff, 0xff, 0xff, 0x00, 
/* -7- */
0x00, 0x00, 0x00, 0x00, 0x00, 0x00, 0x00, 0x00, 0x00, 0x00, 0x00, 0x00, 0x00, 0x00, 0x00, 0x00,
0x00, 0x00, 0x00, 0x00, 0x00, 0x00, 0x00, 0x00, 0x00, 0x00, 0xff, 0xff, 0xff, 0xff, 0xff, 0xff,
0xff, 0xff, 0xff, 0xff, 0xff, 0xff, 0xff, 0xff, 0xff, 0xff, 0xff, 0xff, 0xff, 0xff, 0xff, 0xff,
0xff, 0xff, 0xff, 0xff, 0x00, 
/* -8- */
0x00, 0x00, 0x00, 0x00, 0x00, 0x00, 0x00, 0x00, 0x00, 0x00, 0x00, 0x00, 0x00, 0x00, 0x00, 0x00,
0x00, 0x00, 0x00, 0x00, 0x00, 0x00, 0x00, 0x00, 0xff, 0xff, 0xff, 0xff, 0xff, 0xff, 0xff, 0xff,
0xff, 0xff, 0xff, 0xff, 0xff, 0xff, 0xff, 0xff, 0xff, 0xff, 0xff, 0xff, 0xff, 0xff, 0xff, 0xff,
0xff, 0xff, 0xff, 0xff, 0x00, 
/* -9- */
0x00, 0x00, 0x00, 0x00, 0x00, 0x00, 0x00, 0x00, 0x00, 0x00, 0x00, 0x00, 0x00, 0x00, 0x00, 0x00,
0x00, 0x00, 0x00, 0x00, 0x00, 0x00, 0x00, 0xff, 0xff, 0xff, 0xff, 0xff, 0xff, 0xff, 0xff, 0xff,
0xff, 0xff, 0xff, 0xff, 0xff, 0xff, 0xff, 0xff, 0xff, 0xff, 0xff, 0xff, 0xff, 0xff, 0xff, 0xff,
0xff, 0xff, 0xff, 0xff, 0x00, 
/* -10- */
0x00, 0x00, 0x00, 0x00, 0x00, 0x00, 0x00, 0x00, 0x00, 0x00, 0x00, 0x00, 0x00, 0x00, 0x00, 0x00,
0x00, 0x00, 0x00, 0x00, 0x00, 0xff, 0xff, 0xff, 0xff, 0xff, 0xff, 0xff, 0xff, 0xff, 0xff, 0xff,
0xff, 0xff, 0xff, 0xff, 0xff, 0xff, 0xff, 0xff, 0xff, 0xff, 0xff, 0xff, 0xff, 0xff, 0xff, 0xff,
0xff, 0xff, 0xff, 0xff, 0x00, 
/* -11- */
0x00, 0x00, 0x00, 0x00, 0x00, 0x00, 0x00, 0x00, 0x00, 0x00, 0x00, 0x00, 0x00, 0x00, 0x00, 0x00,
0x00, 0x00, 0x00, 0x00, 0xff, 0xff, 0xff, 0xff, 0xff, 0xff, 0xff, 0xff, 0xff, 0xff, 0xff, 0xff,
0xff, 0xff, 0xff, 0xff, 0xff, 0xff, 0xff, 0xff, 0xff, 0xff, 0xff, 0xff, 0xff, 0xff, 0xff, 0xff,
0xff, 0xff, 0xff, 0xff, 0x00, 
/* -12- */
0x00, 0x00, 0x00, 0x00, 0x00, 0x00, 0x00, 0x00, 0x00, 0x00, 0x00, 0x00, 0x00, 0x00, 0x00, 0x00,
0x00, 0x00, 0x00, 0xff, 0xff, 0xff, 0xff, 0xff, 0xff, 0xff, 0xff, 0xff, 0xff, 0xff, 0xff, 0xff,
0xff, 0xff, 0xff, 0xff, 0xff, 0xff, 0xff, 0xff, 0xff, 0xff, 0xff, 0xff, 0xff, 0xff, 0xff, 0xff,
0xff, 0xff, 0xff, 0xff, 0x00, 
/* -13- */
0x00, 0x00, 0x00, 0x00, 0x00, 0x00, 0x00, 0x00, 0x00, 0x00, 0x00, 0x00, 0x00, 0x00, 0x00, 0x00,
0x00, 0x00, 0xff, 0xff, 0xff, 0xff, 0xff, 0xff, 0xff, 0xff, 0xff, 0xff, 0xff, 0xff, 0xff, 0xff,
0xff, 0xff, 0xff, 0xff, 0xff, 0xff, 0xff, 0xff, 0xff, 0xff, 0xff, 0xff, 0xff, 0xff, 0xff, 0xff,
0xff, 0xff, 0xff, 0xff, 0x00, 
/* -14- */
0x00, 0x00, 0x00, 0x00, 0x00, 0x00, 0x00, 0x00, 0x00, 0x00, 0x00, 0x00, 0x00, 0x00, 0x00, 0x00,
0x00, 0xff, 0xff, 0xff, 0xff, 0xff, 0xff, 0xff, 0xff, 0xff, 0xff, 0xff, 0xff, 0xff, 0xff, 0xff,
0xff, 0xff, 0xff, 0xff, 0xff, 0xff, 0xff, 0xff, 0xff, 0xff, 0xff, 0xff, 0xff, 0xff, 0xff, 0xff,
0xff, 0xff, 0xff, 0xff, 0x00, 
/* -15- */
0x00, 0x00, 0x00, 0x00, 0x00, 0x00, 0x00, 0x00, 0x00, 0x00, 0x00, 0x00, 0x00, 0x00, 0x00, 0x00,
0xff, 0xff, 0xff, 0xff, 0xff, 0xff, 0xff, 0xff, 0xff, 0xff, 0xff, 0xff, 0xff, 0xff, 0xff, 0xff,
0xff, 0xff, 0xff, 0xff, 0xff, 0xff, 0xff, 0xff, 0xff, 0xff, 0xff, 0xff, 0xff, 0xff, 0xff, 0xff,
0xff, 0xff, 0xff, 0xff, 0x00, 
/* -16- */
0x00, 0x00, 0x00, 0x00, 0x00, 0x00, 0x00, 0x00, 0x00, 0x00, 0x00, 0x00, 0x00, 0x00, 0x00, 0xff,
0xff, 0xff, 0xff, 0xff, 0xff, 0xff, 0xff, 0xff, 0xff, 0xff, 0xff, 0xff, 0xff, 0xff, 0xff, 0xff,
0xff, 0xff, 0xff, 0xff, 0xff, 0xff, 0xff, 0xff, 0xff, 0xff, 0xff, 0xff, 0xff, 0xff, 0xff, 0xff,
0xff, 0xff, 0xff, 0xff, 0x00, 
/* -17- */
0x00, 0x00, 0x00, 0x00, 0x00, 0x00, 0x00, 0x00, 0x00, 0x00, 0x00, 0x00, 0x00, 0x00, 0xff, 0xff,
0xff, 0xff, 0xff, 0xff, 0xff, 0xff, 0xff, 0xff, 0xff, 0xff, 0xff, 0xff, 0xff, 0xff, 0xff, 0xff,
0xff, 0xff, 0xff, 0xff, 0xff, 0xff, 0xff, 0xff, 0xff, 0xff, 0xff, 0xff, 0xff, 0xff, 0xff, 0xff,
0xff, 0xff, 0xff, 0xff, 0x00, 
/* -18- */
0x00, 0x00, 0x00, 0x00, 0x00, 0x00, 0x00, 0x00, 0x00, 0x00, 0x00, 0x00, 0x00, 0xff, 0xff, 0xff,
0xff, 0xff, 0xff, 0xff, 0xff, 0xff, 0xff, 0xff, 0xff, 0xff, 0xff, 0xff, 0xff, 0xff, 0xff, 0xff,
0xff, 0xff, 0xff, 0xff, 0xff, 0xff, 0xff, 0xff, 0xff, 0xff, 0xff, 0xff, 0xff, 0xff, 0xff, 0xff,
0xff, 0xff, 0xff, 0xff, 0x00, 
/* -19- */
0x00, 0x00, 0x00, 0x00, 0x00, 0x00, 0x00, 0x00, 0x00, 0x00, 0x00, 0x00, 0xff, 0xff, 0xff, 0xff,
0xff, 0xff, 0xff, 0xff, 0xff, 0xff, 0xff, 0xff, 0xff, 0xff, 0xff, 0xff, 0xff, 0xff, 0xff, 0xff,
0xff, 0xff, 0xff, 0xff, 0xff, 0xff, 0xff, 0xff, 0xff, 0xff, 0xff, 0xff, 0xff, 0xff, 0xff, 0xff,
0xff, 0xff, 0xff, 0xff, 0x00, 
/* -20- */
0x00, 0x00, 0x00, 0x00, 0x00, 0x00, 0x00, 0x00, 0x00, 0x00, 0x00, 0xff, 0xff, 0xff, 0xff, 0xff,
0xff, 0xff, 0xff, 0xff, 0xff, 0xff, 0xff, 0xff, 0xff, 0xff, 0xff, 0xff, 0xff, 0xff, 0xff, 0xff,
0xff, 0xff, 0xff, 0xff, 0xff, 0xff, 0xff, 0xff, 0xff, 0xff, 0xff, 0xff, 0xff, 0xff, 0xff, 0xff,
0xff, 0xff, 0xff, 0xff, 0x00, 
/* -21- */
0x00, 0x00, 0x00, 0x00, 0x00, 0x00, 0x00, 0x00, 0x00, 0x00, 0xff, 0xff, 0xff, 0xff, 0xff, 0xff,
0xff, 0xff, 0xff, 0xff, 0xff, 0xff, 0xff, 0xff, 0xff, 0xff, 0xff, 0xff, 0xff, 0xff, 0xff, 0xff,
0xff, 0xff, 0xff, 0xff, 0xff, 0xff, 0xff, 0xff, 0xff, 0xff, 0xff, 0xff, 0xff, 0xff, 0xff, 0xff,
0x00, 0x00, 0x00, 0x00, 0x00, 
/* -22- */
0x00, 0x00, 0x00, 0x00, 0x00, 0x00, 0x00, 0x00, 0x00, 0x00, 0xff, 0xff, 0xff, 0xff, 0xff, 0xff,
0xff, 0xff, 0xff, 0xff, 0xff, 0xff, 0xff, 0xff, 0xff, 0xff, 0xff, 0xff, 0xff, 0xff, 0xff, 0xff,
0xff, 0xff, 0xff, 0xff, 0xff, 0xff, 0xff, 0xff, 0xff, 0xff, 0xff, 0x00, 0x00, 0x00, 0x00, 0x00,
0x00, 0x00, 0x00, 0x00, 0x00, 
/* -23- */
0x00, 0x00, 0x00, 0x00, 0x00, 0x00, 0x00, 0x00, 0x00, 0xff, 0xff, 0xff, 0xff, 0xff, 0xff, 0xff,
0xff, 0xff, 0xff, 0xff, 0xff, 0xff, 0xff, 0xff, 0xff, 0xff, 0xff, 0xff, 0xff, 0xff, 0xff, 0xff,
0xff, 0xff, 0xff, 0xff, 0xff, 0xff, 0xff, 0xff, 0x00, 0x00, 0x00, 0x00, 0x00, 0x00, 0x00, 0x00,
0x00, 0x00, 0x00, 0x00, 0x00, 
/* -24- */
0x00, 0x00, 0x00, 0x00, 0x00, 0x00, 0x00, 0x00, 0xff, 0xff, 0xff, 0xff, 0xff, 0xff, 0xff, 0xff,
0xff, 0xff, 0xff, 0xff, 0xff, 0xff, 0xff, 0xff, 0xff, 0xff, 0xff, 0xff, 0xff, 0xff, 0xff, 0xff,
0xff, 0xff, 0xff, 0xff, 0xff, 0xff, 0x00, 0x00, 0x00, 0x00, 0x00, 0x00, 0x00, 0x00, 0x00, 0x00,
0x00, 0x00, 0x00, 0x00, 0x00, 
/* -25- */
0x00, 0x00, 0x00, 0x00, 0x00, 0x00, 0x00, 0x00, 0xff, 0xff, 0xff, 0xff, 0xff, 0xff, 0xff, 0xff,
0xff, 0xff, 0xff, 0xff, 0xff, 0xff, 0xff, 0xff, 0xff, 0xff, 0xff, 0xff, 0xff, 0xff, 0xff, 0xff,
0xff, 0xff, 0xff, 0xff, 0x00, 0x00, 0x00, 0x00, 0x00, 0x00, 0x00, 0x00, 0x00, 0x00, 0x00, 0x00,
0x00, 0x00, 0x00, 0x00, 0x00, 
/* -26- */
0x00, 0x00, 0x00, 0x00, 0x00, 0x00, 0x00, 0xff, 0xff, 0xff, 0xff, 0xff, 0xff, 0xff, 0xff, 0xff,
0xff, 0xff, 0xff, 0xff, 0xff, 0xff, 0xff, 0xff, 0xff, 0xff, 0xff, 0xff, 0xff, 0xff, 0xff, 0xff,
0xff, 0xff, 0xff, 0x00, 0x00, 0x00, 0x00, 0x00, 0x00, 0x00, 0x00, 0x00, 0x00, 0x00, 0x00, 0x00,
0x00, 0x00, 0x00, 0x00, 0x00, 
/* -27- */
0x00, 0x00, 0x00, 0x00, 0x00, 0x00, 0x00, 0xff, 0xff, 0xff, 0xff, 0xff, 0xff, 0xff, 0xff, 0xff,
0xff, 0xff, 0xff, 0xff, 0xff, 0xff, 0xff, 0xff, 0xff, 0xff, 0xff, 0xff, 0xff, 0xff, 0xff, 0xff,
0xff, 0x00, 0x00, 0x00, 0x00, 0x00, 0x00, 0x00, 0x00, 0x00, 0x00, 0x00, 0x00, 0x00, 0x00, 0x00,
0x00, 0x00, 0x00, 0x00, 0x00, 
/* -28- */
0x00, 0x00, 0x00, 0x00, 0x00, 0x00, 0xff, 0xff, 0xff, 0xff, 0xff, 0xff, 0xff, 0xff, 0xff, 0xff,
0xff, 0xff, 0xff, 0xff, 0xff, 0xff, 0xff, 0xff, 0xff, 0xff, 0xff, 0xff, 0xff, 0xff, 0xff, 0xff,
0x00, 0x00, 0x00, 0x00, 0x00, 0x00, 0x00, 0x00, 0x00, 0x00, 0x00, 0x00, 0x00, 0x00, 0x00, 0x00,
0x00, 0x00, 0x00, 0x00, 0x00, 
/* -29- */
0x00, 0x00, 0x00, 0x00, 0x00, 0x00, 0xff, 0xff, 0xff, 0xff, 0xff, 0xff, 0xff, 0xff, 0xff, 0xff,
0xff, 0xff, 0xff, 0xff, 0xff, 0xff, 0xff, 0xff, 0xff, 0xff, 0xff, 0xff, 0xff, 0xff, 0xff, 0x00,
0x00, 0x00, 0x00, 0x00, 0x00, 0x00, 0x00, 0x00, 0x00, 0x00, 0x00, 0x00, 0x00, 0x00, 0x00, 0x00,
0x00, 0x00, 0x00, 0x00, 0x00, 
/* -30- */
0x00, 0x00, 0x00, 0x00, 0x00, 0xff, 0xff, 0xff, 0xff, 0xff, 0xff, 0xff, 0xff, 0xff, 0xff, 0xff,
0xff, 0xff, 0xff, 0xff, 0xff, 0xff, 0xff, 0xff, 0xff, 0xff, 0xff, 0xff, 0xff, 0xff, 0x00, 0x00,
0x00, 0x00, 0x00, 0x00, 0x00, 0x00, 0x00, 0x00, 0x00, 0x00, 0x00, 0x00, 0x00, 0x00, 0x00, 0x00,
0x00, 0x00, 0x00, 0x00, 0x00, 
/* -31- */
0x00, 0x00, 0x00, 0x00, 0x00, 0xff, 0xff, 0xff, 0xff, 0xff, 0xff, 0xff, 0xff, 0xff, 0xff, 0xff,
0xff, 0xff, 0xff, 0xff, 0xff, 0xff, 0xff, 0xff, 0xff, 0xff, 0xff, 0xff, 0xff, 0x00, 0x00, 0x00,
0x00, 0x00, 0x00, 0x00, 0x00, 0x00, 0x00, 0x00, 0x00, 0x00, 0x00, 0x00, 0x00, 0x00, 0x00, 0x00,
0x00, 0x00, 0x00, 0x00, 0x00, 
/* -32- */
0x00, 0x00, 0x00, 0x00, 0xff, 0xff, 0xff, 0xff, 0xff, 0xff, 0xff, 0xff, 0xff, 0xff, 0xff, 0xff,
0xff, 0xff, 0xff, 0xff, 0xff, 0xff, 0xff, 0xff, 0xff, 0xff, 0xff, 0xff, 0x00, 0x00, 0x00, 0x00,
0x00, 0x00, 0x00, 0x00, 0x00, 0x00, 0x00, 0x00, 0x00, 0x00, 0x00, 0x00, 0x00, 0x00, 0x00, 0x00,
0x00, 0x00, 0x00, 0x00, 0x00, 
/* -33- */
0x00, 0x00, 0x00, 0x00, 0xff, 0xff, 0xff, 0xff, 0xff, 0xff, 0xff, 0xff, 0xff, 0xff, 0xff, 0xff,
0xff, 0xff, 0xff, 0xff, 0xff, 0xff, 0xff, 0xff, 0xff, 0xff, 0xff, 0x00, 0x00, 0x00, 0x00, 0x00,
0x00, 0x00, 0x00, 0x00, 0x00, 0x00, 0x00, 0x00, 0x00, 0x00, 0x00, 0x00, 0x00, 0x00, 0x00, 0x00,
0x00, 0x00, 0x00, 0x00, 0x00, 
/* -34- */
0x00, 0x00, 0x00, 0x00, 0xff, 0xff, 0xff, 0xff, 0xff, 0xff, 0xff, 0xff, 0xff, 0xff, 0xff, 0xff,
0xff, 0xff, 0xff, 0xff, 0xff, 0xff, 0xff, 0xff, 0xff, 0xff, 0xff, 0x00, 0x00, 0x00, 0x00, 0x00,
0x00, 0x00, 0x00, 0x00, 0x00, 0x00, 0x00, 0x00, 0x00, 0x00, 0x00, 0x00, 0x00, 0x00, 0x00, 0x00,
0x00, 0x00, 0x00, 0x00, 0x00, 
/* -35- */
0x00, 0x00, 0x00, 0xff, 0xff, 0xff, 0xff, 0xff, 0xff, 0xff, 0xff, 0xff, 0xff, 0xff, 0xff, 0xff,
0xff, 0xff, 0xff, 0xff, 0xff, 0xff, 0xff, 0xff, 0xff, 0xff, 0x00, 0x00, 0x00, 0x00, 0x00, 0x00,
0x00, 0x00, 0x00, 0x00, 0x00, 0x00, 0x00, 0x00, 0x00, 0x00, 0x00, 0x00, 0x00, 0x00, 0x00, 0x00,
0x00, 0x00, 0x00, 0x00, 0x00, 
/* -36- */
0x00, 0x00, 0x00, 0xff, 0xff, 0xff, 0xff, 0xff, 0xff, 0xff, 0xff, 0xff, 0xff, 0xff, 0xff, 0xff,
0xff, 0xff, 0xff, 0xff, 0xff, 0xff, 0xff, 0xff, 0xff, 0x00, 0x00, 0x00, 0x00, 0x00, 0x00, 0x00,
0x00, 0x00, 0x00, 0x00, 0x00, 0x00, 0x00, 0x00, 0x00, 0x00, 0x00, 0x00, 0x00, 0x00, 0x00, 0x00,
0x00, 0x00, 0x00, 0x00, 0x00, 
/* -37- */
0x00, 0x00, 0x00, 0xff, 0xff, 0xff, 0xff, 0xff, 0xff, 0xff, 0xff, 0xff, 0xff, 0xff, 0xff, 0xff,
0xff, 0xff, 0xff, 0xff, 0xff, 0xff, 0xff, 0xff, 0xff, 0x00, 0x00, 0x00, 0x00, 0x00, 0x00, 0x00,
0x00, 0x00, 0x00, 0x00, 0x00, 0x00, 0x00, 0x00, 0x00, 0x00, 0x00, 0x00, 0x00, 0x00, 0x00, 0x00,
0x00, 0x00, 0x00, 0x00, 0x00, 
/* -38- */
0x00, 0x00, 0xff, 0xff, 0xff, 0xff, 0xff, 0xff, 0xff, 0xff, 0xff, 0xff, 0xff, 0xff, 0xff, 0xff,
0xff, 0xff, 0xff, 0xff, 0xff, 0xff, 0xff, 0xff, 0x00, 0x00, 0x00, 0x00, 0x00, 0x00, 0x00, 0x00,
0x00, 0x00, 0x00, 0x00, 0x00, 0x00, 0x00, 0x00, 0x00, 0x00, 0x00, 0x00, 0x00, 0x00, 0x00, 0x00,
0x00, 0x00, 0x00, 0x00, 0x00, 
/* -39- */
0x00, 0x00, 0xff, 0xff, 0xff, 0xff, 0xff, 0xff, 0xff, 0xff, 0xff, 0xff, 0xff, 0xff, 0xff, 0xff,
0xff, 0xff, 0xff, 0xff, 0xff, 0xff, 0xff, 0xff, 0x00, 0x00, 0x00, 0x00, 0x00, 0x00, 0x00, 0x00,
0x00, 0x00, 0x00, 0x00, 0x00, 0x00, 0x00, 0x00, 0x00, 0x00, 0x00, 0x00, 0x00, 0x00, 0x00, 0x00,
0x00, 0x00, 0x00, 0x00, 0x00, 
/* -40- */
0x00, 0x00, 0xff, 0xff, 0xff, 0xff, 0xff, 0xff, 0xff, 0xff, 0xff, 0xff, 0xff, 0xff, 0xff, 0xff,
0xff, 0xff, 0xff, 0xff, 0xff, 0xff, 0xff, 0x00, 0x00, 0x00, 0x00, 0x00, 0x00, 0x00, 0x00, 0x00,
0x00, 0x00, 0x00, 0x00, 0x00, 0x00, 0x00, 0x00, 0x00, 0x00, 0x00, 0x00, 0x00, 0x00, 0x00, 0x00,
0x00, 0x00, 0x00, 0x00, 0x00, 
/* -41- */
0x00, 0x00, 0xff, 0xff, 0xff, 0xff, 0xff, 0xff, 0xff, 0xff, 0xff, 0xff, 0xff, 0xff, 0xff, 0xff,
0xff, 0xff, 0xff, 0xff, 0xff, 0xff, 0xff, 0x00, 0x00, 0x00, 0x00, 0x00, 0x00, 0x00, 0x00, 0x00,
0x00, 0x00, 0x00, 0x00, 0x00, 0x00, 0x00, 0x00, 0x00, 0x00, 0x00, 0x00, 0x00, 0x00, 0x00, 0x00,
0x00, 0x00, 0x00, 0x00, 0x00, 
/* -42- */
0x00, 0xff, 0xff, 0xff, 0xff, 0xff, 0xff, 0xff, 0xff, 0xff, 0xff, 0xff, 0xff, 0xff, 0xff, 0xff,
0xff, 0xff, 0xff, 0xff, 0xff, 0xff, 0xff, 0x00, 0x00, 0x00, 0x00, 0x00, 0x00, 0x00, 0x00, 0x00,
0x00, 0x00, 0x00, 0x00, 0x00, 0x00, 0x00, 0x00, 0x00, 0x00, 0x00, 0x00, 0x00, 0x00, 0x00, 0x00,
0x00, 0x00, 0x00, 0x00, 0x00, 
/* -43- */
0x00, 0xff, 0xff, 0xff, 0xff, 0xff, 0xff, 0xff, 0xff, 0xff, 0xff, 0xff, 0xff, 0xff, 0xff, 0xff,
0xff, 0xff, 0xff, 0xff, 0xff, 0xff, 0x00, 0x00, 0x00, 0x00, 0x00, 0x00, 0x00, 0x00, 0x00, 0x00,
0x00, 0x00, 0x00, 0x00, 0x00, 0x00, 0x00, 0x00, 0x00, 0x00, 0x00, 0x00, 0x00, 0x00, 0x00, 0x00,
0x00, 0x00, 0x00, 0x00, 0x00, 
/* -44- */
0x00, 0xff, 0xff, 0xff, 0xff, 0xff, 0xff, 0xff, 0xff, 0xff, 0xff, 0xff, 0xff, 0xff, 0xff, 0xff,
0xff, 0xff, 0xff, 0xff, 0xff, 0xff, 0x00, 0x00, 0x00, 0x00, 0x00, 0x00, 0x00, 0x00, 0x00, 0x00,
0x00, 0x00, 0x00, 0x00, 0x00, 0x00, 0x00, 0x00, 0x00, 0x00, 0x00, 0x00, 0x00, 0x00, 0x00, 0x00,
0x00, 0x00, 0x00, 0x00, 0x00, 
/* -45- */
0x00, 0xff, 0xff, 0xff, 0xff, 0xff, 0xff, 0xff, 0xff, 0xff, 0xff, 0xff, 0xff, 0xff, 0xff, 0xff,
0xff, 0xff, 0xff, 0xff, 0xff, 0xff, 0x00, 0x00, 0x00, 0x00, 0x00, 0x00, 0x00, 0x00, 0x00, 0x00,
0x00, 0x00, 0x00, 0x00, 0x00, 0x00, 0x00, 0x00, 0x00, 0x00, 0x00, 0x00, 0x00, 0x00, 0x00, 0x00,
0x00, 0x00, 0x00, 0x00, 0x00, 
/* -46- */
0x00, 0xff, 0xff, 0xff, 0xff, 0xff, 0xff, 0xff, 0xff, 0xff, 0xff, 0xff, 0xff, 0xff, 0xff, 0xff,
0xff, 0xff, 0xff, 0xff, 0xff, 0xff, 0x00, 0x00, 0x00, 0x00, 0x00, 0x00, 0x00, 0x00, 0x00, 0x00,
0x00, 0x00, 0x00, 0x00, 0x00, 0x00, 0x00, 0x00, 0x00, 0x00, 0x00, 0x00, 0x00, 0x00, 0x00, 0x00,
0x00, 0x00, 0x00, 0x00, 0x00, 
/* -47- */
0x00, 0xff, 0xff, 0xff, 0xff, 0xff, 0xff, 0xff, 0xff, 0xff, 0xff, 0xff, 0xff, 0xff, 0xff, 0xff,
0xff, 0xff, 0xff, 0xff, 0xff, 0xff, 0x00, 0x00, 0x00, 0x00, 0x00, 0x00, 0x00, 0x00, 0x00, 0x00,
0x00, 0x00, 0x00, 0x00, 0x00, 0x00, 0x00, 0x00, 0x00, 0x00, 0x00, 0x00, 0x00, 0x00, 0x00, 0x00,
0x00, 0x00, 0x00, 0x00, 0x00, 
/* -48- */
0x00, 0xff, 0xff, 0xff, 0xff, 0xff, 0xff, 0xff, 0xff, 0xff, 0xff, 0xff, 0xff, 0xff, 0xff, 0xff,
0xff, 0xff, 0xff, 0xff, 0xff, 0x00, 0x00, 0x00, 0x00, 0x00, 0x00, 0x00, 0x00, 0x00, 0x00, 0x00,
0x00, 0x00, 0x00, 0x00, 0x00, 0x00, 0x00, 0x00, 0x00, 0x00, 0x00, 0x00, 0x00, 0x00, 0x00, 0x00,
0x00, 0x00, 0x00, 0x00, 0x00, 
/* -49- */
0x00, 0xff, 0xff, 0xff, 0xff, 0xff, 0xff, 0xff, 0xff, 0xff, 0xff, 0xff, 0xff, 0xff, 0xff, 0xff,
0xff, 0xff, 0xff, 0xff, 0xff, 0x00, 0x00, 0x00, 0x00, 0x00, 0x00, 0x00, 0x00, 0x00, 0x00, 0x00,
0x00, 0x00, 0x00, 0x00, 0x00, 0x00, 0x00, 0x00, 0x00, 0x00, 0x00, 0x00, 0x00, 0x00, 0x00, 0x00,
0x00, 0x00, 0x00, 0x00, 0x00, 
/* -50- */
0x00, 0xff, 0xff, 0xff, 0xff, 0xff, 0xff, 0xff, 0xff, 0xff, 0xff, 0xff, 0xff, 0xff, 0xff, 0xff,
0xff, 0xff, 0xff, 0xff, 0xff, 0x00, 0x00, 0x00, 0x00, 0x00, 0x00, 0x00, 0x00, 0x00, 0x00, 0x00,
0x00, 0x00, 0x00, 0x00, 0x00, 0x00, 0x00, 0x00, 0x00, 0x00, 0x00, 0x00, 0x00, 0x00, 0x00, 0x00,
0x00, 0x00, 0x00, 0x00, 0x00, 
/* -51- */
0x00, 0xff, 0xff, 0xff, 0xff, 0xff, 0xff, 0xff, 0xff, 0xff, 0xff, 0xff, 0xff, 0xff, 0xff, 0xff,
0xff, 0xff, 0xff, 0xff, 0xff, 0x00, 0x00, 0x00, 0x00, 0x00, 0x00, 0x00, 0x00, 0x00, 0x00, 0x00,
0x00, 0x00, 0x00, 0x00, 0x00, 0x00, 0x00, 0x00, 0x00, 0x00, 0x00, 0x00, 0x00, 0x00, 0x00, 0x00,
0x00, 0x00, 0x00, 0x00, 0x00, 
/* -52- */
0x00, 0x00, 0x00, 0x00, 0x00, 0x00, 0x00, 0x00, 0x00, 0x00, 0x00, 0x00, 0x00, 0x00, 0x00, 0x00,
0x00, 0x00, 0x00, 0x00, 0x00, 0x00, 0x00, 0x00, 0x00, 0x00, 0x00, 0x00, 0x00, 0x00, 0x00, 0x00,
0x00, 0x00, 0x00, 0x00, 0x00, 0x00, 0x00, 0x00, 0x00, 0x00, 0x00, 0x00, 0x00, 0x00, 0x00, 0x00,
0x00, 0x00, 0x00, 0x00, 0x00, 
};

ARM_ALIGN(4) ARM_SECTION("arm2d.asset.c_bmp_arc_quarter_png_A1Alpha")
static const uint8_t c_bmp_arc_quarter_png_A1Alpha[7*53] = {
/* -0- */
0x00, 0x00, 0x00, 0x00, 0x00, 0x00, 0x00, 
/* -1- */
0x00, 0x00, 0x00, 0x00, 0x00, 0xfc, 0x0f, 
/* -2- */
0x00, 0x00, 0x00, 0x00, 0xc0, 0xff, 0x0f, 
/* -3- */
0x00, 0x00, 0x00, 0x00, 0xf8, 0xff, 0x0f, 
/* -4- */
0x00, 0x00, 0x00, 0x00, 0xff, 0xff, 0x0f, 
/* -5- */
0x00, 0x00, 0x00, 0xc0, 0xff, 0xff, 0x0f, 
/* -6- */
0x00, 0x00, 0x00, 0xf0, 0xff, 0xff, 0x0f, 
/* -7- */
0x00, 0x00, 0x00, 0xfc, 0xff, 0xff, 0x0f, 
/* -8- */
0x00, 0x00, 0x00, 0xff, 0xff, 0xff, 0x0f, 
/* -9- */
0x00, 0x00, 0x80, 0xff, 0xff, 0xff, 0x0f, 
/* -10- */
0x00, 0x00, 0xe0, 0xff, 0xff, 0xff, 0x0f, 
/* -11- */
0x00, 0x00, 0xf0, 0xff, 0xff, 0xff, 0x0f, 
/* -12- */
0x00, 0x00, 0xf8, 0xff, 0xff, 0xff, 0x0f, 
/* -13- */
0x00, 0x00, 0xfc, 0xff, 0xff, 0xff, 0x0f, 
/* -14- */
0x00, 0x00, 0xfe, 0xff, 0xff, 0xff, 0x0f, 
/* -15- */
0x00, 0x00, 0xff, 0xff, 0xff, 0xff, 0x0f, 
/* -16- */
0x00, 0x80, 0xff, 0xff, 0xff, 0xff, 0x0f, 
/* -17- */
0x00, 0xc0, 0xff, 0xff, 0xff, 0xff, 0x0f, 
/* -18- */
0x00, 0xe0, 0xff, 0xff, 0xff, 0xff, 0x0f, 
/* -19- */
0x00, 0xf0, 0xff, 0xff, 0xff, 0xff, 0x0f, 
/* -20- */
0x00, 0xf8, 0xff, 0xff, 0xff, 0xff, 0x0f, 
/* -21- */
0x00, 0xfc, 0xff, 0xff, 0xff, 0xff, 0x00, 
/* -22- */
0x00, 0xfc, 0xff, 0xff, 0xff, 0x07, 0x00, 
/* -23- */
0x00, 0xfe, 0xff, 0xff, 0xff, 0x00, 0x00, 
/* -24- */
0x00, 0xff, 0xff, 0xff, 0x3f, 0x00, 0x00, 
/* -25- */
0x00, 0xff, 0xff, 0xff, 0x0f, 0x00, 0x00, 
/* -26- */
0x80, 0xff, 0xff, 0xff, 0x07, 0x00, 0x00, 
/* -27- */
0x80, 0xff, 0xff, 0xff, 0x01, 0x00, 0x00, 
/* -28- */
0xc0, 0xff, 0xff, 0xff, 0x00, 0x00, 0x00, 
/* -29- */
0xc0, 0xff, 0xff, 0x7f, 0x00, 0x00, 0x00, 
/* -30- */
0xe0, 0xff, 0xff, 0x3f, 0x00, 0x00, 0x00, 
/* -31- */
0xe0, 0xff, 0xff, 0x1f, 0x00, 0x00, 0x00, 
/* -32- */
0xf0, 0xff, 0xff, 0x0f, 0x00, 0x00, 0x00, 
/* -33- */
0xf0, 0xff, 0xff, 0x07, 0x00, 0x00, 0x00, 
/* -34- */
0xf0, 0xff, 0xff, 0x07, 0x00, 0x00, 0x00, 
/* -35- */
0xf8, 0xff, 0xff, 0x03, 0x00, 0x00, 0x00, 
/* -36- */
0xf8, 0xff, 0xff, 0x01, 0x00, 0x00, 0x00, 
/* -37- */
0xf8, 0xff, 0xff, 0x01, 0x00, 0x00, 0x00, 
/* -38- */
0xfc, 0xff, 0xff, 0x00, 0x00, 0x00, 0x00, 
/* -39- */
0xfc, 0xff, 0xff, 0x00, 0x00, 0x00, 0x00, 
/* -40- */
0xfc, 0xff, 0x7f, 0x00, 0x00, 0x00, 0x00, 
/* -41- */
0xfc, 0xff, 0x7f, 0x00, 0x00, 0x00, 0x00, 
/* -42- */
0xfe, 0xff, 0x7f, 0x00, 0x00, 0x00, 0x00, 
/* -43- */
0xfe, 0xff, 0x3f, 0x00, 0x00, 0x00, 0x00, 
/* -44- */
0xfe, 0xff, 0x3f, 0x00, 0x00, 0x00, 0x00, 
/* -45- */
0xfe, 0xff, 0x3f, 0x00, 0x00, 0x00, 0x00, 
/* -46- */
0xfe, 0xff, 0x3f, 0x00, 0x00, 0x00, 0x00, 
/* -47- */
0xfe, 0xff, 0x3f, 0x00, 0x00, 0x00, 0x00, 
/* -48- */
0xfe, 0xff, 0x1f, 0x00, 0x00, 0x00, 0x00, 
/* -49- */
0xfe, 0xff, 0x1f, 0x00, 0x00, 0x00, 0x00, 
/* -50- */
0xfe, 0xff, 0x1f, 0x00, 0x00, 0x00, 0x00, 
/* -51- */
0xfe, 0xff, 0x1f, 0x00, 0x00, 0x00, 0x00, 
/* -52- */
0x00, 0x00, 0x00, 0x00, 0x00, 0x00, 0x00, 
};

ARM_ALIGN(4) ARM_SECTION("arm2d.asset.c_bmp_arc_quarter_png_A2Alpha")
static const uint8_t c_bmp_arc_quarter_png_A2Alpha[14*53] = {
/* -0- */
0x00, 0x00, 0x00, 0x00, 0x00, 0x00, 0x00, 0x00, 0x00, 0x00, 0x00, 0x00, 0x00, 0x00, 
/* -1- */
0x00, 0x00, 0x00, 0x00, 0x00, 0x00, 0x00, 0x00, 0x00, 0x00, 0xf0, 0xff, 0xff, 0x00, 
/* -2- */
0x00, 0x00, 0x00, 0x00, 0x00, 0x00, 0x00, 0x00, 0x00, 0xf0, 0xff, 0xff, 0xff, 0x00, 
/* -3- */
0x00, 0x00, 0x00, 0x00, 0x00, 0x00, 0x00, 0x00, 0xc0, 0xff, 0xff, 0xff, 0xff, 0x00, 
/* -4- */
0x00, 0x00, 0x00, 0x00, 0x00, 0x00, 0x00, 0x00, 0xff, 0xff, 0xff, 0xff, 0xff, 0x00, 
/* -5- */
0x00, 0x00, 0x00, 0x00, 0x00, 0x00, 0x00, 0xf0, 0xff, 0xff, 0xff, 0xff, 0xff, 0x00, 
/* -6- */
0x00, 0x00, 0x00, 0x00, 0x00, 0x00, 0x00, 0xff, 0xff, 0xff, 0xff, 0xff, 0xff, 0x00, 
/* -7- */
0x00, 0x00, 0x00, 0x00, 0x00, 0x00, 0xf0, 0xff, 0xff, 0xff, 0xff, 0xff, 0xff, 0x00, 
/* -8- */
0x00, 0x00, 0x00, 0x00, 0x00, 0x00, 0xff, 0xff, 0xff, 0xff, 0xff, 0xff, 0xff, 0x00, 
/* -9- */
0x00, 0x00, 0x00, 0x00, 0x00, 0xc0, 0xff, 0xff, 0xff, 0xff, 0xff, 0xff, 0xff, 0x00, 
/* -10- */
0x00, 0x00, 0x00, 0x00, 0x00, 0xfc, 0xff, 0xff, 0xff, 0xff, 0xff, 0xff, 0xff, 0x00, 
/* -11- */
0x00, 0x00, 0x00, 0x00, 0x00, 0xff, 0xff, 0xff, 0xff, 0xff, 0xff, 0xff, 0xff, 0x00, 
/* -12- */
0x00, 0x00, 0x00, 0x00, 0xc0, 0xff, 0xff, 0xff, 0xff, 0xff, 0xff, 0xff, 0xff, 0x00, 
/* -13- */
0x00, 0x00, 0x00, 0x00, 0xf0, 0xff, 0xff, 0xff, 0xff, 0xff, 0xff, 0xff, 0xff, 0x00, 
/* -14- */
0x00, 0x00, 0x00, 0x00, 0xfc, 0xff, 0xff, 0xff, 0xff, 0xff, 0xff, 0xff, 0xff, 0x00, 
/* -15- */
0x00, 0x00, 0x00, 0x00, 0xff, 0xff, 0xff, 0xff, 0xff, 0xff, 0xff, 0xff, 0xff, 0x00, 
/* -16- */
0x00, 0x00, 0x00, 0xc0, 0xff, 0xff, 0xff, 0xff, 0xff, 0xff, 0xff, 0xff, 0xff, 0x00, 
/* -17- */
0x00, 0x00, 0x00, 0xf0, 0xff, 0xff, 0xff, 0xff, 0xff, 0xff, 0xff, 0xff, 0xff, 0x00, 
/* -18- */
0x00, 0x00, 0x00, 0xfc, 0xff, 0xff, 0xff, 0xff, 0xff, 0xff, 0xff, 0xff, 0xff, 0x00, 
/* -19- */
0x00, 0x00, 0x00, 0xff, 0xff, 0xff, 0xff, 0xff, 0xff, 0xff, 0xff, 0xff, 0xff, 0x00, 
/* -20- */
0x00, 0x00, 0xc0, 0xff, 0xff, 0xff, 0xff, 0xff, 0xff, 0xff, 0xff, 0xff, 0xff, 0x00, 
/* -21- */
0x00, 0x00, 0xf0, 0xff, 0xff, 0xff, 0xff, 0xff, 0xff, 0xff, 0xff, 0xff, 0x00, 0x00, 
/* -22- */
0x00, 0x00, 0xf0, 0xff, 0xff, 0xff, 0xff, 0xff, 0xff, 0xff, 0x3f, 0x00, 0x00, 0x00, 
/* -23- */
0x00, 0x00, 0xfc, 0xff, 0xff, 0xff, 0xff, 0xff, 0xff, 0xff, 0x00, 0x00, 0x00, 0x00, 
/* -24- */
0x00, 0x00, 0xff, 0xff, 0xff, 0xff, 0xff, 0xff, 0xff, 0x0f, 0x00, 0x00, 0x00, 0x00, 
/* -25- */
0x00, 0x00, 0xff, 0xff, 0xff, 0xff, 0xff, 0xff, 0xff, 0x00, 0x00, 0x00, 0x00, 0x00, 
/* -26- */
0x00, 0xc0, 0xff, 0xff, 0xff, 0xff, 0xff, 0xff, 0x3f, 0x00, 0x00, 0x00, 0x00, 0x00, 
/* -27- */
0x00, 0xc0, 0xff, 0xff, 0xff, 0xff, 0xff, 0xff, 0x03, 0x00, 0x00, 0x00, 0x00, 0x00, 
/* -28- */
0x00, 0xf0, 0xff, 0xff, 0xff, 0xff, 0xff, 0xff, 0x00, 0x00, 0x00, 0x00, 0x00, 0x00, 
/* -29- */
0x00, 0xf0, 0xff, 0xff, 0xff, 0xff, 0xff, 0x3f, 0x00, 0x00, 0x00, 0x00, 0x00, 0x00, 
/* -30- */
0x00, 0xfc, 0xff, 0xff, 0xff, 0xff, 0xff, 0x0f, 0x00, 0x00, 0x00, 0x00, 0x00, 0x00, 
/* -31- */
0x00, 0xfc, 0xff, 0xff, 0xff, 0xff, 0xff, 0x03, 0x00, 0x00, 0x00, 0x00, 0x00, 0x00, 
/* -32- */
0x00, 0xff, 0xff, 0xff, 0xff, 0xff, 0xff, 0x00, 0x00, 0x00, 0x00, 0x00, 0x00, 0x00, 
/* -33- */
0x00, 0xff, 0xff, 0xff, 0xff, 0xff, 0x3f, 0x00, 0x00, 0x00, 0x00, 0x00, 0x00, 0x00, 
/* -34- */
0x00, 0xff, 0xff, 0xff, 0xff, 0xff, 0x3f, 0x00, 0x00, 0x00, 0x00, 0x00, 0x00, 0x00, 
/* -35- */
0xc0, 0xff, 0xff, 0xff, 0xff, 0xff, 0x0f, 0x00, 0x00, 0x00, 0x00, 0x00, 0x00, 0x00, 
/* -36- */
0xc0, 0xff, 0xff, 0xff, 0xff, 0xff, 0x03, 0x00, 0x00, 0x00, 0x00, 0x00, 0x00, 0x00, 
/* -37- */
0xc0, 0xff, 0xff, 0xff, 0xff, 0xff, 0x03, 0x00, 0x00, 0x00, 0x00, 0x00, 0x00, 0x00, 
/* -38- */
0xf0, 0xff, 0xff, 0xff, 0xff, 0xff, 0x00, 0x00, 0x00, 0x00, 0x00, 0x00, 0x00, 0x00, 
/* -39- */
0xf0, 0xff, 0xff, 0xff, 0xff, 0xff, 0x00, 0x00, 0x00, 0x00, 0x00, 0x00, 0x00, 0x00, 
/* -40- */
0xf0, 0xff, 0xff, 0xff, 0xff, 0x3f, 0x00, 0x00, 0x00, 0x00, 0x00, 0x00, 0x00, 0x00, 
/* -41- */
0xf0, 0xff, 0xff, 0xff, 0xff, 0x3f, 0x00, 0x00, 0x00, 0x00, 0x00, 0x00, 0x00, 0x00, 
/* -42- */
0xfc, 0xff, 0xff, 0xff, 0xff, 0x3f, 0x00, 0x00, 0x00, 0x00, 0x00, 0x00, 0x00, 0x00, 
/* -43- */
0xfc, 0xff, 0xff, 0xff, 0xff, 0x0f, 0x00, 0x00, 0x00, 0x00, 0x00, 0x00, 0x00, 0x00, 
/* -44- */
0xfc, 0xff, 0xff, 0xff, 0xff, 0x0f, 0x00, 0x00, 0x00, 0x00, 0x00, 0x00, 0x00, 0x00, 
/* -45- */
0xfc, 0xff, 0xff, 0xff, 0xff, 0x0f, 0x00, 0x00, 0x00, 0x00, 0x00, 0x00, 0x00, 0x00, 
/* -46- */
0xfc, 0xff, 0xff, 0xff, 0xff, 0x0f, 0x00, 0x00, 0x00, 0x00, 0x00, 0x00, 0x00, 0x00, 
/* -47- */
0xfc, 0xff, 0xff, 0xff, 0xff, 0x0f, 0x00, 0x00, 0x00, 0x00, 0x00, 0x00, 0x00, 0x00, 
/* -48- */
0xfc, 0xff, 0xff, 0xff, 0xff, 0x03, 0x00, 0x00, 0x00, 0x00, 0x00, 0x00, 0x00, 0x00, 
/* -49- */
0xfc, 0xff, 0xff, 0xff, 0xff, 0x03, 0x00, 0x00, 0x00, 0x00, 0x00, 0x00, 0x00, 0x00, 
/* -50- */
0xfc, 0xff, 0xff, 0xff, 0xff, 0x03, 0x00, 0x00, 0x00, 0x00, 0x00, 0x00, 0x00, 0x00, 
/* -51- */
0xfc, 0xff, 0xff, 0xff, 0xff, 0x03, 0x00, 0x00, 0x00, 0x00, 0x00, 0x00, 0x00, 0x00, 
/* -52- */
0x00, 0x00, 0x00, 0x00, 0x00, 0x00, 0x00, 0x00, 0x00, 0x00, 0x00, 0x00, 0x00, 0x00, 
};

ARM_ALIGN(4) ARM_SECTION("arm2d.asset.c_bmp_arc_quarter_png_A4Alpha")
static const uint8_t c_bmp_arc_quarter_png_A4Alpha[27*53] = {
/* -0- */
0x00, 0x00, 0x00, 0x00, 0x00, 0x00, 0x00, 0x00, 0x00, 0x00, 0x00, 0x00, 0x00, 0x00, 0x00, 0x00,
0x00, 0x00, 0x00, 0x00, 0x00, 0x00, 0x00, 0x00, 0x00, 0x00, 0x00, 
/* -1- */
0x00, 0x00, 0x00, 0x00, 0x00, 0x00, 0x00, 0x00, 0x00, 0x00, 0x00, 0x00, 0x00, 0x00, 0x00, 0x00,
0x00, 0x00, 0x00, 0x00, 0x00, 0xff, 0xff, 0xff, 0xff, 0xff, 0x00, 
/* -2- */
0x00, 0x00, 0x00, 0x00, 0x00, 0x00, 0x00, 0x00, 0x00, 0x00, 0x00, 0x00, 0x00, 0x00, 0x00, 0x00,
0x00, 0x00, 0x00, 0xff, 0xff, 0xff, 0xff, 0xff, 0xff, 0xff, 0x00, 
/* -3- */
0x00, 0x00, 0x00, 0x00, 0x00, 0x00, 0x00, 0x00, 0x00, 0x00, 0x00, 0x00, 0x00, 0x00, 0x00, 0x00,
0x00, 0xf0, 0xff, 0xff, 0xff, 0xff, 0xff, 0xff, 0xff, 0xff, 0x00, 
/* -4- */
0x00, 0x00, 0x00, 0x00, 0x00, 0x00, 0x00, 0x00, 0x00, 0x00, 0x00, 0x00, 0x00, 0x00, 0x00, 0x00,
0xff, 0xff, 0xff, 0xff, 0xff, 0xff, 0xff, 0xff, 0xff, 0xff, 0x00, 
/* -5- */
0x00, 0x00, 0x00, 0x00, 0x00, 0x00, 0x00, 0x00, 0x00, 0x00, 0x00, 0x00, 0x00, 0x00, 0x00, 0xff,
0xff, 0xff, 0xff, 0xff, 0xff, 0xff, 0xff, 0xff, 0xff, 0xff, 0x00, 
/* -6- */
0x00, 0x00, 0x00, 0x00, 0x00, 0x00, 0x00, 0x00, 0x00, 0x00, 0x00, 0x00, 0x00, 0x00, 0xff, 0xff,
0xff, 0xff, 0xff, 0xff, 0xff, 0xff, 0xff, 0xff, 0xff, 0xff, 0x00, 
/* -7- */
0x00, 0x00, 0x00, 0x00, 0x00, 0x00, 0x00, 0x00, 0x00, 0x00, 0x00, 0x00, 0x00, 0xff, 0xff, 0xff,
0xff, 0xff, 0xff, 0xff, 0xff, 0xff, 0xff, 0xff, 0xff, 0xff, 0x00, 
/* -8- */
0x00, 0x00, 0x00, 0x00, 0x00, 0x00, 0x00, 0x00, 0x00, 0x00, 0x00, 0x00, 0xff, 0xff, 0xff, 0xff,
0xff, 0xff, 0xff, 0xff, 0xff, 0xff, 0xff, 0xff, 0xff, 0xff, 0x00, 
/* -9- */
0x00, 0x00, 0x00, 0x00, 0x00, 0x00, 0x00, 0x00, 0x00, 0x00, 0x00, 0xf0, 0xff, 0xff, 0xff, 0xff,
0xff, 0xff, 0xff, 0xff, 0xff, 0xff, 0xff, 0xff, 0xff, 0xff, 0x00, 
/* -10- */
0x00, 0x00, 0x00, 0x00, 0x00, 0x00, 0x00, 0x00, 0x00, 0x00, 0xf0, 0xff, 0xff, 0xff, 0xff, 0xff,
0xff, 0xff, 0xff, 0xff, 0xff, 0xff, 0xff, 0xff, 0xff, 0xff, 0x00, 
/* -11- */
0x00, 0x00, 0x00, 0x00, 0x00, 0x00, 0x00, 0x00, 0x00, 0x00, 0xff, 0xff, 0xff, 0xff, 0xff, 0xff,
0xff, 0xff, 0xff, 0xff, 0xff, 0xff, 0xff, 0xff, 0xff, 0xff, 0x00, 
/* -12- */
0x00, 0x00, 0x00, 0x00, 0x00, 0x00, 0x00, 0x00, 0x00, 0xf0, 0xff, 0xff, 0xff, 0xff, 0xff, 0xff,
0xff, 0xff, 0xff, 0xff, 0xff, 0xff, 0xff, 0xff, 0xff, 0xff, 0x00, 
/* -13- */
0x00, 0x00, 0x00, 0x00, 0x00, 0x00, 0x00, 0x00, 0x00, 0xff, 0xff, 0xff, 0xff, 0xff, 0xff, 0xff,
0xff, 0xff, 0xff, 0xff, 0xff, 0xff, 0xff, 0xff, 0xff, 0xff, 0x00, 
/* -14- */
0x00, 0x00, 0x00, 0x00, 0x00, 0x00, 0x00, 0x00, 0xf0, 0xff, 0xff, 0xff, 0xff, 0xff, 0xff, 0xff,
0xff, 0xff, 0xff, 0xff, 0xff, 0xff, 0xff, 0xff, 0xff, 0xff, 0x00, 
/* -15- */
0x00, 0x00, 0x00, 0x00, 0x00, 0x00, 0x00, 0x00, 0xff, 0xff, 0xff, 0xff, 0xff, 0xff, 0xff, 0xff,
0xff, 0xff, 0xff, 0xff, 0xff, 0xff, 0xff, 0xff, 0xff, 0xff, 0x00, 
/* -16- */
0x00, 0x00, 0x00, 0x00, 0x00, 0x00, 0x00, 0xf0, 0xff, 0xff, 0xff, 0xff, 0xff, 0xff, 0xff, 0xff,
0xff, 0xff, 0xff, 0xff, 0xff, 0xff, 0xff, 0xff, 0xff, 0xff, 0x00, 
/* -17- */
0x00, 0x00, 0x00, 0x00, 0x00, 0x00, 0x00, 0xff, 0xff, 0xff, 0xff, 0xff, 0xff, 0xff, 0xff, 0xff,
0xff, 0xff, 0xff, 0xff, 0xff, 0xff, 0xff, 0xff, 0xff, 0xff, 0x00, 
/* -18- */
0x00, 0x00, 0x00, 0x00, 0x00, 0x00, 0xf0, 0xff, 0xff, 0xff, 0xff, 0xff, 0xff, 0xff, 0xff, 0xff,
0xff, 0xff, 0xff, 0xff, 0xff, 0xff, 0xff, 0xff, 0xff, 0xff, 0x00, 
/* -19- */
0x00, 0x00, 0x00, 0x00, 0x00, 0x00, 0xff, 0xff, 0xff, 0xff, 0xff, 0xff, 0xff, 0xff, 0xff, 0xff,
0xff, 0xff, 0xff, 0xff, 0xff, 0xff, 0xff, 0xff, 0xff, 0xff, 0x00, 
/* -20- */
0x00, 0x00, 0x00, 0x00, 0x00, 0xf0, 0xff, 0xff, 0xff, 0xff, 0xff, 0xff, 0xff, 0xff, 0xff, 0xff,
0xff, 0xff, 0xff, 0xff, 0xff, 0xff, 0xff, 0xff, 0xff, 0xff, 0x00, 
/* -21- */
0x00, 0x00, 0x00, 0x00, 0x00, 0xff, 0xff, 0xff, 0xff, 0xff, 0xff, 0xff, 0xff, 0xff, 0xff, 0xff,
0xff, 0xff, 0xff, 0xff, 0xff, 0xff, 0xff, 0xff, 0x00, 0x00, 0x00, 
/* -22- */
0x00, 0x00, 0x00, 0x00, 0x00, 0xff, 0xff, 0xff, 0xff, 0xff, 0xff, 0xff, 0xff, 0xff, 0xff, 0xff,
0xff, 0xff, 0xff, 0xff, 0xff, 0x0f, 0x00, 0x00, 0x00, 0x00, 0x00, 
/* -23- */
0x00, 0x00, 0x00, 0x00, 0xf0, 0xff, 0xff, 0xff, 0xff, 0xff, 0xff, 0xff, 0xff, 0xff, 0xff, 0xff,
0xff, 0xff, 0xff, 0xff, 0x00, 0x00, 0x00, 0x00, 0x00, 0x00, 0x00, 
/* -24- */
0x00, 0x00, 0x00, 0x00, 0xff, 0xff, 0xff, 0xff, 0xff, 0xff, 0xff, 0xff, 0xff, 0xff, 0xff, 0xff,
0xff, 0xff, 0xff, 0x00, 0x00, 0x00, 0x00, 0x00, 0x00, 0x00, 0x00, 
/* -25- */
0x00, 0x00, 0x00, 0x00, 0xff, 0xff, 0xff, 0xff, 0xff, 0xff, 0xff, 0xff, 0xff, 0xff, 0xff, 0xff,
0xff, 0xff, 0x00, 0x00, 0x00, 0x00, 0x00, 0x00, 0x00, 0x00, 0x00, 
/* -26- */
0x00, 0x00, 0x00, 0xf0, 0xff, 0xff, 0xff, 0xff, 0xff, 0xff, 0xff, 0xff, 0xff, 0xff, 0xff, 0xff,
0xff, 0x0f, 0x00, 0x00, 0x00, 0x00, 0x00, 0x00, 0x00, 0x00, 0x00, 
/* -27- */
0x00, 0x00, 0x00, 0xf0, 0xff, 0xff, 0xff, 0xff, 0xff, 0xff, 0xff, 0xff, 0xff, 0xff, 0xff, 0xff,
0x0f, 0x00, 0x00, 0x00, 0x00, 0x00, 0x00, 0x00, 0x00, 0x00, 0x00, 
/* -28- */
0x00, 0x00, 0x00, 0xff, 0xff, 0xff, 0xff, 0xff, 0xff, 0xff, 0xff, 0xff, 0xff, 0xff, 0xff, 0xff,
0x00, 0x00, 0x00, 0x00, 0x00, 0x00, 0x00, 0x00, 0x00, 0x00, 0x00, 
/* -29- */
0x00, 0x00, 0x00, 0xff, 0xff, 0xff, 0xff, 0xff, 0xff, 0xff, 0xff, 0xff, 0xff, 0xff, 0xff, 0x0f,
0x00, 0x00, 0x00, 0x00, 0x00, 0x00, 0x00, 0x00, 0x00, 0x00, 0x00, 
/* -30- */
0x00, 0x00, 0xf0, 0xff, 0xff, 0xff, 0xff, 0xff, 0xff, 0xff, 0xff, 0xff, 0xff, 0xff, 0xff, 0x00,
0x00, 0x00, 0x00, 0x00, 0x00, 0x00, 0x00, 0x00, 0x00, 0x00, 0x00, 
/* -31- */
0x00, 0x00, 0xf0, 0xff, 0xff, 0xff, 0xff, 0xff, 0xff, 0xff, 0xff, 0xff, 0xff, 0xff, 0x0f, 0x00,
0x00, 0x00, 0x00, 0x00, 0x00, 0x00, 0x00, 0x00, 0x00, 0x00, 0x00, 
/* -32- */
0x00, 0x00, 0xff, 0xff, 0xff, 0xff, 0xff, 0xff, 0xff, 0xff, 0xff, 0xff, 0xff, 0xff, 0x00, 0x00,
0x00, 0x00, 0x00, 0x00, 0x00, 0x00, 0x00, 0x00, 0x00, 0x00, 0x00, 
/* -33- */
0x00, 0x00, 0xff, 0xff, 0xff, 0xff, 0xff, 0xff, 0xff, 0xff, 0xff, 0xff, 0xff, 0x0f, 0x00, 0x00,
0x00, 0x00, 0x00, 0x00, 0x00, 0x00, 0x00, 0x00, 0x00, 0x00, 0x00, 
/* -34- */
0x00, 0x00, 0xff, 0xff, 0xff, 0xff, 0xff, 0xff, 0xff, 0xff, 0xff, 0xff, 0xff, 0x0f, 0x00, 0x00,
0x00, 0x00, 0x00, 0x00, 0x00, 0x00, 0x00, 0x00, 0x00, 0x00, 0x00, 
/* -35- */
0x00, 0xf0, 0xff, 0xff, 0xff, 0xff, 0xff, 0xff, 0xff, 0xff, 0xff, 0xff, 0xff, 0x00, 0x00, 0x00,
0x00, 0x00, 0x00, 0x00, 0x00, 0x00, 0x00, 0x00, 0x00, 0x00, 0x00, 
/* -36- */
0x00, 0xf0, 0xff, 0xff, 0xff, 0xff, 0xff, 0xff, 0xff, 0xff, 0xff, 0xff, 0x0f, 0x00, 0x00, 0x00,
0x00, 0x00, 0x00, 0x00, 0x00, 0x00, 0x00, 0x00, 0x00, 0x00, 0x00, 
/* -37- */
0x00, 0xf0, 0xff, 0xff, 0xff, 0xff, 0xff, 0xff, 0xff, 0xff, 0xff, 0xff, 0x0f, 0x00, 0x00, 0x00,
0x00, 0x00, 0x00, 0x00, 0x00, 0x00, 0x00, 0x00, 0x00, 0x00, 0x00, 
/* -38- */
0x00, 0xff, 0xff, 0xff, 0xff, 0xff, 0xff, 0xff, 0xff, 0xff, 0xff, 0xff, 0x00, 0x00, 0x00, 0x00,
0x00, 0x00, 0x00, 0x00, 0x00, 0x00, 0x00, 0x00, 0x00, 0x00, 0x00, 
/* -39- */
0x00, 0xff, 0xff, 0xff, 0xff, 0xff, 0xff, 0xff, 0xff, 0xff, 0xff, 0xff, 0x00, 0x00, 0x00, 0x00,
0x00, 0x00, 0x00, 0x00, 0x00, 0x00, 0x00, 0x00, 0x00, 0x00, 0x00, 
/* -40- */
0x00, 0xff, 0xff, 0xff, 0xff, 0xff, 0xff, 0xff, 0xff, 0xff, 0xff, 0x0f, 0x00, 0x00, 0x00, 0x00,
0x00, 0x00, 0x00, 0x00, 0x00, 0x00, 0x00, 0x00, 0x00, 0x00, 0x00, 
/* -41- */
0x00, 0xff, 0xff, 0xff, 0xff, 0xff, 0xff, 0xff, 0xff, 0xff, 0xff, 0x0f, 0x00, 0x00, 0x00, 0x00,
0x00, 0x00, 0x00, 0x00, 0x00, 0x00, 0x00, 0x00, 0x00, 0x00, 0x00, 
/* -42- */
0xf0, 0xff, 0xff, 0xff, 0xff, 0xff, 0xff, 0xff, 0xff, 0xff, 0xff, 0x0f, 0x00, 0x00, 0x00, 0x00,
0x00, 0x00, 0x00, 0x00, 0x00, 0x00, 0x00, 0x00, 0x00, 0x00, 0x00, 
/* -43- */
0xf0, 0xff, 0xff, 0xff, 0xff, 0xff, 0xff, 0xff, 0xff, 0xff, 0xff, 0x00, 0x00, 0x00, 0x00, 0x00,
0x00, 0x00, 0x00, 0x00, 0x00, 0x00, 0x00, 0x00, 0x00, 0x00, 0x00, 
/* -44- */
0xf0, 0xff, 0xff, 0xff, 0xff, 0xff, 0xff, 0xff, 0xff, 0xff, 0xff, 0x00, 0x00, 0x00, 0x00, 0x00,
0x00, 0x00, 0x00, 0x00, 0x00, 0x00, 0x00, 0x00, 0x00, 0x00, 0x00, 
/* -45- */
0xf0, 0xff, 0xff, 0xff, 0xff, 0xff, 0xff, 0xff, 0xff, 0xff, 0xff, 0x00, 0x00, 0x00, 0x00, 0x00,
0x00, 0x00, 0x00, 0x00, 0x00, 0x00, 0x00, 0x00, 0x00, 0x00, 0x00, 
/* -46- */
0xf0, 0xff, 0xff, 0xff, 0xff, 0xff, 0xff, 0xff, 0xff, 0xff, 0xff, 0x00, 0x00, 0x00, 0x00, 0x00,
0x00, 0x00, 0x00, 0x00, 0x00, 0x00, 0x00, 0x00, 0x00, 0x00, 0x00, 
/* -47- */
0xf0, 0xff, 0xff, 0xff, 0xff, 0xff, 0xff, 0xff, 0xff, 0xff, 0xff, 0x00, 0x00, 0x00, 0x00, 0x00,
0x00, 0x00, 0x00, 0x00, 0x00, 0x00, 0x00, 0x00, 0x00, 0x00, 0x00, 
/* -48- */
0xf0, 0xff, 0xff, 0xff, 0xff, 0xff, 0xff, 0xff, 0xff, 0xff, 0x0f, 0x00, 0x00, 0x00, 0x00, 0x00,
0x00, 0x00, 0x00, 0x00, 0x00, 0x00, 0x00, 0x00, 0x00, 0x00, 0x00, 
/* -49- */
0xf0, 0xff, 0xff, 0xff, 0xff, 0xff, 0xff, 0xff, 0xff, 0xff, 0x0f, 0x00, 0x00, 0x00, 0x00, 0x00,
0x00, 0x00, 0x00, 0x00, 0x00, 0x00, 0x00, 0x00, 0x00, 0x00, 0x00, 
/* -50- */
0xf0, 0xff, 0xff, 0xff, 0xff, 0xff, 0xff, 0xff, 0xff, 0xff, 0x0f, 0x00, 0x00, 0x00, 0x00, 0x00,
0x00, 0x00, 0x00, 0x00, 0x00, 0x00, 0x00, 0x00, 0x00, 0x00, 0x00, 
/* -51- */
0xf0, 0xff, 0xff, 0xff, 0xff, 0xff, 0xff, 0xff, 0xff, 0xff, 0x0f, 0x00, 0x00, 0x00, 0x00, 0x00,
0x00, 0x00, 0x00, 0x00, 0x00, 0x00, 0x00, 0x00, 0x00, 0x00, 0x00, 
/* -52- */
0x00, 0x00, 0x00, 0x00, 0x00, 0x00, 0x00, 0x00, 0x00, 0x00, 0x00, 0x00, 0x00, 0x00, 0x00, 0x00,
0x00, 0x00, 0x00, 0x00, 0x00, 0x00, 0x00, 0x00, 0x00, 0x00, 0x00, 
};


ARM_SECTION("arm2d.asset.c_bmp_arc_quarter_png_GRAY8")
const uint8_t c_bmp_arc_quarter_png_GRAY8[53*53] = {
/* -0- */
0xff, 0xff, 0xff, 0xff, 0xff, 0xff, 0xff, 0xff, 0xff, 0xff, 0xff, 0xff, 0xff, 0xff, 0xff, 0xff, 0xff, 0xff, 0xff, 0xff, 0xff, 0xff, 0xff, 0xff, 0xff, 0xff, 0xff, 0xff, 0xff, 0xff, 0xff, 0xff,
0xff, 0xff, 0xff, 0xff, 0xff, 0xff, 0xff, 0xff, 0xff, 0xff, 0xff, 0xff, 0xff, 0xff, 0xff, 0xff, 0xff, 0xff, 0xff, 0xff, 0xff, 
/* -1- */
0xff, 0xff, 0xff, 0xff, 0xff, 0xff, 0xff, 0xff, 0xff, 0xff, 0xff, 0xff, 0xff, 0xff, 0xff, 0xff, 0xff, 0xff, 0xff, 0xff, 0xff, 0xff, 0xff, 0xff, 0xff, 0xff, 0xff, 0xff, 0xff, 0xff, 0xff, 0xff,
0xff, 0xff, 0xff, 0xff, 0xff, 0xff, 0xff, 0xff, 0xff, 0xff, 0xdd, 0xcc, 0xbe, 0xb1, 0xa6, 0x9e, 0x97, 0x91, 0x8e, 0x8d, 0xff, 
/* -2- */
0xff, 0xff, 0xff, 0xff, 0xff, 0xff, 0xff, 0xff, 0xff, 0xff, 0xff, 0xff, 0xff, 0xff, 0xff, 0xff, 0xff, 0xff, 0xff, 0xff, 0xff, 0xff, 0xff, 0xff, 0xff, 0xff, 0xff, 0xff, 0xff, 0xff, 0xff, 0xff,
0xff, 0xff, 0xff, 0xff, 0xff, 0xff, 0xd2, 0xba, 0xa4, 0x92, 0x8d, 0x8d, 0x8d, 0x8d, 0x8d, 0x8d, 0x8d, 0x8d, 0x8d, 0x8d, 0xff, 
/* -3- */
0xff, 0xff, 0xff, 0xff, 0xff, 0xff, 0xff, 0xff, 0xff, 0xff, 0xff, 0xff, 0xff, 0xff, 0xff, 0xff, 0xff, 0xff, 0xff, 0xff, 0xff, 0xff, 0xff, 0xff, 0xff, 0xff, 0xff, 0xff, 0xff, 0xff, 0xff, 0xff,
0xff, 0xff, 0xff, 0xca, 0xaa, 0x95, 0x8d, 0x8d, 0x8d, 0x8d, 0x8d, 0x8d, 0x8d, 0x8d, 0x8d, 0x8d, 0x8d, 0x8d, 0x8d, 0x8d, 0xff, 
/* -4- */
0xff, 0xff, 0xff, 0xff, 0xff, 0xff, 0xff, 0xff, 0xff, 0xff, 0xff, 0xff, 0xff, 0xff, 0xff, 0xff, 0xff, 0xff, 0xff, 0xff, 0xff, 0xff, 0xff, 0xff, 0xff, 0xff, 0xff, 0xff, 0xff, 0xff, 0xff, 0xff,
0xd2, 0xb0, 0x96, 0x8d, 0x8d, 0x8d, 0x8d, 0x8d, 0x8d, 0x8d, 0x8d, 0x8d, 0x8d, 0x8d, 0x8d, 0x8d, 0x8d, 0x8d, 0x8d, 0x8d, 0xff, 
/* -5- */
0xff, 0xff, 0xff, 0xff, 0xff, 0xff, 0xff, 0xff, 0xff, 0xff, 0xff, 0xff, 0xff, 0xff, 0xff, 0xff, 0xff, 0xff, 0xff, 0xff, 0xff, 0xff, 0xff, 0xff, 0xff, 0xff, 0xff, 0xff, 0xff, 0xff, 0xc6, 0xa2,
0x8d, 0x8d, 0x8d, 0x8d, 0x8d, 0x8d, 0x8d, 0x8d, 0x8d, 0x8d, 0x8d, 0x8d, 0x8d, 0x8d, 0x8d, 0x8d, 0x8d, 0x8d, 0x8d, 0x8d, 0xff, 
/* -6- */
0xff, 0xff, 0xff, 0xff, 0xff, 0xff, 0xff, 0xff, 0xff, 0xff, 0xff, 0xff, 0xff, 0xff, 0xff, 0xff, 0xff, 0xff, 0xff, 0xff, 0xff, 0xff, 0xff, 0xff, 0xff, 0xff, 0xff, 0xff, 0xc4, 0x9e, 0x8d, 0x8d,
0x8d, 0x8d, 0x8d, 0x8d, 0x8d, 0x8d, 0x8d, 0x8d, 0x8d, 0x8d, 0x8d, 0x8d, 0x8d, 0x8d, 0x8d, 0x8d, 0x8d, 0x8d, 0x8d, 0x8d, 0xff, 
/* -7- */
0xff, 0xff, 0xff, 0xff, 0xff, 0xff, 0xff, 0xff, 0xff, 0xff, 0xff, 0xff, 0xff, 0xff, 0xff, 0xff, 0xff, 0xff, 0xff, 0xff, 0xff, 0xff, 0xff, 0xff, 0xff, 0xff, 0xcb, 0xa1, 0x8d, 0x8d, 0x8d, 0x8d,
0x8d, 0x8d, 0x8d, 0x8d, 0x8d, 0x8d, 0x8d, 0x8d, 0x8d, 0x8d, 0x8d, 0x8d, 0x8d, 0x8d, 0x8d, 0x8d, 0x8d, 0x8d, 0x8d, 0x8d, 0xff, 
/* -8- */
0xff, 0xff, 0xff, 0xff, 0xff, 0xff, 0xff, 0xff, 0xff, 0xff, 0xff, 0xff, 0xff, 0xff, 0xff, 0xff, 0xff, 0xff, 0xff, 0xff, 0xff, 0xff, 0xff, 0xff, 0xda, 0xaa, 0x8d, 0x8d, 0x8d, 0x8d, 0x8d, 0x8d,
0x8d, 0x8d, 0x8d, 0x8d, 0x8d, 0x8d, 0x8d, 0x8d, 0x8d, 0x8d, 0x8d, 0x8d, 0x8d, 0x8d, 0x8d, 0x8d, 0x8d, 0x8d, 0x8d, 0x8d, 0xff, 
/* -9- */
0xff, 0xff, 0xff, 0xff, 0xff, 0xff, 0xff, 0xff, 0xff, 0xff, 0xff, 0xff, 0xff, 0xff, 0xff, 0xff, 0xff, 0xff, 0xff, 0xff, 0xff, 0xff, 0xff, 0xbe, 0x96, 0x8d, 0x8d, 0x8d, 0x8d, 0x8d, 0x8d, 0x8d,
0x8d, 0x8d, 0x8d, 0x8d, 0x8d, 0x8d, 0x8d, 0x8d, 0x8d, 0x8d, 0x8d, 0x8d, 0x8d, 0x8d, 0x8d, 0x8d, 0x8d, 0x8d, 0x8d, 0x8d, 0xff, 
/* -10- */
0xff, 0xff, 0xff, 0xff, 0xff, 0xff, 0xff, 0xff, 0xff, 0xff, 0xff, 0xff, 0xff, 0xff, 0xff, 0xff, 0xff, 0xff, 0xff, 0xff, 0xff, 0xde, 0xaa, 0x8d, 0x8d, 0x8d, 0x8d, 0x8d, 0x8d, 0x8d, 0x8d, 0x8d,
0x8d, 0x8d, 0x8d, 0x8d, 0x8d, 0x8d, 0x8d, 0x8d, 0x8d, 0x8d, 0x8d, 0x8d, 0x8d, 0x8d, 0x8d, 0x8d, 0x8d, 0x8d, 0x8d, 0x8d, 0xff, 
/* -11- */
0xff, 0xff, 0xff, 0xff, 0xff, 0xff, 0xff, 0xff, 0xff, 0xff, 0xff, 0xff, 0xff, 0xff, 0xff, 0xff, 0xff, 0xff, 0xff, 0xff, 0xcb, 0x9b, 0x8d, 0x8d, 0x8d, 0x8d, 0x8d, 0x8d, 0x8d, 0x8d, 0x8d, 0x8d,
0x8d, 0x8d, 0x8d, 0x8d, 0x8d, 0x8d, 0x8d, 0x8d, 0x8d, 0x8d, 0x8d, 0x8d, 0x8d, 0x8d, 0x8d, 0x8d, 0x8d, 0x8d, 0x8d, 0x8d, 0xff, 
/* -12- */
0xff, 0xff, 0xff, 0xff, 0xff, 0xff, 0xff, 0xff, 0xff, 0xff, 0xff, 0xff, 0xff, 0xff, 0xff, 0xff, 0xff, 0xff, 0xff, 0xbc, 0x8f, 0x8d, 0x8d, 0x8d, 0x8d, 0x8d, 0x8d, 0x8d, 0x8d, 0x8d, 0x8d, 0x8d,
0x8d, 0x8d, 0x8d, 0x8d, 0x8d, 0x8d, 0x8d, 0x8d, 0x8d, 0x8d, 0x8d, 0x8d, 0x8d, 0x8d, 0x8d, 0x8d, 0x8d, 0x8d, 0x8d, 0x8d, 0xff, 
/* -13- */
0xff, 0xff, 0xff, 0xff, 0xff, 0xff, 0xff, 0xff, 0xff, 0xff, 0xff, 0xff, 0xff, 0xff, 0xff, 0xff, 0xff, 0xff, 0xb3, 0x8d, 0x8d, 0x8d, 0x8d, 0x8d, 0x8d, 0x8d, 0x8d, 0x8d, 0x8d, 0x8d, 0x8d, 0x8d,
0x8d, 0x8d, 0x8d, 0x8d, 0x8d, 0x8d, 0x8d, 0x8d, 0x8d, 0x8d, 0x8d, 0x8d, 0x8d, 0x8d, 0x8d, 0x8d, 0x8d, 0x8d, 0x8d, 0x8d, 0xff, 
/* -14- */
0xff, 0xff, 0xff, 0xff, 0xff, 0xff, 0xff, 0xff, 0xff, 0xff, 0xff, 0xff, 0xff, 0xff, 0xff, 0xff, 0xff, 0xae, 0x8d, 0x8d, 0x8d, 0x8d, 0x8d, 0x8d, 0x8d, 0x8d, 0x8d, 0x8d, 0x8d, 0x8d, 0x8d, 0x8d,
0x8d, 0x8d, 0x8d, 0x8d, 0x8d, 0x8d, 0x8d, 0x8d, 0x8d, 0x8d, 0x8d, 0x8d, 0x8d, 0x8d, 0x8d, 0x8d, 0x8d, 0x8d, 0x8d, 0x8d, 0xff, 
/* -15- */
0xff, 0xff, 0xff, 0xff, 0xff, 0xff, 0xff, 0xff, 0xff, 0xff, 0xff, 0xff, 0xff, 0xff, 0xff, 0xff, 0xaa, 0x8d, 0x8d, 0x8d, 0x8d, 0x8d, 0x8d, 0x8d, 0x8d, 0x8d, 0x8d, 0x8d, 0x8d, 0x8d, 0x8d, 0x8d,
0x8d, 0x8d, 0x8d, 0x8d, 0x8d, 0x8d, 0x8d, 0x8d, 0x8d, 0x8d, 0x8d, 0x8d, 0x8d, 0x8d, 0x8d, 0x8d, 0x8d, 0x8d, 0x8d, 0x8d, 0xff, 
/* -16- */
0xff, 0xff, 0xff, 0xff, 0xff, 0xff, 0xff, 0xff, 0xff, 0xff, 0xff, 0xff, 0xff, 0xff, 0xff, 0xaa, 0x8d, 0x8d, 0x8d, 0x8d, 0x8d, 0x8d, 0x8d, 0x8d, 0x8d, 0x8d, 0x8d, 0x8d, 0x8d, 0x8d, 0x8d, 0x8d,
0x8d, 0x8d, 0x8d, 0x8d, 0x8d, 0x8d, 0x8d, 0x8d, 0x8d, 0x8d, 0x8d, 0x8d, 0x8d, 0x8d, 0x8d, 0x8d, 0x8d, 0x8d, 0x8d, 0x8d, 0xff, 
/* -17- */
0xff, 0xff, 0xff, 0xff, 0xff, 0xff, 0xff, 0xff, 0xff, 0xff, 0xff, 0xff, 0xff, 0xff, 0xae, 0x8d, 0x8d, 0x8d, 0x8d, 0x8d, 0x8d, 0x8d, 0x8d, 0x8d, 0x8d, 0x8d, 0x8d, 0x8d, 0x8d, 0x8d, 0x8d, 0x8d,
0x8d, 0x8d, 0x8d, 0x8d, 0x8d, 0x8d, 0x8d, 0x8d, 0x8d, 0x8d, 0x8d, 0x8d, 0x8d, 0x8d, 0x8d, 0x8d, 0x8d, 0x8d, 0x8d, 0x8d, 0xff, 
/* -18- */
0xff, 0xff, 0xff, 0xff, 0xff, 0xff, 0xff, 0xff, 0xff, 0xff, 0xff, 0xff, 0xff, 0xb3, 0x8d, 0x8d, 0x8d, 0x8d, 0x8d, 0x8d, 0x8d, 0x8d, 0x8d, 0x8d, 0x8d, 0x8d, 0x8d, 0x8d, 0x8d, 0x8d, 0x8d, 0x8d,
0x8d, 0x8d, 0x8d, 0x8d, 0x8d, 0x8d, 0x8d, 0x8d, 0x8d, 0x8d, 0x8d, 0x8d, 0x8d, 0x8d, 0x8d, 0x8d, 0x8d, 0x8d, 0x8d, 0x8d, 0xff, 
/* -19- */
0xff, 0xff, 0xff, 0xff, 0xff, 0xff, 0xff, 0xff, 0xff, 0xff, 0xff, 0xff, 0xbc, 0x8d, 0x8d, 0x8d, 0x8d, 0x8d, 0x8d, 0x8d, 0x8d, 0x8d, 0x8d, 0x8d, 0x8d, 0x8d, 0x8d, 0x8d, 0x8d, 0x8d, 0x8d, 0x8d,
0x8d, 0x8d, 0x8d, 0x8d, 0x8d, 0x8d, 0x8d, 0x8d, 0x8d, 0x8d, 0x8d, 0x8d, 0x8d, 0x8d, 0x8d, 0x8d, 0x8d, 0x8d, 0x8d, 0x8d, 0xff, 
/* -20- */
0xff, 0xff, 0xff, 0xff, 0xff, 0xff, 0xff, 0xff, 0xff, 0xff, 0xff, 0xcb, 0x8e, 0x8d, 0x8d, 0x8d, 0x8d, 0x8d, 0x8d, 0x8d, 0x8d, 0x8d, 0x8d, 0x8d, 0x8d, 0x8d, 0x8d, 0x8d, 0x8d, 0x8d, 0x8d, 0x8d,
0x8d, 0x8d, 0x8d, 0x8d, 0x8d, 0x8d, 0x8d, 0x8d, 0x8d, 0x8d, 0x8d, 0x8d, 0x91, 0x95, 0x98, 0x9b, 0x9e, 0x9e, 0x9f, 0xa0, 0xff, 
/* -21- */
0xff, 0xff, 0xff, 0xff, 0xff, 0xff, 0xff, 0xff, 0xff, 0xff, 0xde, 0x9b, 0x8d, 0x8d, 0x8d, 0x8d, 0x8d, 0x8d, 0x8d, 0x8d, 0x8d, 0x8d, 0x8d, 0x8d, 0x8d, 0x8d, 0x8d, 0x8d, 0x8d, 0x8d, 0x8d, 0x8d,
0x8d, 0x8d, 0x8d, 0x8d, 0x8d, 0x8d, 0x8d, 0x8d, 0x8e, 0x93, 0x9a, 0xa2, 0xb1, 0xc1, 0xd0, 0xdb, 0xff, 0xff, 0xff, 0xff, 0xff, 
/* -22- */
0xff, 0xff, 0xff, 0xff, 0xff, 0xff, 0xff, 0xff, 0xff, 0xff, 0xab, 0x8d, 0x8d, 0x8d, 0x8d, 0x8d, 0x8d, 0x8d, 0x8d, 0x8d, 0x8d, 0x8d, 0x8d, 0x8d, 0x8d, 0x8d, 0x8d, 0x8d, 0x8d, 0x8d, 0x8d, 0x8d,
0x8d, 0x8d, 0x8d, 0x8d, 0x8d, 0x8d, 0x90, 0x99, 0xa4, 0xbb, 0xd3, 0xff, 0xff, 0xff, 0xff, 0xff, 0xff, 0xff, 0xff, 0xff, 0xff, 
/* -23- */
0xff, 0xff, 0xff, 0xff, 0xff, 0xff, 0xff, 0xff, 0xff, 0xbe, 0x8d, 0x8d, 0x8d, 0x8d, 0x8d, 0x8d, 0x8d, 0x8d, 0x8d, 0x8d, 0x8d, 0x8d, 0x8d, 0x8d, 0x8d, 0x8d, 0x8d, 0x8d, 0x8d, 0x8d, 0x8d, 0x8d,
0x8d, 0x8d, 0x8d, 0x8d, 0x90, 0x99, 0xac, 0xcb, 0xff, 0xff, 0xff, 0xff, 0xff, 0xff, 0xff, 0xff, 0xff, 0xff, 0xff, 0xff, 0xff, 
/* -24- */
0xff, 0xff, 0xff, 0xff, 0xff, 0xff, 0xff, 0xff, 0xda, 0x96, 0x8d, 0x8d, 0x8d, 0x8d, 0x8d, 0x8d, 0x8d, 0x8d, 0x8d, 0x8d, 0x8d, 0x8d, 0x8d, 0x8d, 0x8d, 0x8d, 0x8d, 0x8d, 0x8d, 0x8d, 0x8d, 0x8d,
0x8d, 0x8d, 0x8f, 0x97, 0xac, 0xd0, 0xff, 0xff, 0xff, 0xff, 0xff, 0xff, 0xff, 0xff, 0xff, 0xff, 0xff, 0xff, 0xff, 0xff, 0xff, 
/* -25- */
0xff, 0xff, 0xff, 0xff, 0xff, 0xff, 0xff, 0xff, 0xab, 0x8d, 0x8d, 0x8d, 0x8d, 0x8d, 0x8d, 0x8d, 0x8d, 0x8d, 0x8d, 0x8d, 0x8d, 0x8d, 0x8d, 0x8d, 0x8d, 0x8d, 0x8d, 0x8d, 0x8d, 0x8d, 0x8d, 0x8d,
0x8d, 0x91, 0xa5, 0xc7, 0xff, 0xff, 0xff, 0xff, 0xff, 0xff, 0xff, 0xff, 0xff, 0xff, 0xff, 0xff, 0xff, 0xff, 0xff, 0xff, 0xff, 
/* -26- */
0xff, 0xff, 0xff, 0xff, 0xff, 0xff, 0xff, 0xcb, 0x8d, 0x8d, 0x8d, 0x8d, 0x8d, 0x8d, 0x8d, 0x8d, 0x8d, 0x8d, 0x8d, 0x8d, 0x8d, 0x8d, 0x8d, 0x8d, 0x8d, 0x8d, 0x8d, 0x8d, 0x8d, 0x8d, 0x8d, 0x8e,
0x97, 0xb1, 0xda, 0xff, 0xff, 0xff, 0xff, 0xff, 0xff, 0xff, 0xff, 0xff, 0xff, 0xff, 0xff, 0xff, 0xff, 0xff, 0xff, 0xff, 0xff, 
/* -27- */
0xff, 0xff, 0xff, 0xff, 0xff, 0xff, 0xff, 0xa1, 0x8d, 0x8d, 0x8d, 0x8d, 0x8d, 0x8d, 0x8d, 0x8d, 0x8d, 0x8d, 0x8d, 0x8d, 0x8d, 0x8d, 0x8d, 0x8d, 0x8d, 0x8d, 0x8d, 0x8d, 0x8d, 0x8d, 0x90, 0x9e,
0xc2, 0xff, 0xff, 0xff, 0xff, 0xff, 0xff, 0xff, 0xff, 0xff, 0xff, 0xff, 0xff, 0xff, 0xff, 0xff, 0xff, 0xff, 0xff, 0xff, 0xff, 
/* -28- */
0xff, 0xff, 0xff, 0xff, 0xff, 0xff, 0xc4, 0x8d, 0x8d, 0x8d, 0x8d, 0x8d, 0x8d, 0x8d, 0x8d, 0x8d, 0x8d, 0x8d, 0x8d, 0x8d, 0x8d, 0x8d, 0x8d, 0x8d, 0x8d, 0x8d, 0x8d, 0x8d, 0x8d, 0x90, 0xa3, 0xcc,
0xff, 0xff, 0xff, 0xff, 0xff, 0xff, 0xff, 0xff, 0xff, 0xff, 0xff, 0xff, 0xff, 0xff, 0xff, 0xff, 0xff, 0xff, 0xff, 0xff, 0xff, 
/* -29- */
0xff, 0xff, 0xff, 0xff, 0xff, 0xff, 0x9e, 0x8d, 0x8d, 0x8d, 0x8d, 0x8d, 0x8d, 0x8d, 0x8d, 0x8d, 0x8d, 0x8d, 0x8d, 0x8d, 0x8d, 0x8d, 0x8d, 0x8d, 0x8d, 0x8d, 0x8d, 0x8d, 0x90, 0xa4, 0xd1, 0xff,
0xff, 0xff, 0xff, 0xff, 0xff, 0xff, 0xff, 0xff, 0xff, 0xff, 0xff, 0xff, 0xff, 0xff, 0xff, 0xff, 0xff, 0xff, 0xff, 0xff, 0xff, 
/* -30- */
0xff, 0xff, 0xff, 0xff, 0xff, 0xc6, 0x8d, 0x8d, 0x8d, 0x8d, 0x8d, 0x8d, 0x8d, 0x8d, 0x8d, 0x8d, 0x8d, 0x8d, 0x8d, 0x8d, 0x8d, 0x8d, 0x8d, 0x8d, 0x8d, 0x8d, 0x8d, 0x90, 0xa3, 0xd1, 0xff, 0xff,
0xff, 0xff, 0xff, 0xff, 0xff, 0xff, 0xff, 0xff, 0xff, 0xff, 0xff, 0xff, 0xff, 0xff, 0xff, 0xff, 0xff, 0xff, 0xff, 0xff, 0xff, 
/* -31- */
0xff, 0xff, 0xff, 0xff, 0xff, 0xa2, 0x8d, 0x8d, 0x8d, 0x8d, 0x8d, 0x8d, 0x8d, 0x8d, 0x8d, 0x8d, 0x8d, 0x8d, 0x8d, 0x8d, 0x8d, 0x8d, 0x8d, 0x8d, 0x8d, 0x8d, 0x8e, 0x9e, 0xcc, 0xff, 0xff, 0xff,
0xff, 0xff, 0xff, 0xff, 0xff, 0xff, 0xff, 0xff, 0xff, 0xff, 0xff, 0xff, 0xff, 0xff, 0xff, 0xff, 0xff, 0xff, 0xff, 0xff, 0xff, 
/* -32- */
0xff, 0xff, 0xff, 0xff, 0xd2, 0x8d, 0x8d, 0x8d, 0x8d, 0x8d, 0x8d, 0x8d, 0x8d, 0x8d, 0x8d, 0x8d, 0x8d, 0x8d, 0x8d, 0x8d, 0x8d, 0x8d, 0x8d, 0x8d, 0x8d, 0x8d, 0x97, 0xc2, 0xff, 0xff, 0xff, 0xff,
0xff, 0xff, 0xff, 0xff, 0xff, 0xff, 0xff, 0xff, 0xff, 0xff, 0xff, 0xff, 0xff, 0xff, 0xff, 0xff, 0xff, 0xff, 0xff, 0xff, 0xff, 
/* -33- */
0xff, 0xff, 0xff, 0xff, 0xaf, 0x8d, 0x8d, 0x8d, 0x8d, 0x8d, 0x8d, 0x8d, 0x8d, 0x8d, 0x8d, 0x8d, 0x8d, 0x8d, 0x8d, 0x8d, 0x8d, 0x8d, 0x8d, 0x8d, 0x8d, 0x91, 0xb0, 0xff, 0xff, 0xff, 0xff, 0xff,
0xff, 0xff, 0xff, 0xff, 0xff, 0xff, 0xff, 0xff, 0xff, 0xff, 0xff, 0xff, 0xff, 0xff, 0xff, 0xff, 0xff, 0xff, 0xff, 0xff, 0xff, 
/* -34- */
0xff, 0xff, 0xff, 0xff, 0x96, 0x8d, 0x8d, 0x8d, 0x8d, 0x8d, 0x8d, 0x8d, 0x8d, 0x8d, 0x8d, 0x8d, 0x8d, 0x8d, 0x8d, 0x8d, 0x8d, 0x8d, 0x8d, 0x8d, 0x8f, 0xa5, 0xda, 0xff, 0xff, 0xff, 0xff, 0xff,
0xff, 0xff, 0xff, 0xff, 0xff, 0xff, 0xff, 0xff, 0xff, 0xff, 0xff, 0xff, 0xff, 0xff, 0xff, 0xff, 0xff, 0xff, 0xff, 0xff, 0xff, 
/* -35- */
0xff, 0xff, 0xff, 0xca, 0x8d, 0x8d, 0x8d, 0x8d, 0x8d, 0x8d, 0x8d, 0x8d, 0x8d, 0x8d, 0x8d, 0x8d, 0x8d, 0x8d, 0x8d, 0x8d, 0x8d, 0x8d, 0x8d, 0x8d, 0x97, 0xc7, 0xff, 0xff, 0xff, 0xff, 0xff, 0xff,
0xff, 0xff, 0xff, 0xff, 0xff, 0xff, 0xff, 0xff, 0xff, 0xff, 0xff, 0xff, 0xff, 0xff, 0xff, 0xff, 0xff, 0xff, 0xff, 0xff, 0xff, 
/* -36- */
0xff, 0xff, 0xff, 0xaa, 0x8d, 0x8d, 0x8d, 0x8d, 0x8d, 0x8d, 0x8d, 0x8d, 0x8d, 0x8d, 0x8d, 0x8d, 0x8d, 0x8d, 0x8d, 0x8d, 0x8d, 0x8d, 0x8d, 0x90, 0xac, 0xff, 0xff, 0xff, 0xff, 0xff, 0xff, 0xff,
0xff, 0xff, 0xff, 0xff, 0xff, 0xff, 0xff, 0xff, 0xff, 0xff, 0xff, 0xff, 0xff, 0xff, 0xff, 0xff, 0xff, 0xff, 0xff, 0xff, 0xff, 
/* -37- */
0xff, 0xff, 0xff, 0x95, 0x8d, 0x8d, 0x8d, 0x8d, 0x8d, 0x8d, 0x8d, 0x8d, 0x8d, 0x8d, 0x8d, 0x8d, 0x8d, 0x8d, 0x8d, 0x8d, 0x8d, 0x8d, 0x8d, 0x99, 0xd0, 0xff, 0xff, 0xff, 0xff, 0xff, 0xff, 0xff,
0xff, 0xff, 0xff, 0xff, 0xff, 0xff, 0xff, 0xff, 0xff, 0xff, 0xff, 0xff, 0xff, 0xff, 0xff, 0xff, 0xff, 0xff, 0xff, 0xff, 0xff, 
/* -38- */
0xff, 0xff, 0xd3, 0x8d, 0x8d, 0x8d, 0x8d, 0x8d, 0x8d, 0x8d, 0x8d, 0x8d, 0x8d, 0x8d, 0x8d, 0x8d, 0x8d, 0x8d, 0x8d, 0x8d, 0x8d, 0x8d, 0x90, 0xac, 0xff, 0xff, 0xff, 0xff, 0xff, 0xff, 0xff, 0xff,
0xff, 0xff, 0xff, 0xff, 0xff, 0xff, 0xff, 0xff, 0xff, 0xff, 0xff, 0xff, 0xff, 0xff, 0xff, 0xff, 0xff, 0xff, 0xff, 0xff, 0xff, 
/* -39- */
0xff, 0xff, 0xba, 0x8d, 0x8d, 0x8d, 0x8d, 0x8d, 0x8d, 0x8d, 0x8d, 0x8d, 0x8d, 0x8d, 0x8d, 0x8d, 0x8d, 0x8d, 0x8d, 0x8d, 0x8d, 0x8d, 0x98, 0xcb, 0xff, 0xff, 0xff, 0xff, 0xff, 0xff, 0xff, 0xff,
0xff, 0xff, 0xff, 0xff, 0xff, 0xff, 0xff, 0xff, 0xff, 0xff, 0xff, 0xff, 0xff, 0xff, 0xff, 0xff, 0xff, 0xff, 0xff, 0xff, 0xff, 
/* -40- */
0xff, 0xff, 0xa4, 0x8d, 0x8d, 0x8d, 0x8d, 0x8d, 0x8d, 0x8d, 0x8d, 0x8d, 0x8d, 0x8d, 0x8d, 0x8d, 0x8d, 0x8d, 0x8d, 0x8d, 0x8d, 0x8e, 0xa5, 0xff, 0xff, 0xff, 0xff, 0xff, 0xff, 0xff, 0xff, 0xff,
0xff, 0xff, 0xff, 0xff, 0xff, 0xff, 0xff, 0xff, 0xff, 0xff, 0xff, 0xff, 0xff, 0xff, 0xff, 0xff, 0xff, 0xff, 0xff, 0xff, 0xff, 
/* -41- */
0xff, 0xff, 0x93, 0x8d, 0x8d, 0x8d, 0x8d, 0x8d, 0x8d, 0x8d, 0x8d, 0x8d, 0x8d, 0x8d, 0x8d, 0x8d, 0x8d, 0x8d, 0x8d, 0x8d, 0x8d, 0x93, 0xba, 0xff, 0xff, 0xff, 0xff, 0xff, 0xff, 0xff, 0xff, 0xff,
0xff, 0xff, 0xff, 0xff, 0xff, 0xff, 0xff, 0xff, 0xff, 0xff, 0xff, 0xff, 0xff, 0xff, 0xff, 0xff, 0xff, 0xff, 0xff, 0xff, 0xff, 
/* -42- */
0xff, 0xdd, 0x8d, 0x8d, 0x8d, 0x8d, 0x8d, 0x8d, 0x8d, 0x8d, 0x8d, 0x8d, 0x8d, 0x8d, 0x8d, 0x8d, 0x8d, 0x8d, 0x8d, 0x8d, 0x8d, 0x99, 0xd3, 0xff, 0xff, 0xff, 0xff, 0xff, 0xff, 0xff, 0xff, 0xff,
0xff, 0xff, 0xff, 0xff, 0xff, 0xff, 0xff, 0xff, 0xff, 0xff, 0xff, 0xff, 0xff, 0xff, 0xff, 0xff, 0xff, 0xff, 0xff, 0xff, 0xff, 
/* -43- */
0xff, 0xcc, 0x8d, 0x8d, 0x8d, 0x8d, 0x8d, 0x8d, 0x8d, 0x8d, 0x8d, 0x8d, 0x8d, 0x8d, 0x8d, 0x8d, 0x8d, 0x8d, 0x8d, 0x8d, 0x8e, 0xa1, 0xff, 0xff, 0xff, 0xff, 0xff, 0xff, 0xff, 0xff, 0xff, 0xff,
0xff, 0xff, 0xff, 0xff, 0xff, 0xff, 0xff, 0xff, 0xff, 0xff, 0xff, 0xff, 0xff, 0xff, 0xff, 0xff, 0xff, 0xff, 0xff, 0xff, 0xff, 
/* -44- */
0xff, 0xbe, 0x8d, 0x8d, 0x8d, 0x8d, 0x8d, 0x8d, 0x8d, 0x8d, 0x8d, 0x8d, 0x8d, 0x8d, 0x8d, 0x8d, 0x8d, 0x8d, 0x8d, 0x8d, 0x90, 0xb1, 0xff, 0xff, 0xff, 0xff, 0xff, 0xff, 0xff, 0xff, 0xff, 0xff,
0xff, 0xff, 0xff, 0xff, 0xff, 0xff, 0xff, 0xff, 0xff, 0xff, 0xff, 0xff, 0xff, 0xff, 0xff, 0xff, 0xff, 0xff, 0xff, 0xff, 0xff, 
/* -45- */
0xff, 0xb1, 0x8d, 0x8d, 0x8d, 0x8d, 0x8d, 0x8d, 0x8d, 0x8d, 0x8d, 0x8d, 0x8d, 0x8d, 0x8d, 0x8d, 0x8d, 0x8d, 0x8d, 0x8d, 0x95, 0xc1, 0xff, 0xff, 0xff, 0xff, 0xff, 0xff, 0xff, 0xff, 0xff, 0xff,
0xff, 0xff, 0xff, 0xff, 0xff, 0xff, 0xff, 0xff, 0xff, 0xff, 0xff, 0xff, 0xff, 0xff, 0xff, 0xff, 0xff, 0xff, 0xff, 0xff, 0xff, 
/* -46- */
0xff, 0xa6, 0x8d, 0x8d, 0x8d, 0x8d, 0x8d, 0x8d, 0x8d, 0x8d, 0x8d, 0x8d, 0x8d, 0x8d, 0x8d, 0x8d, 0x8d, 0x8d, 0x8d, 0x8d, 0x98, 0xd0, 0xff, 0xff, 0xff, 0xff, 0xff, 0xff, 0xff, 0xff, 0xff, 0xff,
0xff, 0xff, 0xff, 0xff, 0xff, 0xff, 0xff, 0xff, 0xff, 0xff, 0xff, 0xff, 0xff, 0xff, 0xff, 0xff, 0xff, 0xff, 0xff, 0xff, 0xff, 
/* -47- */
0xff, 0x9e, 0x8d, 0x8d, 0x8d, 0x8d, 0x8d, 0x8d, 0x8d, 0x8d, 0x8d, 0x8d, 0x8d, 0x8d, 0x8d, 0x8d, 0x8d, 0x8d, 0x8d, 0x8d, 0x9b, 0xda, 0xff, 0xff, 0xff, 0xff, 0xff, 0xff, 0xff, 0xff, 0xff, 0xff,
0xff, 0xff, 0xff, 0xff, 0xff, 0xff, 0xff, 0xff, 0xff, 0xff, 0xff, 0xff, 0xff, 0xff, 0xff, 0xff, 0xff, 0xff, 0xff, 0xff, 0xff, 
/* -48- */
0xff, 0x97, 0x8d, 0x8d, 0x8d, 0x8d, 0x8d, 0x8d, 0x8d, 0x8d, 0x8d, 0x8d, 0x8d, 0x8d, 0x8d, 0x8d, 0x8d, 0x8d, 0x8d, 0x8d, 0x9e, 0xff, 0xff, 0xff, 0xff, 0xff, 0xff, 0xff, 0xff, 0xff, 0xff, 0xff,
0xff, 0xff, 0xff, 0xff, 0xff, 0xff, 0xff, 0xff, 0xff, 0xff, 0xff, 0xff, 0xff, 0xff, 0xff, 0xff, 0xff, 0xff, 0xff, 0xff, 0xff, 
/* -49- */
0xff, 0x91, 0x8d, 0x8d, 0x8d, 0x8d, 0x8d, 0x8d, 0x8d, 0x8d, 0x8d, 0x8d, 0x8d, 0x8d, 0x8d, 0x8d, 0x8d, 0x8d, 0x8d, 0x8d, 0x9e, 0xff, 0xff, 0xff, 0xff, 0xff, 0xff, 0xff, 0xff, 0xff, 0xff, 0xff,
0xff, 0xff, 0xff, 0xff, 0xff, 0xff, 0xff, 0xff, 0xff, 0xff, 0xff, 0xff, 0xff, 0xff, 0xff, 0xff, 0xff, 0xff, 0xff, 0xff, 0xff, 
/* -50- */
0xff, 0x8e, 0x8d, 0x8d, 0x8d, 0x8d, 0x8d, 0x8d, 0x8d, 0x8d, 0x8d, 0x8d, 0x8d, 0x8d, 0x8d, 0x8d, 0x8d, 0x8d, 0x8d, 0x8d, 0xa0, 0xff, 0xff, 0xff, 0xff, 0xff, 0xff, 0xff, 0xff, 0xff, 0xff, 0xff,
0xff, 0xff, 0xff, 0xff, 0xff, 0xff, 0xff, 0xff, 0xff, 0xff, 0xff, 0xff, 0xff, 0xff, 0xff, 0xff, 0xff, 0xff, 0xff, 0xff, 0xff, 
/* -51- */
0xff, 0x8d, 0x8d, 0x8d, 0x8d, 0x8d, 0x8d, 0x8d, 0x8d, 0x8d, 0x8d, 0x8d, 0x8d, 0x8d, 0x8d, 0x8d, 0x8d, 0x8d, 0x8d, 0x8d, 0xa0, 0xff, 0xff, 0xff, 0xff, 0xff, 0xff, 0xff, 0xff, 0xff, 0xff, 0xff,
0xff, 0xff, 0xff, 0xff, 0xff, 0xff, 0xff, 0xff, 0xff, 0xff, 0xff, 0xff, 0xff, 0xff, 0xff, 0xff, 0xff, 0xff, 0xff, 0xff, 0xff, 
/* -52- */
0xff, 0xff, 0xff, 0xff, 0xff, 0xff, 0xff, 0xff, 0xff, 0xff, 0xff, 0xff, 0xff, 0xff, 0xff, 0xff, 0xff, 0xff, 0xff, 0xff, 0xff, 0xff, 0xff, 0xff, 0xff, 0xff, 0xff, 0xff, 0xff, 0xff, 0xff, 0xff,
0xff, 0xff, 0xff, 0xff, 0xff, 0xff, 0xff, 0xff, 0xff, 0xff, 0xff, 0xff, 0xff, 0xff, 0xff, 0xff, 0xff, 0xff, 0xff, 0xff, 0xff, 
};

ARM_SECTION("arm2d.asset.c_bmp_arc_quarter_png_RGB565")
const uint16_t c_bmp_arc_quarter_png_RGB565[53*53] = {
/* -0- */
0xffff, 0xffff, 0xffff, 0xffff, 0xffff, 0xffff, 0xffff, 0xffff, 0xffff, 0xffff, 0xffff, 0xffff, 0xffff, 0xffff, 0xffff, 0xffff,
0xffff, 0xffff, 0xffff, 0xffff, 0xffff, 0xffff, 0xffff, 0xffff, 0xffff, 0xffff, 0xffff, 0xffff, 0xffff, 0xffff, 0xffff, 0xffff,
0xffff, 0xffff, 0xffff, 0xffff, 0xffff, 0xffff, 0xffff, 0xffff, 0xffff, 0xffff, 0xffff, 0xffff, 0xffff, 0xffff, 0xffff, 0xffff,
0xffff, 0xffff, 0xffff, 0xffff, 0xffff, 
/* -1- */
0xffff, 0xffff, 0xffff, 0xffff, 0xffff, 0xffff, 0xffff, 0xffff, 0xffff, 0xffff, 0xffff, 0xffff, 0xffff, 0xffff, 0xffff, 0xffff,
0xffff, 0xffff, 0xffff, 0xffff, 0xffff, 0xffff, 0xffff, 0xffff, 0xffff, 0xffff, 0xffff, 0xffff, 0xffff, 0xffff, 0xffff, 0xffff,
0xffff, 0xffff, 0xffff, 0xffff, 0xffff, 0xffff, 0xffff, 0xffff, 0xffff, 0xffff, 0xcefd, 0xae9d, 0x963c, 0x7ddc, 0x657c, 0x553b,
0x451b, 0x3cdb, 0x34db, 0x34db, 0xffff, 
/* -2- */
0xffff, 0xffff, 0xffff, 0xffff, 0xffff, 0xffff, 0xffff, 0xffff, 0xffff, 0xffff, 0xffff, 0xffff, 0xffff, 0xffff, 0xffff, 0xffff,
0xffff, 0xffff, 0xffff, 0xffff, 0xffff, 0xffff, 0xffff, 0xffff, 0xffff, 0xffff, 0xffff, 0xffff, 0xffff, 0xffff, 0xffff, 0xffff,
0xffff, 0xffff, 0xffff, 0xffff, 0xffff, 0xffff, 0xbebd, 0x8e1c, 0x5d7c, 0x3cfb, 0x34db, 0x34db, 0x34db, 0x34db, 0x34db, 0x34db,
0x34db, 0x34db, 0x34db, 0x34db, 0xffff, 
/* -3- */
0xffff, 0xffff, 0xffff, 0xffff, 0xffff, 0xffff, 0xffff, 0xffff, 0xffff, 0xffff, 0xffff, 0xffff, 0xffff, 0xffff, 0xffff, 0xffff,
0xffff, 0xffff, 0xffff, 0xffff, 0xffff, 0xffff, 0xffff, 0xffff, 0xffff, 0xffff, 0xffff, 0xffff, 0xffff, 0xffff, 0xffff, 0xffff,
0xffff, 0xffff, 0xffff, 0xa67d, 0x6d9c, 0x44fb, 0x34db, 0x34db, 0x34db, 0x34db, 0x34db, 0x34db, 0x34db, 0x34db, 0x34db, 0x34db,
0x34db, 0x34db, 0x34db, 0x34db, 0xffff, 
/* -4- */
0xffff, 0xffff, 0xffff, 0xffff, 0xffff, 0xffff, 0xffff, 0xffff, 0xffff, 0xffff, 0xffff, 0xffff, 0xffff, 0xffff, 0xffff, 0xffff,
0xffff, 0xffff, 0xffff, 0xffff, 0xffff, 0xffff, 0xffff, 0xffff, 0xffff, 0xffff, 0xffff, 0xffff, 0xffff, 0xffff, 0xffff, 0xffff,
0xbebd, 0x75dc, 0x451b, 0x34db, 0x34db, 0x34db, 0x34db, 0x34db, 0x34db, 0x34db, 0x34db, 0x34db, 0x34db, 0x34db, 0x34db, 0x34db,
0x34db, 0x34db, 0x34db, 0x34db, 0xffff, 
/* -5- */
0xffff, 0xffff, 0xffff, 0xffff, 0xffff, 0xffff, 0xffff, 0xffff, 0xffff, 0xffff, 0xffff, 0xffff, 0xffff, 0xffff, 0xffff, 0xffff,
0xffff, 0xffff, 0xffff, 0xffff, 0xffff, 0xffff, 0xffff, 0xffff, 0xffff, 0xffff, 0xffff, 0xffff, 0xffff, 0xffff, 0xa65c, 0x5d5c,
0x34db, 0x34db, 0x34db, 0x34db, 0x34db, 0x34db, 0x34db, 0x34db, 0x34db, 0x34db, 0x34db, 0x34db, 0x34db, 0x34db, 0x34db, 0x34db,
0x34db, 0x34db, 0x34db, 0x34db, 0xffff, 
/* -6- */
0xffff, 0xffff, 0xffff, 0xffff, 0xffff, 0xffff, 0xffff, 0xffff, 0xffff, 0xffff, 0xffff, 0xffff, 0xffff, 0xffff, 0xffff, 0xffff,
0xffff, 0xffff, 0xffff, 0xffff, 0xffff, 0xffff, 0xffff, 0xffff, 0xffff, 0xffff, 0xffff, 0xffff, 0x9e5c, 0x553b, 0x34db, 0x34db,
0x34db, 0x34db, 0x34db, 0x34db, 0x34db, 0x34db, 0x34db, 0x34db, 0x34db, 0x34db, 0x34db, 0x34db, 0x34db, 0x34db, 0x34db, 0x34db,
0x34db, 0x34db, 0x34db, 0x34db, 0xffff, 
/* -7- */
0xffff, 0xffff, 0xffff, 0xffff, 0xffff, 0xffff, 0xffff, 0xffff, 0xffff, 0xffff, 0xffff, 0xffff, 0xffff, 0xffff, 0xffff, 0xffff,
0xffff, 0xffff, 0xffff, 0xffff, 0xffff, 0xffff, 0xffff, 0xffff, 0xffff, 0xffff, 0xae7d, 0x5d5c, 0x34db, 0x34db, 0x34db, 0x34db,
0x34db, 0x34db, 0x34db, 0x34db, 0x34db, 0x34db, 0x34db, 0x34db, 0x34db, 0x34db, 0x34db, 0x34db, 0x34db, 0x34db, 0x34db, 0x34db,
0x34db, 0x34db, 0x34db, 0x34db, 0xffff, 
/* -8- */
0xffff, 0xffff, 0xffff, 0xffff, 0xffff, 0xffff, 0xffff, 0xffff, 0xffff, 0xffff, 0xffff, 0xffff, 0xffff, 0xffff, 0xffff, 0xffff,
0xffff, 0xffff, 0xffff, 0xffff, 0xffff, 0xffff, 0xffff, 0xffff, 0xc6fd, 0x6d9c, 0x34db, 0x34db, 0x34db, 0x34db, 0x34db, 0x34db,
0x34db, 0x34db, 0x34db, 0x34db, 0x34db, 0x34db, 0x34db, 0x34db, 0x34db, 0x34db, 0x34db, 0x34db, 0x34db, 0x34db, 0x34db, 0x34db,
0x34db, 0x34db, 0x34db, 0x34db, 0xffff, 
/* -9- */
0xffff, 0xffff, 0xffff, 0xffff, 0xffff, 0xffff, 0xffff, 0xffff, 0xffff, 0xffff, 0xffff, 0xffff, 0xffff, 0xffff, 0xffff, 0xffff,
0xffff, 0xffff, 0xffff, 0xffff, 0xffff, 0xffff, 0xffff, 0x961c, 0x451b, 0x34db, 0x34db, 0x34db, 0x34db, 0x34db, 0x34db, 0x34db,
0x34db, 0x34db, 0x34db, 0x34db, 0x34db, 0x34db, 0x34db, 0x34db, 0x34db, 0x34db, 0x34db, 0x34db, 0x34db, 0x34db, 0x34db, 0x34db,
0x34db, 0x34db, 0x34db, 0x34db, 0xffff, 
/* -10- */
0xffff, 0xffff, 0xffff, 0xffff, 0xffff, 0xffff, 0xffff, 0xffff, 0xffff, 0xffff, 0xffff, 0xffff, 0xffff, 0xffff, 0xffff, 0xffff,
0xffff, 0xffff, 0xffff, 0xffff, 0xffff, 0xcf1d, 0x6d9c, 0x34db, 0x34db, 0x34db, 0x34db, 0x34db, 0x34db, 0x34db, 0x34db, 0x34db,
0x34db, 0x34db, 0x34db, 0x34db, 0x34db, 0x34db, 0x34db, 0x34db, 0x34db, 0x34db, 0x34db, 0x34db, 0x34db, 0x34db, 0x34db, 0x34db,
0x34db, 0x34db, 0x34db, 0x34db, 0xffff, 
/* -11- */
0xffff, 0xffff, 0xffff, 0xffff, 0xffff, 0xffff, 0xffff, 0xffff, 0xffff, 0xffff, 0xffff, 0xffff, 0xffff, 0xffff, 0xffff, 0xffff,
0xffff, 0xffff, 0xffff, 0xffff, 0xae7d, 0x4d3b, 0x34db, 0x34db, 0x34db, 0x34db, 0x34db, 0x34db, 0x34db, 0x34db, 0x34db, 0x34db,
0x34db, 0x34db, 0x34db, 0x34db, 0x34db, 0x34db, 0x34db, 0x34db, 0x34db, 0x34db, 0x34db, 0x34db, 0x34db, 0x34db, 0x34db, 0x34db,
0x34db, 0x34db, 0x34db, 0x34db, 0xffff, 
/* -12- */
0xffff, 0xffff, 0xffff, 0xffff, 0xffff, 0xffff, 0xffff, 0xffff, 0xffff, 0xffff, 0xffff, 0xffff, 0xffff, 0xffff, 0xffff, 0xffff,
0xffff, 0xffff, 0xffff, 0x8e1c, 0x34db, 0x34db, 0x34db, 0x34db, 0x34db, 0x34db, 0x34db, 0x34db, 0x34db, 0x34db, 0x34db, 0x34db,
0x34db, 0x34db, 0x34db, 0x34db, 0x34db, 0x34db, 0x34db, 0x34db, 0x34db, 0x34db, 0x34db, 0x34db, 0x34db, 0x34db, 0x34db, 0x34db,
0x34db, 0x34db, 0x34db, 0x34db, 0xffff, 
/* -13- */
0xffff, 0xffff, 0xffff, 0xffff, 0xffff, 0xffff, 0xffff, 0xffff, 0xffff, 0xffff, 0xffff, 0xffff, 0xffff, 0xffff, 0xffff, 0xffff,
0xffff, 0xffff, 0x7ddc, 0x34db, 0x34db, 0x34db, 0x34db, 0x34db, 0x34db, 0x34db, 0x34db, 0x34db, 0x34db, 0x34db, 0x34db, 0x34db,
0x34db, 0x34db, 0x34db, 0x34db, 0x34db, 0x34db, 0x34db, 0x34db, 0x34db, 0x34db, 0x34db, 0x34db, 0x34db, 0x34db, 0x34db, 0x34db,
0x34db, 0x34db, 0x34db, 0x34db, 0xffff, 
/* -14- */
0xffff, 0xffff, 0xffff, 0xffff, 0xffff, 0xffff, 0xffff, 0xffff, 0xffff, 0xffff, 0xffff, 0xffff, 0xffff, 0xffff, 0xffff, 0xffff,
0xffff, 0x75bc, 0x34db, 0x34db, 0x34db, 0x34db, 0x34db, 0x34db, 0x34db, 0x34db, 0x34db, 0x34db, 0x34db, 0x34db, 0x34db, 0x34db,
0x34db, 0x34db, 0x34db, 0x34db, 0x34db, 0x34db, 0x34db, 0x34db, 0x34db, 0x34db, 0x34db, 0x34db, 0x34db, 0x34db, 0x34db, 0x34db,
0x34db, 0x34db, 0x34db, 0x34db, 0xffff, 
/* -15- */
0xffff, 0xffff, 0xffff, 0xffff, 0xffff, 0xffff, 0xffff, 0xffff, 0xffff, 0xffff, 0xffff, 0xffff, 0xffff, 0xffff, 0xffff, 0xffff,
0x6d9c, 0x34db, 0x34db, 0x34db, 0x34db, 0x34db, 0x34db, 0x34db, 0x34db, 0x34db, 0x34db, 0x34db, 0x34db, 0x34db, 0x34db, 0x34db,
0x34db, 0x34db, 0x34db, 0x34db, 0x34db, 0x34db, 0x34db, 0x34db, 0x34db, 0x34db, 0x34db, 0x34db, 0x34db, 0x34db, 0x34db, 0x34db,
0x34db, 0x34db, 0x34db, 0x34db, 0xffff, 
/* -16- */
0xffff, 0xffff, 0xffff, 0xffff, 0xffff, 0xffff, 0xffff, 0xffff, 0xffff, 0xffff, 0xffff, 0xffff, 0xffff, 0xffff, 0xffff, 0x6d9c,
0x34db, 0x34db, 0x34db, 0x34db, 0x34db, 0x34db, 0x34db, 0x34db, 0x34db, 0x34db, 0x34db, 0x34db, 0x34db, 0x34db, 0x34db, 0x34db,
0x34db, 0x34db, 0x34db, 0x34db, 0x34db, 0x34db, 0x34db, 0x34db, 0x34db, 0x34db, 0x34db, 0x34db, 0x34db, 0x34db, 0x34db, 0x34db,
0x34db, 0x34db, 0x34db, 0x34db, 0xffff, 
/* -17- */
0xffff, 0xffff, 0xffff, 0xffff, 0xffff, 0xffff, 0xffff, 0xffff, 0xffff, 0xffff, 0xffff, 0xffff, 0xffff, 0xffff, 0x75bc, 0x34db,
0x34db, 0x34db, 0x34db, 0x34db, 0x34db, 0x34db, 0x34db, 0x34db, 0x34db, 0x34db, 0x34db, 0x34db, 0x34db, 0x34db, 0x34db, 0x34db,
0x34db, 0x34db, 0x34db, 0x34db, 0x34db, 0x34db, 0x34db, 0x34db, 0x34db, 0x34db, 0x34db, 0x34db, 0x34db, 0x34db, 0x34db, 0x34db,
0x34db, 0x34db, 0x34db, 0x34db, 0xffff, 
/* -18- */
0xffff, 0xffff, 0xffff, 0xffff, 0xffff, 0xffff, 0xffff, 0xffff, 0xffff, 0xffff, 0xffff, 0xffff, 0xffff, 0x7ddc, 0x34db, 0x34db,
0x34db, 0x34db, 0x34db, 0x34db, 0x34db, 0x34db, 0x34db, 0x34db, 0x34db, 0x34db, 0x34db, 0x34db, 0x34db, 0x34db, 0x34db, 0x34db,
0x34db, 0x34db, 0x34db, 0x34db, 0x34db, 0x34db, 0x34db, 0x34db, 0x34db, 0x34db, 0x34db, 0x34db, 0x34db, 0x34db, 0x34db, 0x34db,
0x34db, 0x34db, 0x34db, 0x34db, 0xffff, 
/* -19- */
0xffff, 0xffff, 0xffff, 0xffff, 0xffff, 0xffff, 0xffff, 0xffff, 0xffff, 0xffff, 0xffff, 0xffff, 0x8e1c, 0x34db, 0x34db, 0x34db,
0x34db, 0x34db, 0x34db, 0x34db, 0x34db, 0x34db, 0x34db, 0x34db, 0x34db, 0x34db, 0x34db, 0x34db, 0x34db, 0x34db, 0x34db, 0x34db,
0x34db, 0x34db, 0x34db, 0x34db, 0x34db, 0x34db, 0x34db, 0x34db, 0x34db, 0x34db, 0x34db, 0x34db, 0x34db, 0x34db, 0x34db, 0x34db,
0x34db, 0x34db, 0x34db, 0x34db, 0xffff, 
/* -20- */
0xffff, 0xffff, 0xffff, 0xffff, 0xffff, 0xffff, 0xffff, 0xffff, 0xffff, 0xffff, 0xffff, 0xae7d, 0x34db, 0x34db, 0x34db, 0x34db,
0x34db, 0x34db, 0x34db, 0x34db, 0x34db, 0x34db, 0x34db, 0x34db, 0x34db, 0x34db, 0x34db, 0x34db, 0x34db, 0x34db, 0x34db, 0x34db,
0x34db, 0x34db, 0x34db, 0x34db, 0x34db, 0x34db, 0x34db, 0x34db, 0x34db, 0x34db, 0x34db, 0x34db, 0x3cdb, 0x44fb, 0x4d1b, 0x4d3b,
0x553b, 0x553b, 0x555b, 0x5d5b, 0xffff, 
/* -21- */
0xffff, 0xffff, 0xffff, 0xffff, 0xffff, 0xffff, 0xffff, 0xffff, 0xffff, 0xffff, 0xcf1d, 0x4d3b, 0x34db, 0x34db, 0x34db, 0x34db,
0x34db, 0x34db, 0x34db, 0x34db, 0x34db, 0x34db, 0x34db, 0x34db, 0x34db, 0x34db, 0x34db, 0x34db, 0x34db, 0x34db, 0x34db, 0x34db,
0x34db, 0x34db, 0x34db, 0x34db, 0x34db, 0x34db, 0x34db, 0x34db, 0x34db, 0x44fb, 0x4d1b, 0x5d5c, 0x75dc, 0x963c, 0xb69d, 0xc6fd,
0xffff, 0xffff, 0xffff, 0xffff, 0xffff, 
/* -22- */
0xffff, 0xffff, 0xffff, 0xffff, 0xffff, 0xffff, 0xffff, 0xffff, 0xffff, 0xffff, 0x6d9c, 0x34db, 0x34db, 0x34db, 0x34db, 0x34db,
0x34db, 0x34db, 0x34db, 0x34db, 0x34db, 0x34db, 0x34db, 0x34db, 0x34db, 0x34db, 0x34db, 0x34db, 0x34db, 0x34db, 0x34db, 0x34db,
0x34db, 0x34db, 0x34db, 0x34db, 0x34db, 0x34db, 0x3cdb, 0x4d1b, 0x657b, 0x8e1c, 0xbebd, 0xffff, 0xffff, 0xffff, 0xffff, 0xffff,
0xffff, 0xffff, 0xffff, 0xffff, 0xffff, 
/* -23- */
0xffff, 0xffff, 0xffff, 0xffff, 0xffff, 0xffff, 0xffff, 0xffff, 0xffff, 0x961c, 0x34db, 0x34db, 0x34db, 0x34db, 0x34db, 0x34db,
0x34db, 0x34db, 0x34db, 0x34db, 0x34db, 0x34db, 0x34db, 0x34db, 0x34db, 0x34db, 0x34db, 0x34db, 0x34db, 0x34db, 0x34db, 0x34db,
0x34db, 0x34db, 0x34db, 0x34db, 0x3cdb, 0x4d1b, 0x6dbc, 0xae7d, 0xffff, 0xffff, 0xffff, 0xffff, 0xffff, 0xffff, 0xffff, 0xffff,
0xffff, 0xffff, 0xffff, 0xffff, 0xffff, 
/* -24- */
0xffff, 0xffff, 0xffff, 0xffff, 0xffff, 0xffff, 0xffff, 0xffff, 0xc6fd, 0x451b, 0x34db, 0x34db, 0x34db, 0x34db, 0x34db, 0x34db,
0x34db, 0x34db, 0x34db, 0x34db, 0x34db, 0x34db, 0x34db, 0x34db, 0x34db, 0x34db, 0x34db, 0x34db, 0x34db, 0x34db, 0x34db, 0x34db,
0x34db, 0x34db, 0x3cdb, 0x4d1b, 0x6d9c, 0xb69d, 0xffff, 0xffff, 0xffff, 0xffff, 0xffff, 0xffff, 0xffff, 0xffff, 0xffff, 0xffff,
0xffff, 0xffff, 0xffff, 0xffff, 0xffff, 
/* -25- */
0xffff, 0xffff, 0xffff, 0xffff, 0xffff, 0xffff, 0xffff, 0xffff, 0x6d9c, 0x34db, 0x34db, 0x34db, 0x34db, 0x34db, 0x34db, 0x34db,
0x34db, 0x34db, 0x34db, 0x34db, 0x34db, 0x34db, 0x34db, 0x34db, 0x34db, 0x34db, 0x34db, 0x34db, 0x34db, 0x34db, 0x34db, 0x34db,
0x34db, 0x3cfb, 0x657c, 0xa67c, 0xffff, 0xffff, 0xffff, 0xffff, 0xffff, 0xffff, 0xffff, 0xffff, 0xffff, 0xffff, 0xffff, 0xffff,
0xffff, 0xffff, 0xffff, 0xffff, 0xffff, 
/* -26- */
0xffff, 0xffff, 0xffff, 0xffff, 0xffff, 0xffff, 0xffff, 0xae7d, 0x34db, 0x34db, 0x34db, 0x34db, 0x34db, 0x34db, 0x34db, 0x34db,
0x34db, 0x34db, 0x34db, 0x34db, 0x34db, 0x34db, 0x34db, 0x34db, 0x34db, 0x34db, 0x34db, 0x34db, 0x34db, 0x34db, 0x34db, 0x34db,
0x451b, 0x7ddc, 0xc6fd, 0xffff, 0xffff, 0xffff, 0xffff, 0xffff, 0xffff, 0xffff, 0xffff, 0xffff, 0xffff, 0xffff, 0xffff, 0xffff,
0xffff, 0xffff, 0xffff, 0xffff, 0xffff, 
/* -27- */
0xffff, 0xffff, 0xffff, 0xffff, 0xffff, 0xffff, 0xffff, 0x5d5b, 0x34db, 0x34db, 0x34db, 0x34db, 0x34db, 0x34db, 0x34db, 0x34db,
0x34db, 0x34db, 0x34db, 0x34db, 0x34db, 0x34db, 0x34db, 0x34db, 0x34db, 0x34db, 0x34db, 0x34db, 0x34db, 0x34db, 0x3cdb, 0x553b,
0x9e3c, 0xffff, 0xffff, 0xffff, 0xffff, 0xffff, 0xffff, 0xffff, 0xffff, 0xffff, 0xffff, 0xffff, 0xffff, 0xffff, 0xffff, 0xffff,
0xffff, 0xffff, 0xffff, 0xffff, 0xffff, 
/* -28- */
0xffff, 0xffff, 0xffff, 0xffff, 0xffff, 0xffff, 0x9e5c, 0x34db, 0x34db, 0x34db, 0x34db, 0x34db, 0x34db, 0x34db, 0x34db, 0x34db,
0x34db, 0x34db, 0x34db, 0x34db, 0x34db, 0x34db, 0x34db, 0x34db, 0x34db, 0x34db, 0x34db, 0x34db, 0x34db, 0x3cdb, 0x5d7c, 0xae9d,
0xffff, 0xffff, 0xffff, 0xffff, 0xffff, 0xffff, 0xffff, 0xffff, 0xffff, 0xffff, 0xffff, 0xffff, 0xffff, 0xffff, 0xffff, 0xffff,
0xffff, 0xffff, 0xffff, 0xffff, 0xffff, 
/* -29- */
0xffff, 0xffff, 0xffff, 0xffff, 0xffff, 0xffff, 0x553b, 0x34db, 0x34db, 0x34db, 0x34db, 0x34db, 0x34db, 0x34db, 0x34db, 0x34db,
0x34db, 0x34db, 0x34db, 0x34db, 0x34db, 0x34db, 0x34db, 0x34db, 0x34db, 0x34db, 0x34db, 0x34db, 0x3cdb, 0x5d7c, 0xb6bd, 0xffff,
0xffff, 0xffff, 0xffff, 0xffff, 0xffff, 0xffff, 0xffff, 0xffff, 0xffff, 0xffff, 0xffff, 0xffff, 0xffff, 0xffff, 0xffff, 0xffff,
0xffff, 0xffff, 0xffff, 0xffff, 0xffff, 
/* -30- */
0xffff, 0xffff, 0xffff, 0xffff, 0xffff, 0xa65c, 0x34db, 0x34db, 0x34db, 0x34db, 0x34db, 0x34db, 0x34db, 0x34db, 0x34db, 0x34db,
0x34db, 0x34db, 0x34db, 0x34db, 0x34db, 0x34db, 0x34db, 0x34db, 0x34db, 0x34db, 0x34db, 0x3cdb, 0x5d7c, 0xb6bd, 0xffff, 0xffff,
0xffff, 0xffff, 0xffff, 0xffff, 0xffff, 0xffff, 0xffff, 0xffff, 0xffff, 0xffff, 0xffff, 0xffff, 0xffff, 0xffff, 0xffff, 0xffff,
0xffff, 0xffff, 0xffff, 0xffff, 0xffff, 
/* -31- */
0xffff, 0xffff, 0xffff, 0xffff, 0xffff, 0x5d5c, 0x34db, 0x34db, 0x34db, 0x34db, 0x34db, 0x34db, 0x34db, 0x34db, 0x34db, 0x34db,
0x34db, 0x34db, 0x34db, 0x34db, 0x34db, 0x34db, 0x34db, 0x34db, 0x34db, 0x34db, 0x34db, 0x553b, 0xae9d, 0xffff, 0xffff, 0xffff,
0xffff, 0xffff, 0xffff, 0xffff, 0xffff, 0xffff, 0xffff, 0xffff, 0xffff, 0xffff, 0xffff, 0xffff, 0xffff, 0xffff, 0xffff, 0xffff,
0xffff, 0xffff, 0xffff, 0xffff, 0xffff, 
/* -32- */
0xffff, 0xffff, 0xffff, 0xffff, 0xbebd, 0x34db, 0x34db, 0x34db, 0x34db, 0x34db, 0x34db, 0x34db, 0x34db, 0x34db, 0x34db, 0x34db,
0x34db, 0x34db, 0x34db, 0x34db, 0x34db, 0x34db, 0x34db, 0x34db, 0x34db, 0x34db, 0x451b, 0x9e3c, 0xffff, 0xffff, 0xffff, 0xffff,
0xffff, 0xffff, 0xffff, 0xffff, 0xffff, 0xffff, 0xffff, 0xffff, 0xffff, 0xffff, 0xffff, 0xffff, 0xffff, 0xffff, 0xffff, 0xffff,
0xffff, 0xffff, 0xffff, 0xffff, 0xffff, 
/* -33- */
0xffff, 0xffff, 0xffff, 0xffff, 0x75bc, 0x34db, 0x34db, 0x34db, 0x34db, 0x34db, 0x34db, 0x34db, 0x34db, 0x34db, 0x34db, 0x34db,
0x34db, 0x34db, 0x34db, 0x34db, 0x34db, 0x34db, 0x34db, 0x34db, 0x34db, 0x3cfb, 0x75bc, 0xffff, 0xffff, 0xffff, 0xffff, 0xffff,
0xffff, 0xffff, 0xffff, 0xffff, 0xffff, 0xffff, 0xffff, 0xffff, 0xffff, 0xffff, 0xffff, 0xffff, 0xffff, 0xffff, 0xffff, 0xffff,
0xffff, 0xffff, 0xffff, 0xffff, 0xffff, 
/* -34- */
0xffff, 0xffff, 0xffff, 0xffff, 0x451b, 0x34db, 0x34db, 0x34db, 0x34db, 0x34db, 0x34db, 0x34db, 0x34db, 0x34db, 0x34db, 0x34db,
0x34db, 0x34db, 0x34db, 0x34db, 0x34db, 0x34db, 0x34db, 0x34db, 0x3cdb, 0x657c, 0xc6fd, 0xffff, 0xffff, 0xffff, 0xffff, 0xffff,
0xffff, 0xffff, 0xffff, 0xffff, 0xffff, 0xffff, 0xffff, 0xffff, 0xffff, 0xffff, 0xffff, 0xffff, 0xffff, 0xffff, 0xffff, 0xffff,
0xffff, 0xffff, 0xffff, 0xffff, 0xffff, 
/* -35- */
0xffff, 0xffff, 0xffff, 0xa67d, 0x34db, 0x34db, 0x34db, 0x34db, 0x34db, 0x34db, 0x34db, 0x34db, 0x34db, 0x34db, 0x34db, 0x34db,
0x34db, 0x34db, 0x34db, 0x34db, 0x34db, 0x34db, 0x34db, 0x34db, 0x4d1b, 0xa67c, 0xffff, 0xffff, 0xffff, 0xffff, 0xffff, 0xffff,
0xffff, 0xffff, 0xffff, 0xffff, 0xffff, 0xffff, 0xffff, 0xffff, 0xffff, 0xffff, 0xffff, 0xffff, 0xffff, 0xffff, 0xffff, 0xffff,
0xffff, 0xffff, 0xffff, 0xffff, 0xffff, 
/* -36- */
0xffff, 0xffff, 0xffff, 0x6d9c, 0x34db, 0x34db, 0x34db, 0x34db, 0x34db, 0x34db, 0x34db, 0x34db, 0x34db, 0x34db, 0x34db, 0x34db,
0x34db, 0x34db, 0x34db, 0x34db, 0x34db, 0x34db, 0x34db, 0x3cdb, 0x6d9c, 0xffff, 0xffff, 0xffff, 0xffff, 0xffff, 0xffff, 0xffff,
0xffff, 0xffff, 0xffff, 0xffff, 0xffff, 0xffff, 0xffff, 0xffff, 0xffff, 0xffff, 0xffff, 0xffff, 0xffff, 0xffff, 0xffff, 0xffff,
0xffff, 0xffff, 0xffff, 0xffff, 0xffff, 
/* -37- */
0xffff, 0xffff, 0xffff, 0x44fb, 0x34db, 0x34db, 0x34db, 0x34db, 0x34db, 0x34db, 0x34db, 0x34db, 0x34db, 0x34db, 0x34db, 0x34db,
0x34db, 0x34db, 0x34db, 0x34db, 0x34db, 0x34db, 0x34db, 0x4d1b, 0xb69d, 0xffff, 0xffff, 0xffff, 0xffff, 0xffff, 0xffff, 0xffff,
0xffff, 0xffff, 0xffff, 0xffff, 0xffff, 0xffff, 0xffff, 0xffff, 0xffff, 0xffff, 0xffff, 0xffff, 0xffff, 0xffff, 0xffff, 0xffff,
0xffff, 0xffff, 0xffff, 0xffff, 0xffff, 
/* -38- */
0xffff, 0xffff, 0xbebd, 0x34db, 0x34db, 0x34db, 0x34db, 0x34db, 0x34db, 0x34db, 0x34db, 0x34db, 0x34db, 0x34db, 0x34db, 0x34db,
0x34db, 0x34db, 0x34db, 0x34db, 0x34db, 0x34db, 0x3cdb, 0x6dbc, 0xffff, 0xffff, 0xffff, 0xffff, 0xffff, 0xffff, 0xffff, 0xffff,
0xffff, 0xffff, 0xffff, 0xffff, 0xffff, 0xffff, 0xffff, 0xffff, 0xffff, 0xffff, 0xffff, 0xffff, 0xffff, 0xffff, 0xffff, 0xffff,
0xffff, 0xffff, 0xffff, 0xffff, 0xffff, 
/* -39- */
0xffff, 0xffff, 0x8e1c, 0x34db, 0x34db, 0x34db, 0x34db, 0x34db, 0x34db, 0x34db, 0x34db, 0x34db, 0x34db, 0x34db, 0x34db, 0x34db,
0x34db, 0x34db, 0x34db, 0x34db, 0x34db, 0x34db, 0x4d1b, 0xae7d, 0xffff, 0xffff, 0xffff, 0xffff, 0xffff, 0xffff, 0xffff, 0xffff,
0xffff, 0xffff, 0xffff, 0xffff, 0xffff, 0xffff, 0xffff, 0xffff, 0xffff, 0xffff, 0xffff, 0xffff, 0xffff, 0xffff, 0xffff, 0xffff,
0xffff, 0xffff, 0xffff, 0xffff, 0xffff, 
/* -40- */
0xffff, 0xffff, 0x5d7c, 0x34db, 0x34db, 0x34db, 0x34db, 0x34db, 0x34db, 0x34db, 0x34db, 0x34db, 0x34db, 0x34db, 0x34db, 0x34db,
0x34db, 0x34db, 0x34db, 0x34db, 0x34db, 0x34db, 0x657c, 0xffff, 0xffff, 0xffff, 0xffff, 0xffff, 0xffff, 0xffff, 0xffff, 0xffff,
0xffff, 0xffff, 0xffff, 0xffff, 0xffff, 0xffff, 0xffff, 0xffff, 0xffff, 0xffff, 0xffff, 0xffff, 0xffff, 0xffff, 0xffff, 0xffff,
0xffff, 0xffff, 0xffff, 0xffff, 0xffff, 
/* -41- */
0xffff, 0xffff, 0x3cfb, 0x34db, 0x34db, 0x34db, 0x34db, 0x34db, 0x34db, 0x34db, 0x34db, 0x34db, 0x34db, 0x34db, 0x34db, 0x34db,
0x34db, 0x34db, 0x34db, 0x34db, 0x34db, 0x44fb, 0x8e1c, 0xffff, 0xffff, 0xffff, 0xffff, 0xffff, 0xffff, 0xffff, 0xffff, 0xffff,
0xffff, 0xffff, 0xffff, 0xffff, 0xffff, 0xffff, 0xffff, 0xffff, 0xffff, 0xffff, 0xffff, 0xffff, 0xffff, 0xffff, 0xffff, 0xffff,
0xffff, 0xffff, 0xffff, 0xffff, 0xffff, 
/* -42- */
0xffff, 0xcf1d, 0x34db, 0x34db, 0x34db, 0x34db, 0x34db, 0x34db, 0x34db, 0x34db, 0x34db, 0x34db, 0x34db, 0x34db, 0x34db, 0x34db,
0x34db, 0x34db, 0x34db, 0x34db, 0x34db, 0x4d1b, 0xbebd, 0xffff, 0xffff, 0xffff, 0xffff, 0xffff, 0xffff, 0xffff, 0xffff, 0xffff,
0xffff, 0xffff, 0xffff, 0xffff, 0xffff, 0xffff, 0xffff, 0xffff, 0xffff, 0xffff, 0xffff, 0xffff, 0xffff, 0xffff, 0xffff, 0xffff,
0xffff, 0xffff, 0xffff, 0xffff, 0xffff, 
/* -43- */
0xffff, 0xae9d, 0x34db, 0x34db, 0x34db, 0x34db, 0x34db, 0x34db, 0x34db, 0x34db, 0x34db, 0x34db, 0x34db, 0x34db, 0x34db, 0x34db,
0x34db, 0x34db, 0x34db, 0x34db, 0x34db, 0x5d5b, 0xffff, 0xffff, 0xffff, 0xffff, 0xffff, 0xffff, 0xffff, 0xffff, 0xffff, 0xffff,
0xffff, 0xffff, 0xffff, 0xffff, 0xffff, 0xffff, 0xffff, 0xffff, 0xffff, 0xffff, 0xffff, 0xffff, 0xffff, 0xffff, 0xffff, 0xffff,
0xffff, 0xffff, 0xffff, 0xffff, 0xffff, 
/* -44- */
0xffff, 0x963c, 0x34db, 0x34db, 0x34db, 0x34db, 0x34db, 0x34db, 0x34db, 0x34db, 0x34db, 0x34db, 0x34db, 0x34db, 0x34db, 0x34db,
0x34db, 0x34db, 0x34db, 0x34db, 0x3cdb, 0x75dc, 0xffff, 0xffff, 0xffff, 0xffff, 0xffff, 0xffff, 0xffff, 0xffff, 0xffff, 0xffff,
0xffff, 0xffff, 0xffff, 0xffff, 0xffff, 0xffff, 0xffff, 0xffff, 0xffff, 0xffff, 0xffff, 0xffff, 0xffff, 0xffff, 0xffff, 0xffff,
0xffff, 0xffff, 0xffff, 0xffff, 0xffff, 
/* -45- */
0xffff, 0x7ddc, 0x34db, 0x34db, 0x34db, 0x34db, 0x34db, 0x34db, 0x34db, 0x34db, 0x34db, 0x34db, 0x34db, 0x34db, 0x34db, 0x34db,
0x34db, 0x34db, 0x34db, 0x34db, 0x44fb, 0x963c, 0xffff, 0xffff, 0xffff, 0xffff, 0xffff, 0xffff, 0xffff, 0xffff, 0xffff, 0xffff,
0xffff, 0xffff, 0xffff, 0xffff, 0xffff, 0xffff, 0xffff, 0xffff, 0xffff, 0xffff, 0xffff, 0xffff, 0xffff, 0xffff, 0xffff, 0xffff,
0xffff, 0xffff, 0xffff, 0xffff, 0xffff, 
/* -46- */
0xffff, 0x657c, 0x34db, 0x34db, 0x34db, 0x34db, 0x34db, 0x34db, 0x34db, 0x34db, 0x34db, 0x34db, 0x34db, 0x34db, 0x34db, 0x34db,
0x34db, 0x34db, 0x34db, 0x34db, 0x4d1b, 0xb69d, 0xffff, 0xffff, 0xffff, 0xffff, 0xffff, 0xffff, 0xffff, 0xffff, 0xffff, 0xffff,
0xffff, 0xffff, 0xffff, 0xffff, 0xffff, 0xffff, 0xffff, 0xffff, 0xffff, 0xffff, 0xffff, 0xffff, 0xffff, 0xffff, 0xffff, 0xffff,
0xffff, 0xffff, 0xffff, 0xffff, 0xffff, 
/* -47- */
0xffff, 0x553b, 0x34db, 0x34db, 0x34db, 0x34db, 0x34db, 0x34db, 0x34db, 0x34db, 0x34db, 0x34db, 0x34db, 0x34db, 0x34db, 0x34db,
0x34db, 0x34db, 0x34db, 0x34db, 0x4d3b, 0xc6fd, 0xffff, 0xffff, 0xffff, 0xffff, 0xffff, 0xffff, 0xffff, 0xffff, 0xffff, 0xffff,
0xffff, 0xffff, 0xffff, 0xffff, 0xffff, 0xffff, 0xffff, 0xffff, 0xffff, 0xffff, 0xffff, 0xffff, 0xffff, 0xffff, 0xffff, 0xffff,
0xffff, 0xffff, 0xffff, 0xffff, 0xffff, 
/* -48- */
0xffff, 0x451b, 0x34db, 0x34db, 0x34db, 0x34db, 0x34db, 0x34db, 0x34db, 0x34db, 0x34db, 0x34db, 0x34db, 0x34db, 0x34db, 0x34db,
0x34db, 0x34db, 0x34db, 0x34db, 0x553b, 0xffff, 0xffff, 0xffff, 0xffff, 0xffff, 0xffff, 0xffff, 0xffff, 0xffff, 0xffff, 0xffff,
0xffff, 0xffff, 0xffff, 0xffff, 0xffff, 0xffff, 0xffff, 0xffff, 0xffff, 0xffff, 0xffff, 0xffff, 0xffff, 0xffff, 0xffff, 0xffff,
0xffff, 0xffff, 0xffff, 0xffff, 0xffff, 
/* -49- */
0xffff, 0x3cdb, 0x34db, 0x34db, 0x34db, 0x34db, 0x34db, 0x34db, 0x34db, 0x34db, 0x34db, 0x34db, 0x34db, 0x34db, 0x34db, 0x34db,
0x34db, 0x34db, 0x34db, 0x34db, 0x553b, 0xffff, 0xffff, 0xffff, 0xffff, 0xffff, 0xffff, 0xffff, 0xffff, 0xffff, 0xffff, 0xffff,
0xffff, 0xffff, 0xffff, 0xffff, 0xffff, 0xffff, 0xffff, 0xffff, 0xffff, 0xffff, 0xffff, 0xffff, 0xffff, 0xffff, 0xffff, 0xffff,
0xffff, 0xffff, 0xffff, 0xffff, 0xffff, 
/* -50- */
0xffff, 0x34db, 0x34db, 0x34db, 0x34db, 0x34db, 0x34db, 0x34db, 0x34db, 0x34db, 0x34db, 0x34db, 0x34db, 0x34db, 0x34db, 0x34db,
0x34db, 0x34db, 0x34db, 0x34db, 0x5d5b, 0xffff, 0xffff, 0xffff, 0xffff, 0xffff, 0xffff, 0xffff, 0xffff, 0xffff, 0xffff, 0xffff,
0xffff, 0xffff, 0xffff, 0xffff, 0xffff, 0xffff, 0xffff, 0xffff, 0xffff, 0xffff, 0xffff, 0xffff, 0xffff, 0xffff, 0xffff, 0xffff,
0xffff, 0xffff, 0xffff, 0xffff, 0xffff, 
/* -51- */
0xffff, 0x34db, 0x34db, 0x34db, 0x34db, 0x34db, 0x34db, 0x34db, 0x34db, 0x34db, 0x34db, 0x34db, 0x34db, 0x34db, 0x34db, 0x34db,
0x34db, 0x34db, 0x34db, 0x34db, 0x5d5b, 0xffff, 0xffff, 0xffff, 0xffff, 0xffff, 0xffff, 0xffff, 0xffff, 0xffff, 0xffff, 0xffff,
0xffff, 0xffff, 0xffff, 0xffff, 0xffff, 0xffff, 0xffff, 0xffff, 0xffff, 0xffff, 0xffff, 0xffff, 0xffff, 0xffff, 0xffff, 0xffff,
0xffff, 0xffff, 0xffff, 0xffff, 0xffff, 
/* -52- */
0xffff, 0xffff, 0xffff, 0xffff, 0xffff, 0xffff, 0xffff, 0xffff, 0xffff, 0xffff, 0xffff, 0xffff, 0xffff, 0xffff, 0xffff, 0xffff,
0xffff, 0xffff, 0xffff, 0xffff, 0xffff, 0xffff, 0xffff, 0xffff, 0xffff, 0xffff, 0xffff, 0xffff, 0xffff, 0xffff, 0xffff, 0xffff,
0xffff, 0xffff, 0xffff, 0xffff, 0xffff, 0xffff, 0xffff, 0xffff, 0xffff, 0xffff, 0xffff, 0xffff, 0xffff, 0xffff, 0xffff, 0xffff,
0xffff, 0xffff, 0xffff, 0xffff, 0xffff, 
};

ARM_SECTION("arm2d.asset.c_bmp_arc_quarter_png_CCCA8888")
const uint32_t c_bmp_arc_quarter_png_CCCA8888[53*53] = {
/* -0- */
0x00ffffff, 0x00ffffff, 0x00ffffff, 0x00ffffff, 0x00ffffff, 0x00ffffff, 0x00ffffff, 0x00ffffff, 0x00ffffff, 0x00ffffff, 0x00ffffff, 0x00ffffff, 0x00ffffff, 0x00ffffff, 0x00ffffff, 0x00ffffff,
0x00ffffff, 0x00ffffff, 0x00ffffff, 0x00ffffff, 0x00ffffff, 0x00ffffff, 0x00ffffff, 0x00ffffff, 0x00ffffff, 0x00ffffff, 0x00ffffff, 0x00ffffff, 0x00ffffff, 0x00ffffff, 0x00ffffff, 0x00ffffff,
0x00ffffff, 0x00ffffff, 0x00ffffff, 0x00ffffff, 0x00ffffff, 0x00ffffff, 0x00ffffff, 0x00ffffff, 0x00ffffff, 0x00ffffff, 0x00ffffff, 0x00ffffff, 0x00ffffff, 0x00ffffff, 0x00ffffff, 0x00ffffff,
0x00ffffff, 0x00ffffff, 0x00ffffff, 0x00ffffff, 0x00ffffff, 
/* -1- */
0x00ffffff, 0x00ffffff, 0x00ffffff, 0x00ffffff, 0x00ffffff, 0x00ffffff, 0x00ffffff, 0x00ffffff, 0x00ffffff, 0x00ffffff, 0x00ffffff, 0x00ffffff, 0x00ffffff, 0x00ffffff, 0x00ffffff, 0x00ffffff,
0x00ffffff, 0x00ffffff, 0x00ffffff, 0x00ffffff, 0x00ffffff, 0x00ffffff, 0x00ffffff, 0x00ffffff, 0x00ffffff, 0x00ffffff, 0x00ffffff, 0x00ffffff, 0x00ffffff, 0x00ffffff, 0x00ffffff, 0x00ffffff,
0x00ffffff, 0x00ffffff, 0x00ffffff, 0x00ffffff, 0x00ffffff, 0x00ffffff, 0x00ffffff, 0x00ffffff, 0x00ffffff, 0x00ffffff, 0xffccdfec, 0xffacd0e8, 0xff91c4e6, 0xff78b8e3, 0xff63aee0, 0xff53a7df,
0xff46a1de, 0xff3b9bdc, 0xff3699db, 0xff3498db, 0x00ffffff, 
/* -2- */
0x00ffffff, 0x00ffffff, 0x00ffffff, 0x00ffffff, 0x00ffffff, 0x00ffffff, 0x00ffffff, 0x00ffffff, 0x00ffffff, 0x00ffffff, 0x00ffffff, 0x00ffffff, 0x00ffffff, 0x00ffffff, 0x00ffffff, 0x00ffffff,
0x00ffffff, 0x00ffffff, 0x00ffffff, 0x00ffffff, 0x00ffffff, 0x00ffffff, 0x00ffffff, 0x00ffffff, 0x00ffffff, 0x00ffffff, 0x00ffffff, 0x00ffffff, 0x00ffffff, 0x00ffffff, 0x00ffffff, 0x00ffffff,
0x00ffffff, 0x00ffffff, 0x00ffffff, 0x00ffffff, 0x00ffffff, 0x00ffffff, 0xffb8d5ea, 0xff89c0e5, 0xff5fade0, 0xff3f9ddb, 0xff3498db, 0xff3498db, 0xff3498db, 0xff3498db, 0xff3498db, 0xff3498db,
0xff3498db, 0xff3498db, 0xff3498db, 0xff3498db, 0x00ffffff, 
/* -3- */
0x00ffffff, 0x00ffffff, 0x00ffffff, 0x00ffffff, 0x00ffffff, 0x00ffffff, 0x00ffffff, 0x00ffffff, 0x00ffffff, 0x00ffffff, 0x00ffffff, 0x00ffffff, 0x00ffffff, 0x00ffffff, 0x00ffffff, 0x00ffffff,
0x00ffffff, 0x00ffffff, 0x00ffffff, 0x00ffffff, 0x00ffffff, 0x00ffffff, 0x00ffffff, 0x00ffffff, 0x00ffffff, 0x00ffffff, 0x00ffffff, 0x00ffffff, 0x00ffffff, 0x00ffffff, 0x00ffffff, 0x00ffffff,
0x00ffffff, 0x00ffffff, 0x00ffffff, 0xffa7cee8, 0xff6cb2e1, 0xff439fdd, 0xff3498db, 0xff3498db, 0xff3498db, 0xff3498db, 0xff3498db, 0xff3498db, 0xff3498db, 0xff3498db, 0xff3498db, 0xff3498db,
0xff3498db, 0xff3498db, 0xff3498db, 0xff3498db, 0x00ffffff, 
/* -4- */
0x00ffffff, 0x00ffffff, 0x00ffffff, 0x00ffffff, 0x00ffffff, 0x00ffffff, 0x00ffffff, 0x00ffffff, 0x00ffffff, 0x00ffffff, 0x00ffffff, 0x00ffffff, 0x00ffffff, 0x00ffffff, 0x00ffffff, 0x00ffffff,
0x00ffffff, 0x00ffffff, 0x00ffffff, 0x00ffffff, 0x00ffffff, 0x00ffffff, 0x00ffffff, 0x00ffffff, 0x00ffffff, 0x00ffffff, 0x00ffffff, 0x00ffffff, 0x00ffffff, 0x00ffffff, 0x00ffffff, 0x00ffffff,
0xffb8d5e9, 0xff76b8e3, 0xff43a0de, 0xff3498db, 0xff3498db, 0xff3498db, 0xff3498db, 0xff3498db, 0xff3498db, 0xff3498db, 0xff3498db, 0xff3498db, 0xff3498db, 0xff3498db, 0xff3498db, 0xff3498db,
0xff3498db, 0xff3498db, 0xff3498db, 0xff3498db, 0x00ffffff, 
/* -5- */
0x00ffffff, 0x00ffffff, 0x00ffffff, 0x00ffffff, 0x00ffffff, 0x00ffffff, 0x00ffffff, 0x00ffffff, 0x00ffffff, 0x00ffffff, 0x00ffffff, 0x00ffffff, 0x00ffffff, 0x00ffffff, 0x00ffffff, 0x00ffffff,
0x00ffffff, 0x00ffffff, 0x00ffffff, 0x00ffffff, 0x00ffffff, 0x00ffffff, 0x00ffffff, 0x00ffffff, 0x00ffffff, 0x00ffffff, 0x00ffffff, 0x00ffffff, 0x00ffffff, 0x00ffffff, 0xffa1cbe6, 0xff5cabe0,
0xff3498db, 0xff3498db, 0xff3498db, 0xff3498db, 0xff3498db, 0xff3498db, 0xff3498db, 0xff3498db, 0xff3498db, 0xff3498db, 0xff3498db, 0xff3498db, 0xff3498db, 0xff3498db, 0xff3498db, 0xff3498db,
0xff3498db, 0xff3498db, 0xff3498db, 0xff3498db, 0x00ffffff, 
/* -6- */
0x00ffffff, 0x00ffffff, 0x00ffffff, 0x00ffffff, 0x00ffffff, 0x00ffffff, 0x00ffffff, 0x00ffffff, 0x00ffffff, 0x00ffffff, 0x00ffffff, 0x00ffffff, 0x00ffffff, 0x00ffffff, 0x00ffffff, 0x00ffffff,
0x00ffffff, 0x00ffffff, 0x00ffffff, 0x00ffffff, 0x00ffffff, 0x00ffffff, 0x00ffffff, 0x00ffffff, 0x00ffffff, 0x00ffffff, 0x00ffffff, 0x00ffffff, 0xff9dc9e7, 0xff55a7de, 0xff3498db, 0xff3498db,
0xff3498db, 0xff3498db, 0xff3498db, 0xff3498db, 0xff3498db, 0xff3498db, 0xff3498db, 0xff3498db, 0xff3498db, 0xff3498db, 0xff3498db, 0xff3498db, 0xff3498db, 0xff3498db, 0xff3498db, 0xff3498db,
0xff3498db, 0xff3498db, 0xff3498db, 0xff3498db, 0x00ffffff, 
/* -7- */
0x00ffffff, 0x00ffffff, 0x00ffffff, 0x00ffffff, 0x00ffffff, 0x00ffffff, 0x00ffffff, 0x00ffffff, 0x00ffffff, 0x00ffffff, 0x00ffffff, 0x00ffffff, 0x00ffffff, 0x00ffffff, 0x00ffffff, 0x00ffffff,
0x00ffffff, 0x00ffffff, 0x00ffffff, 0x00ffffff, 0x00ffffff, 0x00ffffff, 0x00ffffff, 0x00ffffff, 0x00ffffff, 0x00ffffff, 0xffa9cfe9, 0xff5aaae0, 0xff3498db, 0xff3498db, 0xff3498db, 0xff3498db,
0xff3498db, 0xff3498db, 0xff3498db, 0xff3498db, 0xff3498db, 0xff3498db, 0xff3498db, 0xff3498db, 0xff3498db, 0xff3498db, 0xff3498db, 0xff3498db, 0xff3498db, 0xff3498db, 0xff3498db, 0xff3498db,
0xff3498db, 0xff3498db, 0xff3498db, 0xff3498db, 0x00ffffff, 
/* -8- */
0x00ffffff, 0x00ffffff, 0x00ffffff, 0x00ffffff, 0x00ffffff, 0x00ffffff, 0x00ffffff, 0x00ffffff, 0x00ffffff, 0x00ffffff, 0x00ffffff, 0x00ffffff, 0x00ffffff, 0x00ffffff, 0x00ffffff, 0x00ffffff,
0x00ffffff, 0x00ffffff, 0x00ffffff, 0x00ffffff, 0x00ffffff, 0x00ffffff, 0x00ffffff, 0x00ffffff, 0xffc7ddea, 0xff6cb2e0, 0xff3498db, 0xff3498db, 0xff3498db, 0xff3498db, 0xff3498db, 0xff3498db,
0xff3498db, 0xff3498db, 0xff3498db, 0xff3498db, 0xff3498db, 0xff3498db, 0xff3498db, 0xff3498db, 0xff3498db, 0xff3498db, 0xff3498db, 0xff3498db, 0xff3498db, 0xff3498db, 0xff3498db, 0xff3498db,
0xff3498db, 0xff3498db, 0xff3498db, 0xff3498db, 0x00ffffff, 
/* -9- */
0x00ffffff, 0x00ffffff, 0x00ffffff, 0x00ffffff, 0x00ffffff, 0x00ffffff, 0x00ffffff, 0x00ffffff, 0x00ffffff, 0x00ffffff, 0x00ffffff, 0x00ffffff, 0x00ffffff, 0x00ffffff, 0x00ffffff, 0x00ffffff,
0x00ffffff, 0x00ffffff, 0x00ffffff, 0x00ffffff, 0x00ffffff, 0x00ffffff, 0x00ffffff, 0xff91c3e5, 0xff44a0dd, 0xff3498db, 0xff3498db, 0xff3498db, 0xff3498db, 0xff3498db, 0xff3498db, 0xff3498db,
0xff3498db, 0xff3498db, 0xff3498db, 0xff3498db, 0xff3498db, 0xff3498db, 0xff3498db, 0xff3498db, 0xff3498db, 0xff3498db, 0xff3498db, 0xff3498db, 0xff3498db, 0xff3498db, 0xff3498db, 0xff3498db,
0xff3498db, 0xff3498db, 0xff3498db, 0xff3498db, 0x00ffffff, 
/* -10- */
0x00ffffff, 0x00ffffff, 0x00ffffff, 0x00ffffff, 0x00ffffff, 0x00ffffff, 0x00ffffff, 0x00ffffff, 0x00ffffff, 0x00ffffff, 0x00ffffff, 0x00ffffff, 0x00ffffff, 0x00ffffff, 0x00ffffff, 0x00ffffff,
0x00ffffff, 0x00ffffff, 0x00ffffff, 0x00ffffff, 0x00ffffff, 0xffcde0ec, 0xff6cb2e1, 0xff3498db, 0xff3498db, 0xff3498db, 0xff3498db, 0xff3498db, 0xff3498db, 0xff3498db, 0xff3498db, 0xff3498db,
0xff3498db, 0xff3498db, 0xff3498db, 0xff3498db, 0xff3498db, 0xff3498db, 0xff3498db, 0xff3498db, 0xff3498db, 0xff3498db, 0xff3498db, 0xff3498db, 0xff3498db, 0xff3498db, 0xff3498db, 0xff3498db,
0xff3498db, 0xff3498db, 0xff3498db, 0xff3498db, 0x00ffffff, 
/* -11- */
0x00ffffff, 0x00ffffff, 0x00ffffff, 0x00ffffff, 0x00ffffff, 0x00ffffff, 0x00ffffff, 0x00ffffff, 0x00ffffff, 0x00ffffff, 0x00ffffff, 0x00ffffff, 0x00ffffff, 0x00ffffff, 0x00ffffff, 0x00ffffff,
0x00ffffff, 0x00ffffff, 0x00ffffff, 0x00ffffff, 0xffa9cfe8, 0xff4fa5de, 0xff3498db, 0xff3498db, 0xff3498db, 0xff3498db, 0xff3498db, 0xff3498db, 0xff3498db, 0xff3498db, 0xff3498db, 0xff3498db,
0xff3498db, 0xff3498db, 0xff3498db, 0xff3498db, 0xff3498db, 0xff3498db, 0xff3498db, 0xff3498db, 0xff3498db, 0xff3498db, 0xff3498db, 0xff3498db, 0xff3498db, 0xff3498db, 0xff3498db, 0xff3498db,
0xff3498db, 0xff3498db, 0xff3498db, 0xff3498db, 0x00ffffff, 
/* -12- */
0x00ffffff, 0x00ffffff, 0x00ffffff, 0x00ffffff, 0x00ffffff, 0x00ffffff, 0x00ffffff, 0x00ffffff, 0x00ffffff, 0x00ffffff, 0x00ffffff, 0x00ffffff, 0x00ffffff, 0x00ffffff, 0x00ffffff, 0x00ffffff,
0x00ffffff, 0x00ffffff, 0x00ffffff, 0xff8ec2e5, 0xff3799dc, 0xff3498db, 0xff3498db, 0xff3498db, 0xff3498db, 0xff3498db, 0xff3498db, 0xff3498db, 0xff3498db, 0xff3498db, 0xff3498db, 0xff3498db,
0xff3498db, 0xff3498db, 0xff3498db, 0xff3498db, 0xff3498db, 0xff3498db, 0xff3498db, 0xff3498db, 0xff3498db, 0xff3498db, 0xff3498db, 0xff3498db, 0xff3498db, 0xff3498db, 0xff3498db, 0xff3498db,
0xff3498db, 0xff3498db, 0xff3498db, 0xff3498db, 0x00ffffff, 
/* -13- */
0x00ffffff, 0x00ffffff, 0x00ffffff, 0x00ffffff, 0x00ffffff, 0x00ffffff, 0x00ffffff, 0x00ffffff, 0x00ffffff, 0x00ffffff, 0x00ffffff, 0x00ffffff, 0x00ffffff, 0x00ffffff, 0x00ffffff, 0x00ffffff,
0x00ffffff, 0x00ffffff, 0xff7cbae3, 0xff3498db, 0xff3498db, 0xff3498db, 0xff3498db, 0xff3498db, 0xff3498db, 0xff3498db, 0xff3498db, 0xff3498db, 0xff3498db, 0xff3498db, 0xff3498db, 0xff3498db,
0xff3498db, 0xff3498db, 0xff3498db, 0xff3498db, 0xff3498db, 0xff3498db, 0xff3498db, 0xff3498db, 0xff3498db, 0xff3498db, 0xff3498db, 0xff3498db, 0xff3498db, 0xff3498db, 0xff3498db, 0xff3498db,
0xff3498db, 0xff3498db, 0xff3498db, 0xff3498db, 0x00ffffff, 
/* -14- */
0x00ffffff, 0x00ffffff, 0x00ffffff, 0x00ffffff, 0x00ffffff, 0x00ffffff, 0x00ffffff, 0x00ffffff, 0x00ffffff, 0x00ffffff, 0x00ffffff, 0x00ffffff, 0x00ffffff, 0x00ffffff, 0x00ffffff, 0x00ffffff,
0x00ffffff, 0xff72b5e2, 0xff3498db, 0xff3498db, 0xff3498db, 0xff3498db, 0xff3498db, 0xff3498db, 0xff3498db, 0xff3498db, 0xff3498db, 0xff3498db, 0xff3498db, 0xff3498db, 0xff3498db, 0xff3498db,
0xff3498db, 0xff3498db, 0xff3498db, 0xff3498db, 0xff3498db, 0xff3498db, 0xff3498db, 0xff3498db, 0xff3498db, 0xff3498db, 0xff3498db, 0xff3498db, 0xff3498db, 0xff3498db, 0xff3498db, 0xff3498db,
0xff3498db, 0xff3498db, 0xff3498db, 0xff3498db, 0x00ffffff, 
/* -15- */
0x00ffffff, 0x00ffffff, 0x00ffffff, 0x00ffffff, 0x00ffffff, 0x00ffffff, 0x00ffffff, 0x00ffffff, 0x00ffffff, 0x00ffffff, 0x00ffffff, 0x00ffffff, 0x00ffffff, 0x00ffffff, 0x00ffffff, 0x00ffffff,
0xff6bb2e0, 0xff3498db, 0xff3498db, 0xff3498db, 0xff3498db, 0xff3498db, 0xff3498db, 0xff3498db, 0xff3498db, 0xff3498db, 0xff3498db, 0xff3498db, 0xff3498db, 0xff3498db, 0xff3498db, 0xff3498db,
0xff3498db, 0xff3498db, 0xff3498db, 0xff3498db, 0xff3498db, 0xff3498db, 0xff3498db, 0xff3498db, 0xff3498db, 0xff3498db, 0xff3498db, 0xff3498db, 0xff3498db, 0xff3498db, 0xff3498db, 0xff3498db,
0xff3498db, 0xff3498db, 0xff3498db, 0xff3498db, 0x00ffffff, 
/* -16- */
0x00ffffff, 0x00ffffff, 0x00ffffff, 0x00ffffff, 0x00ffffff, 0x00ffffff, 0x00ffffff, 0x00ffffff, 0x00ffffff, 0x00ffffff, 0x00ffffff, 0x00ffffff, 0x00ffffff, 0x00ffffff, 0x00ffffff, 0xff6bb2e0,
0xff3498db, 0xff3498db, 0xff3498db, 0xff3498db, 0xff3498db, 0xff3498db, 0xff3498db, 0xff3498db, 0xff3498db, 0xff3498db, 0xff3498db, 0xff3498db, 0xff3498db, 0xff3498db, 0xff3498db, 0xff3498db,
0xff3498db, 0xff3498db, 0xff3498db, 0xff3498db, 0xff3498db, 0xff3498db, 0xff3498db, 0xff3498db, 0xff3498db, 0xff3498db, 0xff3498db, 0xff3498db, 0xff3498db, 0xff3498db, 0xff3498db, 0xff3498db,
0xff3498db, 0xff3498db, 0xff3498db, 0xff3498db, 0x00ffffff, 
/* -17- */
0x00ffffff, 0x00ffffff, 0x00ffffff, 0x00ffffff, 0x00ffffff, 0x00ffffff, 0x00ffffff, 0x00ffffff, 0x00ffffff, 0x00ffffff, 0x00ffffff, 0x00ffffff, 0x00ffffff, 0x00ffffff, 0xff72b5e2, 0xff3498db,
0xff3498db, 0xff3498db, 0xff3498db, 0xff3498db, 0xff3498db, 0xff3498db, 0xff3498db, 0xff3498db, 0xff3498db, 0xff3498db, 0xff3498db, 0xff3498db, 0xff3498db, 0xff3498db, 0xff3498db, 0xff3498db,
0xff3498db, 0xff3498db, 0xff3498db, 0xff3498db, 0xff3498db, 0xff3498db, 0xff3498db, 0xff3498db, 0xff3498db, 0xff3498db, 0xff3498db, 0xff3498db, 0xff3498db, 0xff3498db, 0xff3498db, 0xff3498db,
0xff3498db, 0xff3498db, 0xff3498db, 0xff3498db, 0x00ffffff, 
/* -18- */
0x00ffffff, 0x00ffffff, 0x00ffffff, 0x00ffffff, 0x00ffffff, 0x00ffffff, 0x00ffffff, 0x00ffffff, 0x00ffffff, 0x00ffffff, 0x00ffffff, 0x00ffffff, 0x00ffffff, 0xff7cbae3, 0xff3498db, 0xff3498db,
0xff3498db, 0xff3498db, 0xff3498db, 0xff3498db, 0xff3498db, 0xff3498db, 0xff3498db, 0xff3498db, 0xff3498db, 0xff3498db, 0xff3498db, 0xff3498db, 0xff3498db, 0xff3498db, 0xff3498db, 0xff3498db,
0xff3498db, 0xff3498db, 0xff3498db, 0xff3498db, 0xff3498db, 0xff3498db, 0xff3498db, 0xff3498db, 0xff3498db, 0xff3498db, 0xff3498db, 0xff3498db, 0xff3498db, 0xff3498db, 0xff3498db, 0xff3498db,
0xff3498db, 0xff3498db, 0xff3498db, 0xff3498db, 0x00ffffff, 
/* -19- */
0x00ffffff, 0x00ffffff, 0x00ffffff, 0x00ffffff, 0x00ffffff, 0x00ffffff, 0x00ffffff, 0x00ffffff, 0x00ffffff, 0x00ffffff, 0x00ffffff, 0x00ffffff, 0xff8ec2e5, 0xff3498db, 0xff3498db, 0xff3498db,
0xff3498db, 0xff3498db, 0xff3498db, 0xff3498db, 0xff3498db, 0xff3498db, 0xff3498db, 0xff3498db, 0xff3498db, 0xff3498db, 0xff3498db, 0xff3498db, 0xff3498db, 0xff3498db, 0xff3498db, 0xff3498db,
0xff3498db, 0xff3498db, 0xff3498db, 0xff3498db, 0xff3498db, 0xff3498db, 0xff3498db, 0xff3498db, 0xff3498db, 0xff3498db, 0xff3498db, 0xff3498db, 0xff3498db, 0xff3498db, 0xff3498db, 0xff3498db,
0xff3498db, 0xff3498db, 0xff3498db, 0xff3498db, 0x00ffffff, 
/* -20- */
0x00ffffff, 0x00ffffff, 0x00ffffff, 0x00ffffff, 0x00ffffff, 0x00ffffff, 0x00ffffff, 0x00ffffff, 0x00ffffff, 0x00ffffff, 0x00ffffff, 0xffa9cfe8, 0xff3799db, 0xff3498db, 0xff3498db, 0xff3498db,
0xff3498db, 0xff3498db, 0xff3498db, 0xff3498db, 0xff3498db, 0xff3498db, 0xff3498db, 0xff3498db, 0xff3498db, 0xff3498db, 0xff3498db, 0xff3498db, 0xff3498db, 0xff3498db, 0xff3498db, 0xff3498db,
0xff3498db, 0xff3498db, 0xff3498db, 0xff3498db, 0xff3498db, 0xff3498db, 0xff3498db, 0xff3498db, 0xff3498db, 0xff3498db, 0xff3498db, 0xff3598db, 0xff3b9bdc, 0xff439fdd, 0xff49a2dd, 0xff4ea4de,
0xff53a7df, 0xff55a7de, 0xff57a8de, 0xff58a8df, 0x00ffffff, 
/* -21- */
0x00ffffff, 0x00ffffff, 0x00ffffff, 0x00ffffff, 0x00ffffff, 0x00ffffff, 0x00ffffff, 0x00ffffff, 0x00ffffff, 0x00ffffff, 0xffcde0ec, 0xff4fa5de, 0xff3498db, 0xff3498db, 0xff3498db, 0xff3498db,
0xff3498db, 0xff3498db, 0xff3498db, 0xff3498db, 0xff3498db, 0xff3498db, 0xff3498db, 0xff3498db, 0xff3498db, 0xff3498db, 0xff3498db, 0xff3498db, 0xff3498db, 0xff3498db, 0xff3498db, 0xff3498db,
0xff3498db, 0xff3498db, 0xff3498db, 0xff3498db, 0xff3498db, 0xff3498db, 0xff3498db, 0xff3498db, 0xff3799db, 0xff409edc, 0xff4ca3de, 0xff5cabe0, 0xff77b8e3, 0xff97c6e6, 0xffb2d3ea, 0xffc7ddec,
0x00ffffff, 0x00ffffff, 0x00ffffff, 0x00ffffff, 0x00ffffff, 
/* -22- */
0x00ffffff, 0x00ffffff, 0x00ffffff, 0x00ffffff, 0x00ffffff, 0x00ffffff, 0x00ffffff, 0x00ffffff, 0x00ffffff, 0x00ffffff, 0xff6cb3e2, 0xff3498db, 0xff3498db, 0xff3498db, 0xff3498db, 0xff3498db,
0xff3498db, 0xff3498db, 0xff3498db, 0xff3498db, 0xff3498db, 0xff3498db, 0xff3498db, 0xff3498db, 0xff3498db, 0xff3498db, 0xff3498db, 0xff3498db, 0xff3498db, 0xff3498db, 0xff3498db, 0xff3498db,
0xff3498db, 0xff3498db, 0xff3498db, 0xff3498db, 0xff3498db, 0xff3498db, 0xff3a9bdc, 0xff4aa2de, 0xff61acdf, 0xff8bc1e5, 0xffb9d6ea, 0x00ffffff, 0x00ffffff, 0x00ffffff, 0x00ffffff, 0x00ffffff,
0x00ffffff, 0x00ffffff, 0x00ffffff, 0x00ffffff, 0x00ffffff, 
/* -23- */
0x00ffffff, 0x00ffffff, 0x00ffffff, 0x00ffffff, 0x00ffffff, 0x00ffffff, 0x00ffffff, 0x00ffffff, 0x00ffffff, 0xff91c3e5, 0xff3498db, 0xff3498db, 0xff3498db, 0xff3498db, 0xff3498db, 0xff3498db,
0xff3498db, 0xff3498db, 0xff3498db, 0xff3498db, 0xff3498db, 0xff3498db, 0xff3498db, 0xff3498db, 0xff3498db, 0xff3498db, 0xff3498db, 0xff3498db, 0xff3498db, 0xff3498db, 0xff3498db, 0xff3498db,
0xff3498db, 0xff3498db, 0xff3498db, 0xff3498db, 0xff3a9bdb, 0xff4ca3dd, 0xff6fb4e2, 0xffaacfe8, 0x00ffffff, 0x00ffffff, 0x00ffffff, 0x00ffffff, 0x00ffffff, 0x00ffffff, 0x00ffffff, 0x00ffffff,
0x00ffffff, 0x00ffffff, 0x00ffffff, 0x00ffffff, 0x00ffffff, 
/* -24- */
0x00ffffff, 0x00ffffff, 0x00ffffff, 0x00ffffff, 0x00ffffff, 0x00ffffff, 0x00ffffff, 0x00ffffff, 0xffc7ddea, 0xff44a0dd, 0xff3498db, 0xff3498db, 0xff3498db, 0xff3498db, 0xff3498db, 0xff3498db,
0xff3498db, 0xff3498db, 0xff3498db, 0xff3498db, 0xff3498db, 0xff3498db, 0xff3498db, 0xff3498db, 0xff3498db, 0xff3498db, 0xff3498db, 0xff3498db, 0xff3498db, 0xff3498db, 0xff3498db, 0xff3498db,
0xff3498db, 0xff3498db, 0xff389adc, 0xff48a1dd, 0xff6fb3e2, 0xffb4d3e9, 0x00ffffff, 0x00ffffff, 0x00ffffff, 0x00ffffff, 0x00ffffff, 0x00ffffff, 0x00ffffff, 0x00ffffff, 0x00ffffff, 0x00ffffff,
0x00ffffff, 0x00ffffff, 0x00ffffff, 0x00ffffff, 0x00ffffff, 
/* -25- */
0x00ffffff, 0x00ffffff, 0x00ffffff, 0x00ffffff, 0x00ffffff, 0x00ffffff, 0x00ffffff, 0x00ffffff, 0xff6db3e1, 0xff3498db, 0xff3498db, 0xff3498db, 0xff3498db, 0xff3498db, 0xff3498db, 0xff3498db,
0xff3498db, 0xff3498db, 0xff3498db, 0xff3498db, 0xff3498db, 0xff3498db, 0xff3498db, 0xff3498db, 0xff3498db, 0xff3498db, 0xff3498db, 0xff3498db, 0xff3498db, 0xff3498db, 0xff3498db, 0xff3498db,
0xff3498db, 0xff3c9cdc, 0xff62ade0, 0xffa3cce7, 0x00ffffff, 0x00ffffff, 0x00ffffff, 0x00ffffff, 0x00ffffff, 0x00ffffff, 0x00ffffff, 0x00ffffff, 0x00ffffff, 0x00ffffff, 0x00ffffff, 0x00ffffff,
0x00ffffff, 0x00ffffff, 0x00ffffff, 0x00ffffff, 0x00ffffff, 
/* -26- */
0x00ffffff, 0x00ffffff, 0x00ffffff, 0x00ffffff, 0x00ffffff, 0x00ffffff, 0x00ffffff, 0xffa9cfe9, 0xff3498db, 0xff3498db, 0xff3498db, 0xff3498db, 0xff3498db, 0xff3498db, 0xff3498db, 0xff3498db,
0xff3498db, 0xff3498db, 0xff3498db, 0xff3498db, 0xff3498db, 0xff3498db, 0xff3498db, 0xff3498db, 0xff3498db, 0xff3498db, 0xff3498db, 0xff3498db, 0xff3498db, 0xff3498db, 0xff3498db, 0xff3799db,
0xff46a1dd, 0xff78b8e3, 0xffc7ddeb, 0x00ffffff, 0x00ffffff, 0x00ffffff, 0x00ffffff, 0x00ffffff, 0x00ffffff, 0x00ffffff, 0x00ffffff, 0x00ffffff, 0x00ffffff, 0x00ffffff, 0x00ffffff, 0x00ffffff,
0x00ffffff, 0x00ffffff, 0x00ffffff, 0x00ffffff, 0x00ffffff, 
/* -27- */
0x00ffffff, 0x00ffffff, 0x00ffffff, 0x00ffffff, 0x00ffffff, 0x00ffffff, 0x00ffffff, 0xff5aaadf, 0xff3498db, 0xff3498db, 0xff3498db, 0xff3498db, 0xff3498db, 0xff3498db, 0xff3498db, 0xff3498db,
0xff3498db, 0xff3498db, 0xff3498db, 0xff3498db, 0xff3498db, 0xff3498db, 0xff3498db, 0xff3498db, 0xff3498db, 0xff3498db, 0xff3498db, 0xff3498db, 0xff3498db, 0xff3498db, 0xff399bdc, 0xff54a7de,
0xff98c7e6, 0x00ffffff, 0x00ffffff, 0x00ffffff, 0x00ffffff, 0x00ffffff, 0x00ffffff, 0x00ffffff, 0x00ffffff, 0x00ffffff, 0x00ffffff, 0x00ffffff, 0x00ffffff, 0x00ffffff, 0x00ffffff, 0x00ffffff,
0x00ffffff, 0x00ffffff, 0x00ffffff, 0x00ffffff, 0x00ffffff, 
/* -28- */
0x00ffffff, 0x00ffffff, 0x00ffffff, 0x00ffffff, 0x00ffffff, 0x00ffffff, 0xff9dc9e7, 0xff3498db, 0xff3498db, 0xff3498db, 0xff3498db, 0xff3498db, 0xff3498db, 0xff3498db, 0xff3498db, 0xff3498db,
0xff3498db, 0xff3498db, 0xff3498db, 0xff3498db, 0xff3498db, 0xff3498db, 0xff3498db, 0xff3498db, 0xff3498db, 0xff3498db, 0xff3498db, 0xff3498db, 0xff3498db, 0xff3a9bdc, 0xff5eace0, 0xffadd0e8,
0x00ffffff, 0x00ffffff, 0x00ffffff, 0x00ffffff, 0x00ffffff, 0x00ffffff, 0x00ffffff, 0x00ffffff, 0x00ffffff, 0x00ffffff, 0x00ffffff, 0x00ffffff, 0x00ffffff, 0x00ffffff, 0x00ffffff, 0x00ffffff,
0x00ffffff, 0x00ffffff, 0x00ffffff, 0x00ffffff, 0x00ffffff, 
/* -29- */
0x00ffffff, 0x00ffffff, 0x00ffffff, 0x00ffffff, 0x00ffffff, 0x00ffffff, 0xff55a7de, 0xff3498db, 0xff3498db, 0xff3498db, 0xff3498db, 0xff3498db, 0xff3498db, 0xff3498db, 0xff3498db, 0xff3498db,
0xff3498db, 0xff3498db, 0xff3498db, 0xff3498db, 0xff3498db, 0xff3498db, 0xff3498db, 0xff3498db, 0xff3498db, 0xff3498db, 0xff3498db, 0xff3498db, 0xff3a9bdc, 0xff5face0, 0xffb5d4ea, 0x00ffffff,
0x00ffffff, 0x00ffffff, 0x00ffffff, 0x00ffffff, 0x00ffffff, 0x00ffffff, 0x00ffffff, 0x00ffffff, 0x00ffffff, 0x00ffffff, 0x00ffffff, 0x00ffffff, 0x00ffffff, 0x00ffffff, 0x00ffffff, 0x00ffffff,
0x00ffffff, 0x00ffffff, 0x00ffffff, 0x00ffffff, 0x00ffffff, 
/* -30- */
0x00ffffff, 0x00ffffff, 0x00ffffff, 0x00ffffff, 0x00ffffff, 0xffa1cbe7, 0xff3498db, 0xff3498db, 0xff3498db, 0xff3498db, 0xff3498db, 0xff3498db, 0xff3498db, 0xff3498db, 0xff3498db, 0xff3498db,
0xff3498db, 0xff3498db, 0xff3498db, 0xff3498db, 0xff3498db, 0xff3498db, 0xff3498db, 0xff3498db, 0xff3498db, 0xff3498db, 0xff3498db, 0xff399bdc, 0xff5eace0, 0xffb5d4ea, 0x00ffffff, 0x00ffffff,
0x00ffffff, 0x00ffffff, 0x00ffffff, 0x00ffffff, 0x00ffffff, 0x00ffffff, 0x00ffffff, 0x00ffffff, 0x00ffffff, 0x00ffffff, 0x00ffffff, 0x00ffffff, 0x00ffffff, 0x00ffffff, 0x00ffffff, 0x00ffffff,
0x00ffffff, 0x00ffffff, 0x00ffffff, 0x00ffffff, 0x00ffffff, 
/* -31- */
0x00ffffff, 0x00ffffff, 0x00ffffff, 0x00ffffff, 0x00ffffff, 0xff5cabe0, 0xff3498db, 0xff3498db, 0xff3498db, 0xff3498db, 0xff3498db, 0xff3498db, 0xff3498db, 0xff3498db, 0xff3498db, 0xff3498db,
0xff3498db, 0xff3498db, 0xff3498db, 0xff3498db, 0xff3498db, 0xff3498db, 0xff3498db, 0xff3498db, 0xff3498db, 0xff3498db, 0xff3799db, 0xff54a7de, 0xffadd0e8, 0x00ffffff, 0x00ffffff, 0x00ffffff,
0x00ffffff, 0x00ffffff, 0x00ffffff, 0x00ffffff, 0x00ffffff, 0x00ffffff, 0x00ffffff, 0x00ffffff, 0x00ffffff, 0x00ffffff, 0x00ffffff, 0x00ffffff, 0x00ffffff, 0x00ffffff, 0x00ffffff, 0x00ffffff,
0x00ffffff, 0x00ffffff, 0x00ffffff, 0x00ffffff, 0x00ffffff, 
/* -32- */
0x00ffffff, 0x00ffffff, 0x00ffffff, 0x00ffffff, 0xffb8d5e9, 0xff3498db, 0xff3498db, 0xff3498db, 0xff3498db, 0xff3498db, 0xff3498db, 0xff3498db, 0xff3498db, 0xff3498db, 0xff3498db, 0xff3498db,
0xff3498db, 0xff3498db, 0xff3498db, 0xff3498db, 0xff3498db, 0xff3498db, 0xff3498db, 0xff3498db, 0xff3498db, 0xff3498db, 0xff46a1dd, 0xff98c7e6, 0x00ffffff, 0x00ffffff, 0x00ffffff, 0x00ffffff,
0x00ffffff, 0x00ffffff, 0x00ffffff, 0x00ffffff, 0x00ffffff, 0x00ffffff, 0x00ffffff, 0x00ffffff, 0x00ffffff, 0x00ffffff, 0x00ffffff, 0x00ffffff, 0x00ffffff, 0x00ffffff, 0x00ffffff, 0x00ffffff,
0x00ffffff, 0x00ffffff, 0x00ffffff, 0x00ffffff, 0x00ffffff, 
/* -33- */
0x00ffffff, 0x00ffffff, 0x00ffffff, 0x00ffffff, 0xff75b7e2, 0xff3498db, 0xff3498db, 0xff3498db, 0xff3498db, 0xff3498db, 0xff3498db, 0xff3498db, 0xff3498db, 0xff3498db, 0xff3498db, 0xff3498db,
0xff3498db, 0xff3498db, 0xff3498db, 0xff3498db, 0xff3498db, 0xff3498db, 0xff3498db, 0xff3498db, 0xff3498db, 0xff3c9cdc, 0xff77b7e3, 0x00ffffff, 0x00ffffff, 0x00ffffff, 0x00ffffff, 0x00ffffff,
0x00ffffff, 0x00ffffff, 0x00ffffff, 0x00ffffff, 0x00ffffff, 0x00ffffff, 0x00ffffff, 0x00ffffff, 0x00ffffff, 0x00ffffff, 0x00ffffff, 0x00ffffff, 0x00ffffff, 0x00ffffff, 0x00ffffff, 0x00ffffff,
0x00ffffff, 0x00ffffff, 0x00ffffff, 0x00ffffff, 0x00ffffff, 
/* -34- */
0x00ffffff, 0x00ffffff, 0x00ffffff, 0x00ffffff, 0xff43a0de, 0xff3498db, 0xff3498db, 0xff3498db, 0xff3498db, 0xff3498db, 0xff3498db, 0xff3498db, 0xff3498db, 0xff3498db, 0xff3498db, 0xff3498db,
0xff3498db, 0xff3498db, 0xff3498db, 0xff3498db, 0xff3498db, 0xff3498db, 0xff3498db, 0xff3498db, 0xff389adc, 0xff62ade0, 0xffc7ddeb, 0x00ffffff, 0x00ffffff, 0x00ffffff, 0x00ffffff, 0x00ffffff,
0x00ffffff, 0x00ffffff, 0x00ffffff, 0x00ffffff, 0x00ffffff, 0x00ffffff, 0x00ffffff, 0x00ffffff, 0x00ffffff, 0x00ffffff, 0x00ffffff, 0x00ffffff, 0x00ffffff, 0x00ffffff, 0x00ffffff, 0x00ffffff,
0x00ffffff, 0x00ffffff, 0x00ffffff, 0x00ffffff, 0x00ffffff, 
/* -35- */
0x00ffffff, 0x00ffffff, 0x00ffffff, 0xffa7cee8, 0xff3498db, 0xff3498db, 0xff3498db, 0xff3498db, 0xff3498db, 0xff3498db, 0xff3498db, 0xff3498db, 0xff3498db, 0xff3498db, 0xff3498db, 0xff3498db,
0xff3498db, 0xff3498db, 0xff3498db, 0xff3498db, 0xff3498db, 0xff3498db, 0xff3498db, 0xff3498db, 0xff48a1dd, 0xffa3cce7, 0x00ffffff, 0x00ffffff, 0x00ffffff, 0x00ffffff, 0x00ffffff, 0x00ffffff,
0x00ffffff, 0x00ffffff, 0x00ffffff, 0x00ffffff, 0x00ffffff, 0x00ffffff, 0x00ffffff, 0x00ffffff, 0x00ffffff, 0x00ffffff, 0x00ffffff, 0x00ffffff, 0x00ffffff, 0x00ffffff, 0x00ffffff, 0x00ffffff,
0x00ffffff, 0x00ffffff, 0x00ffffff, 0x00ffffff, 0x00ffffff, 
/* -36- */
0x00ffffff, 0x00ffffff, 0x00ffffff, 0xff6cb2e1, 0xff3498db, 0xff3498db, 0xff3498db, 0xff3498db, 0xff3498db, 0xff3498db, 0xff3498db, 0xff3498db, 0xff3498db, 0xff3498db, 0xff3498db, 0xff3498db,
0xff3498db, 0xff3498db, 0xff3498db, 0xff3498db, 0xff3498db, 0xff3498db, 0xff3498db, 0xff3a9adb, 0xff6fb3e1, 0x00ffffff, 0x00ffffff, 0x00ffffff, 0x00ffffff, 0x00ffffff, 0x00ffffff, 0x00ffffff,
0x00ffffff, 0x00ffffff, 0x00ffffff, 0x00ffffff, 0x00ffffff, 0x00ffffff, 0x00ffffff, 0x00ffffff, 0x00ffffff, 0x00ffffff, 0x00ffffff, 0x00ffffff, 0x00ffffff, 0x00ffffff, 0x00ffffff, 0x00ffffff,
0x00ffffff, 0x00ffffff, 0x00ffffff, 0x00ffffff, 0x00ffffff, 
/* -37- */
0x00ffffff, 0x00ffffff, 0x00ffffff, 0xff439fdd, 0xff3498db, 0xff3498db, 0xff3498db, 0xff3498db, 0xff3498db, 0xff3498db, 0xff3498db, 0xff3498db, 0xff3498db, 0xff3498db, 0xff3498db, 0xff3498db,
0xff3498db, 0xff3498db, 0xff3498db, 0xff3498db, 0xff3498db, 0xff3498db, 0xff3498db, 0xff4ca3dd, 0xffb3d3e9, 0x00ffffff, 0x00ffffff, 0x00ffffff, 0x00ffffff, 0x00ffffff, 0x00ffffff, 0x00ffffff,
0x00ffffff, 0x00ffffff, 0x00ffffff, 0x00ffffff, 0x00ffffff, 0x00ffffff, 0x00ffffff, 0x00ffffff, 0x00ffffff, 0x00ffffff, 0x00ffffff, 0x00ffffff, 0x00ffffff, 0x00ffffff, 0x00ffffff, 0x00ffffff,
0x00ffffff, 0x00ffffff, 0x00ffffff, 0x00ffffff, 0x00ffffff, 
/* -38- */
0x00ffffff, 0x00ffffff, 0xffb8d6ea, 0xff3498db, 0xff3498db, 0xff3498db, 0xff3498db, 0xff3498db, 0xff3498db, 0xff3498db, 0xff3498db, 0xff3498db, 0xff3498db, 0xff3498db, 0xff3498db, 0xff3498db,
0xff3498db, 0xff3498db, 0xff3498db, 0xff3498db, 0xff3498db, 0xff3498db, 0xff3a9bdc, 0xff6fb4e2, 0x00ffffff, 0x00ffffff, 0x00ffffff, 0x00ffffff, 0x00ffffff, 0x00ffffff, 0x00ffffff, 0x00ffffff,
0x00ffffff, 0x00ffffff, 0x00ffffff, 0x00ffffff, 0x00ffffff, 0x00ffffff, 0x00ffffff, 0x00ffffff, 0x00ffffff, 0x00ffffff, 0x00ffffff, 0x00ffffff, 0x00ffffff, 0x00ffffff, 0x00ffffff, 0x00ffffff,
0x00ffffff, 0x00ffffff, 0x00ffffff, 0x00ffffff, 0x00ffffff, 
/* -39- */
0x00ffffff, 0x00ffffff, 0xff89c0e4, 0xff3498db, 0xff3498db, 0xff3498db, 0xff3498db, 0xff3498db, 0xff3498db, 0xff3498db, 0xff3498db, 0xff3498db, 0xff3498db, 0xff3498db, 0xff3498db, 0xff3498db,
0xff3498db, 0xff3498db, 0xff3498db, 0xff3498db, 0xff3498db, 0xff3498db, 0xff49a1dd, 0xffaacfe8, 0x00ffffff, 0x00ffffff, 0x00ffffff, 0x00ffffff, 0x00ffffff, 0x00ffffff, 0x00ffffff, 0x00ffffff,
0x00ffffff, 0x00ffffff, 0x00ffffff, 0x00ffffff, 0x00ffffff, 0x00ffffff, 0x00ffffff, 0x00ffffff, 0x00ffffff, 0x00ffffff, 0x00ffffff, 0x00ffffff, 0x00ffffff, 0x00ffffff, 0x00ffffff, 0x00ffffff,
0x00ffffff, 0x00ffffff, 0x00ffffff, 0x00ffffff, 0x00ffffff, 
/* -40- */
0x00ffffff, 0x00ffffff, 0xff5fade0, 0xff3498db, 0xff3498db, 0xff3498db, 0xff3498db, 0xff3498db, 0xff3498db, 0xff3498db, 0xff3498db, 0xff3498db, 0xff3498db, 0xff3498db, 0xff3498db, 0xff3498db,
0xff3498db, 0xff3498db, 0xff3498db, 0xff3498db, 0xff3498db, 0xff3799db, 0xff61ade0, 0x00ffffff, 0x00ffffff, 0x00ffffff, 0x00ffffff, 0x00ffffff, 0x00ffffff, 0x00ffffff, 0x00ffffff, 0x00ffffff,
0x00ffffff, 0x00ffffff, 0x00ffffff, 0x00ffffff, 0x00ffffff, 0x00ffffff, 0x00ffffff, 0x00ffffff, 0x00ffffff, 0x00ffffff, 0x00ffffff, 0x00ffffff, 0x00ffffff, 0x00ffffff, 0x00ffffff, 0x00ffffff,
0x00ffffff, 0x00ffffff, 0x00ffffff, 0x00ffffff, 0x00ffffff, 
/* -41- */
0x00ffffff, 0x00ffffff, 0xff3f9ddc, 0xff3498db, 0xff3498db, 0xff3498db, 0xff3498db, 0xff3498db, 0xff3498db, 0xff3498db, 0xff3498db, 0xff3498db, 0xff3498db, 0xff3498db, 0xff3498db, 0xff3498db,
0xff3498db, 0xff3498db, 0xff3498db, 0xff3498db, 0xff3498db, 0xff409edc, 0xff8ac0e5, 0x00ffffff, 0x00ffffff, 0x00ffffff, 0x00ffffff, 0x00ffffff, 0x00ffffff, 0x00ffffff, 0x00ffffff, 0x00ffffff,
0x00ffffff, 0x00ffffff, 0x00ffffff, 0x00ffffff, 0x00ffffff, 0x00ffffff, 0x00ffffff, 0x00ffffff, 0x00ffffff, 0x00ffffff, 0x00ffffff, 0x00ffffff, 0x00ffffff, 0x00ffffff, 0x00ffffff, 0x00ffffff,
0x00ffffff, 0x00ffffff, 0x00ffffff, 0x00ffffff, 0x00ffffff, 
/* -42- */
0x00ffffff, 0xffcce0ec, 0xff3498db, 0xff3498db, 0xff3498db, 0xff3498db, 0xff3498db, 0xff3498db, 0xff3498db, 0xff3498db, 0xff3498db, 0xff3498db, 0xff3498db, 0xff3498db, 0xff3498db, 0xff3498db,
0xff3498db, 0xff3498db, 0xff3498db, 0xff3498db, 0xff3498db, 0xff4ca3dd, 0xffb9d6ea, 0x00ffffff, 0x00ffffff, 0x00ffffff, 0x00ffffff, 0x00ffffff, 0x00ffffff, 0x00ffffff, 0x00ffffff, 0x00ffffff,
0x00ffffff, 0x00ffffff, 0x00ffffff, 0x00ffffff, 0x00ffffff, 0x00ffffff, 0x00ffffff, 0x00ffffff, 0x00ffffff, 0x00ffffff, 0x00ffffff, 0x00ffffff, 0x00ffffff, 0x00ffffff, 0x00ffffff, 0x00ffffff,
0x00ffffff, 0x00ffffff, 0x00ffffff, 0x00ffffff, 0x00ffffff, 
/* -43- */
0x00ffffff, 0xffacd0e8, 0xff3498db, 0xff3498db, 0xff3498db, 0xff3498db, 0xff3498db, 0xff3498db, 0xff3498db, 0xff3498db, 0xff3498db, 0xff3498db, 0xff3498db, 0xff3498db, 0xff3498db, 0xff3498db,
0xff3498db, 0xff3498db, 0xff3498db, 0xff3498db, 0xff3699dc, 0xff5baadf, 0x00ffffff, 0x00ffffff, 0x00ffffff, 0x00ffffff, 0x00ffffff, 0x00ffffff, 0x00ffffff, 0x00ffffff, 0x00ffffff, 0x00ffffff,
0x00ffffff, 0x00ffffff, 0x00ffffff, 0x00ffffff, 0x00ffffff, 0x00ffffff, 0x00ffffff, 0x00ffffff, 0x00ffffff, 0x00ffffff, 0x00ffffff, 0x00ffffff, 0x00ffffff, 0x00ffffff, 0x00ffffff, 0x00ffffff,
0x00ffffff, 0x00ffffff, 0x00ffffff, 0x00ffffff, 0x00ffffff, 
/* -44- */
0x00ffffff, 0xff91c4e6, 0xff3498db, 0xff3498db, 0xff3498db, 0xff3498db, 0xff3498db, 0xff3498db, 0xff3498db, 0xff3498db, 0xff3498db, 0xff3498db, 0xff3498db, 0xff3498db, 0xff3498db, 0xff3498db,
0xff3498db, 0xff3498db, 0xff3498db, 0xff3498db, 0xff3b9bdb, 0xff77b8e3, 0x00ffffff, 0x00ffffff, 0x00ffffff, 0x00ffffff, 0x00ffffff, 0x00ffffff, 0x00ffffff, 0x00ffffff, 0x00ffffff, 0x00ffffff,
0x00ffffff, 0x00ffffff, 0x00ffffff, 0x00ffffff, 0x00ffffff, 0x00ffffff, 0x00ffffff, 0x00ffffff, 0x00ffffff, 0x00ffffff, 0x00ffffff, 0x00ffffff, 0x00ffffff, 0x00ffffff, 0x00ffffff, 0x00ffffff,
0x00ffffff, 0x00ffffff, 0x00ffffff, 0x00ffffff, 0x00ffffff, 
/* -45- */
0x00ffffff, 0xff78b8e3, 0xff3498db, 0xff3498db, 0xff3498db, 0xff3498db, 0xff3498db, 0xff3498db, 0xff3498db, 0xff3498db, 0xff3498db, 0xff3498db, 0xff3498db, 0xff3498db, 0xff3498db, 0xff3498db,
0xff3498db, 0xff3498db, 0xff3498db, 0xff3498db, 0xff429fdd, 0xff96c6e6, 0x00ffffff, 0x00ffffff, 0x00ffffff, 0x00ffffff, 0x00ffffff, 0x00ffffff, 0x00ffffff, 0x00ffffff, 0x00ffffff, 0x00ffffff,
0x00ffffff, 0x00ffffff, 0x00ffffff, 0x00ffffff, 0x00ffffff, 0x00ffffff, 0x00ffffff, 0x00ffffff, 0x00ffffff, 0x00ffffff, 0x00ffffff, 0x00ffffff, 0x00ffffff, 0x00ffffff, 0x00ffffff, 0x00ffffff,
0x00ffffff, 0x00ffffff, 0x00ffffff, 0x00ffffff, 0x00ffffff, 
/* -46- */
0x00ffffff, 0xff63aee0, 0xff3498db, 0xff3498db, 0xff3498db, 0xff3498db, 0xff3498db, 0xff3498db, 0xff3498db, 0xff3498db, 0xff3498db, 0xff3498db, 0xff3498db, 0xff3498db, 0xff3498db, 0xff3498db,
0xff3498db, 0xff3498db, 0xff3498db, 0xff3498db, 0xff49a2dd, 0xffb2d3ea, 0x00ffffff, 0x00ffffff, 0x00ffffff, 0x00ffffff, 0x00ffffff, 0x00ffffff, 0x00ffffff, 0x00ffffff, 0x00ffffff, 0x00ffffff,
0x00ffffff, 0x00ffffff, 0x00ffffff, 0x00ffffff, 0x00ffffff, 0x00ffffff, 0x00ffffff, 0x00ffffff, 0x00ffffff, 0x00ffffff, 0x00ffffff, 0x00ffffff, 0x00ffffff, 0x00ffffff, 0x00ffffff, 0x00ffffff,
0x00ffffff, 0x00ffffff, 0x00ffffff, 0x00ffffff, 0x00ffffff, 
/* -47- */
0x00ffffff, 0xff53a7df, 0xff3498db, 0xff3498db, 0xff3498db, 0xff3498db, 0xff3498db, 0xff3498db, 0xff3498db, 0xff3498db, 0xff3498db, 0xff3498db, 0xff3498db, 0xff3498db, 0xff3498db, 0xff3498db,
0xff3498db, 0xff3498db, 0xff3498db, 0xff3498db, 0xff4ea4de, 0xffc7ddeb, 0x00ffffff, 0x00ffffff, 0x00ffffff, 0x00ffffff, 0x00ffffff, 0x00ffffff, 0x00ffffff, 0x00ffffff, 0x00ffffff, 0x00ffffff,
0x00ffffff, 0x00ffffff, 0x00ffffff, 0x00ffffff, 0x00ffffff, 0x00ffffff, 0x00ffffff, 0x00ffffff, 0x00ffffff, 0x00ffffff, 0x00ffffff, 0x00ffffff, 0x00ffffff, 0x00ffffff, 0x00ffffff, 0x00ffffff,
0x00ffffff, 0x00ffffff, 0x00ffffff, 0x00ffffff, 0x00ffffff, 
/* -48- */
0x00ffffff, 0xff46a1de, 0xff3498db, 0xff3498db, 0xff3498db, 0xff3498db, 0xff3498db, 0xff3498db, 0xff3498db, 0xff3498db, 0xff3498db, 0xff3498db, 0xff3498db, 0xff3498db, 0xff3498db, 0xff3498db,
0xff3498db, 0xff3498db, 0xff3498db, 0xff3498db, 0xff53a7df, 0x00ffffff, 0x00ffffff, 0x00ffffff, 0x00ffffff, 0x00ffffff, 0x00ffffff, 0x00ffffff, 0x00ffffff, 0x00ffffff, 0x00ffffff, 0x00ffffff,
0x00ffffff, 0x00ffffff, 0x00ffffff, 0x00ffffff, 0x00ffffff, 0x00ffffff, 0x00ffffff, 0x00ffffff, 0x00ffffff, 0x00ffffff, 0x00ffffff, 0x00ffffff, 0x00ffffff, 0x00ffffff, 0x00ffffff, 0x00ffffff,
0x00ffffff, 0x00ffffff, 0x00ffffff, 0x00ffffff, 0x00ffffff, 
/* -49- */
0x00ffffff, 0xff3b9bdc, 0xff3498db, 0xff3498db, 0xff3498db, 0xff3498db, 0xff3498db, 0xff3498db, 0xff3498db, 0xff3498db, 0xff3498db, 0xff3498db, 0xff3498db, 0xff3498db, 0xff3498db, 0xff3498db,
0xff3498db, 0xff3498db, 0xff3498db, 0xff3498db, 0xff55a7de, 0x00ffffff, 0x00ffffff, 0x00ffffff, 0x00ffffff, 0x00ffffff, 0x00ffffff, 0x00ffffff, 0x00ffffff, 0x00ffffff, 0x00ffffff, 0x00ffffff,
0x00ffffff, 0x00ffffff, 0x00ffffff, 0x00ffffff, 0x00ffffff, 0x00ffffff, 0x00ffffff, 0x00ffffff, 0x00ffffff, 0x00ffffff, 0x00ffffff, 0x00ffffff, 0x00ffffff, 0x00ffffff, 0x00ffffff, 0x00ffffff,
0x00ffffff, 0x00ffffff, 0x00ffffff, 0x00ffffff, 0x00ffffff, 
/* -50- */
0x00ffffff, 0xff3699db, 0xff3498db, 0xff3498db, 0xff3498db, 0xff3498db, 0xff3498db, 0xff3498db, 0xff3498db, 0xff3498db, 0xff3498db, 0xff3498db, 0xff3498db, 0xff3498db, 0xff3498db, 0xff3498db,
0xff3498db, 0xff3498db, 0xff3498db, 0xff3498db, 0xff58a9df, 0x00ffffff, 0x00ffffff, 0x00ffffff, 0x00ffffff, 0x00ffffff, 0x00ffffff, 0x00ffffff, 0x00ffffff, 0x00ffffff, 0x00ffffff, 0x00ffffff,
0x00ffffff, 0x00ffffff, 0x00ffffff, 0x00ffffff, 0x00ffffff, 0x00ffffff, 0x00ffffff, 0x00ffffff, 0x00ffffff, 0x00ffffff, 0x00ffffff, 0x00ffffff, 0x00ffffff, 0x00ffffff, 0x00ffffff, 0x00ffffff,
0x00ffffff, 0x00ffffff, 0x00ffffff, 0x00ffffff, 0x00ffffff, 
/* -51- */
0x00ffffff, 0xff3498db, 0xff3498db, 0xff3498db, 0xff3498db, 0xff3498db, 0xff3498db, 0xff3498db, 0xff3498db, 0xff3498db, 0xff3498db, 0xff3498db, 0xff3498db, 0xff3498db, 0xff3498db, 0xff3498db,
0xff3498db, 0xff3498db, 0xff3498db, 0xff3498db, 0xff58a8df, 0x00ffffff, 0x00ffffff, 0x00ffffff, 0x00ffffff, 0x00ffffff, 0x00ffffff, 0x00ffffff, 0x00ffffff, 0x00ffffff, 0x00ffffff, 0x00ffffff,
0x00ffffff, 0x00ffffff, 0x00ffffff, 0x00ffffff, 0x00ffffff, 0x00ffffff, 0x00ffffff, 0x00ffffff, 0x00ffffff, 0x00ffffff, 0x00ffffff, 0x00ffffff, 0x00ffffff, 0x00ffffff, 0x00ffffff, 0x00ffffff,
0x00ffffff, 0x00ffffff, 0x00ffffff, 0x00ffffff, 0x00ffffff, 
/* -52- */
0x00ffffff, 0x00ffffff, 0x00ffffff, 0x00ffffff, 0x00ffffff, 0x00ffffff, 0x00ffffff, 0x00ffffff, 0x00ffffff, 0x00ffffff, 0x00ffffff, 0x00ffffff, 0x00ffffff, 0x00ffffff, 0x00ffffff, 0x00ffffff,
0x00ffffff, 0x00ffffff, 0x00ffffff, 0x00ffffff, 0x00ffffff, 0x00ffffff, 0x00ffffff, 0x00ffffff, 0x00ffffff, 0x00ffffff, 0x00ffffff, 0x00ffffff, 0x00ffffff, 0x00ffffff, 0x00ffffff, 0x00ffffff,
0x00ffffff, 0x00ffffff, 0x00ffffff, 0x00ffffff, 0x00ffffff, 0x00ffffff, 0x00ffffff, 0x00ffffff, 0x00ffffff, 0x00ffffff, 0x00ffffff, 0x00ffffff, 0x00ffffff, 0x00ffffff, 0x00ffffff, 0x00ffffff,
0x00ffffff, 0x00ffffff, 0x00ffffff, 0x00ffffff, 0x00ffffff, 
};


extern const arm_2d_tile_t c_tile_arc_quarter_png_GRAY8;
ARM_SECTION("arm2d.tile.c_tile_arc_quarter_png_GRAY8")
const arm_2d_tile_t c_tile_arc_quarter_png_GRAY8 = {
    .tRegion = {
        .tSize = {
            .iWidth = 53,
            .iHeight = 53,
        },
    },
    .tInfo = {
        .bIsRoot = true,
        .bHasEnforcedColour = true,
        .tColourInfo = {
            .chScheme = ARM_2D_COLOUR_GRAY8,
        },
    },
    .pchBuffer = (uint8_t*)c_bmp_arc_quarter_png_GRAY8,
};




extern const arm_2d_tile_t c_tile_arc_quarter_png_RGB565;
ARM_SECTION("arm2d.tile.c_tile_arc_quarter_png_RGB565")
const arm_2d_tile_t c_tile_arc_quarter_png_RGB565 = {
    .tRegion = {
        .tSize = {
            .iWidth = 53,
            .iHeight = 53,
        },
    },
    .tInfo = {
        .bIsRoot = true,
        .bHasEnforcedColour = true,
        .tColourInfo = {
            .chScheme = ARM_2D_COLOUR_RGB565,
        },
    },
    .phwBuffer = (uint16_t*)c_bmp_arc_quarter_png_RGB565,
};




extern const arm_2d_tile_t c_tile_arc_quarter_png_CCCA8888;

ARM_SECTION("arm2d.tile.c_tile_arc_quarter_png_CCCA8888")
const arm_2d_tile_t c_tile_arc_quarter_png_CCCA8888 = {
    .tRegion = {
        .tSize = {
            .iWidth = 53,
            .iHeight = 53,
        },
    },
    .tInfo = {
        .bIsRoot = true,
        .bHasEnforcedColour = true,
        .tColourInfo = {
            .chScheme = ARM_2D_COLOUR_BGRA8888,
        },
    },
    .pwBuffer = (uint32_t*)c_bmp_arc_quarter_png_CCCA8888,
};





extern const arm_2d_tile_t c_tile_arc_quarter_png_Mask2;

ARM_SECTION("arm2d.tile.c_tile_arc_quarter_png_Mask2")
const arm_2d_tile_t c_tile_arc_quarter_png_Mask2 = {
    .tRegion = {
        .tSize = {
            .iWidth = 53,
            .iHeight = 53,
        },
    },
    .tInfo = {
        .bIsRoot = true,
        .bHasEnforcedColour = true,
        .tColourInfo = {
            .chScheme = ARM_2D_CHANNEL_8in32,
        },
    },
    .nAddress = ((intptr_t)c_bmp_arc_quarter_png_CCCA8888) + 3,
};




extern const arm_2d_tile_t c_tile_arc_quarter_png_Mask;

ARM_SECTION("arm2d.tile.c_tile_arc_quarter_png_Mask")
const arm_2d_tile_t c_tile_arc_quarter_png_Mask = {
    .tRegion = {
        .tSize = {
            .iWidth = 53,
            .iHeight = 53,
        },
    },
    .tInfo = {
        .bIsRoot = true,
        .bHasEnforcedColour = true,
        .tColourInfo = {
            .chScheme = ARM_2D_COLOUR_8BIT,
        },
    },
    .pchBuffer = (uint8_t *)c_bmp_arc_quarter_png_Alpha,
};




extern const arm_2d_tile_t c_tile_arc_quarter_png_A1Mask;

ARM_SECTION("arm2d.tile.c_tile_arc_quarter_png_A1Mask")
const arm_2d_tile_t c_tile_arc_quarter_png_A1Mask = {
    .tRegion = {
        .tSize = {
            .iWidth = 53,
            .iHeight = 53,
        },
    },
    .tInfo = {
        .bIsRoot = true,
        .bHasEnforcedColour = true,
        .tColourInfo = {
            .chScheme = ARM_2D_COLOUR_MASK_A1,
        },
    },
    .pchBuffer = (uint8_t *)c_bmp_arc_quarter_png_A1Alpha,
};




extern const arm_2d_tile_t c_tile_arc_quarter_png_A2Mask;

ARM_SECTION("arm2d.tile.c_tile_arc_quarter_png_A2Mask")
const arm_2d_tile_t c_tile_arc_quarter_png_A2Mask = {
    .tRegion = {
        .tSize = {
            .iWidth = 53,
            .iHeight = 53,
        },
    },
    .tInfo = {
        .bIsRoot = true,
        .bHasEnforcedColour = true,
        .tColourInfo = {
            .chScheme = ARM_2D_COLOUR_MASK_A2,
        },
    },
    .pchBuffer = (uint8_t *)c_bmp_arc_quarter_png_A2Alpha,
};




extern const arm_2d_tile_t c_tile_arc_quarter_png_A4Mask;

ARM_SECTION("arm2d.tile.c_tile_arc_quarter_png_A4Mask")
const arm_2d_tile_t c_tile_arc_quarter_png_A4Mask = {
    .tRegion = {
        .tSize = {
            .iWidth = 53,
            .iHeight = 53,
        },
    },
    .tInfo = {
        .bIsRoot = true,
        .bHasEnforcedColour = true,
        .tColourInfo = {
            .chScheme = ARM_2D_COLOUR_MASK_A4,
        },
    },
    .pchBuffer = (uint8_t *)c_bmp_arc_quarter_png_A4Alpha,
};



#if defined(__clang__)
#   pragma clang diagnostic pop
#elif defined(__IS_COMPILER_ARM_COMPILER_5__)
#   pragma diag_warning=1296
#endif


